<COLLADA xmlns="http://www.collada.org/2005/11/COLLADASchema" version="1.4.1">
  <asset>
    <contributor/>
    <created>2026-02-19T22:27:09.357384</created>
    <modified>2026-02-19T22:27:09.357384</modified>
    <unit name="meter" meter="1.0"/>
    <up_axis>Z_UP</up_axis>
  </asset>
  <library_effects>
    <effect id="effect_Part__Feature001" name="effect_Part__Feature001">
      <profile_COMMON>
        <technique sid="common">
          <phong>
            <emission>
              <color>0.0 0.0 0.0 1.0</color>
            </emission>
            <ambient>
              <color>0.0 0.0 0.0 1.0</color>
            </ambient>
            <diffuse>
              <color>0.9647058844566345 0.9647058844566345 0.9529411792755127 1.0</color>
            </diffuse>
            <specular>
              <color>1 1 1 1.0</color>
            </specular>
            <shininess>
              <float>0.0</float>
            </shininess>
            <reflective>
              <color>0.0 0.0 0.0 1.0</color>
            </reflective>
            <reflectivity>
              <float>0.0</float>
            </reflectivity>
            <transparent>
              <color>0.0 0.0 0.0 1.0</color>
            </transparent>
            <transparency>
              <float>1.0</float>
            </transparency>
          </phong>
        </technique>
        <extra>
          <technique profile="GOOGLEEARTH">
            <double_sided>0</double_sided>
          </technique>
        </extra>
      </profile_COMMON>
    </effect>
    <effect id="effect_Part__Feature" name="effect_Part__Feature">
      <profile_COMMON>
        <technique sid="common">
          <phong>
            <emission>
              <color>0.0 0.0 0.0 1.0</color>
            </emission>
            <ambient>
              <color>0.0 0.0 0.0 1.0</color>
            </ambient>
            <diffuse>
              <color>0.2666666805744171 0.5882353186607361 0.28235292434692383 1.0</color>
            </diffuse>
            <specular>
              <color>1 1 1 1.0</color>
            </specular>
            <shininess>
              <float>0.0</float>
            </shininess>
            <reflective>
              <color>0.0 0.0 0.0 1.0</color>
            </reflective>
            <reflectivity>
              <float>0.0</float>
            </reflectivity>
            <transparent>
              <color>0.0 0.0 0.0 1.0</color>
            </transparent>
            <transparency>
              <float>1.0</float>
            </transparency>
          </phong>
        </technique>
        <extra>
          <technique profile="GOOGLEEARTH">
            <double_sided>0</double_sided>
          </technique>
        </extra>
      </profile_COMMON>
    </effect>
  </library_effects>
  <library_geometries>
    <geometry id="geometry0" name="Lid and Electronics Shell">
      <mesh>
        <source id="cubeverts-array0">
          <float_array count="3072" id="cubeverts-array0-array">0.003615904 0.1205 -0.02751729 0.003611409 0.1205 -0.02733705 0.003615904 0.1225 -0.02751729 0.003611409 0.1225 -0.02733705 0.003597935 0.1205 -0.02715726 0.003597935 0.1225 -0.02715726 0.003575517 0.1205 -0.02697837 0.003575517 0.1225 -0.02697837 0.003544209 0.1205 -0.02680081 0.003544209 0.1225 -0.02680081 0.00350409 0.1205 -0.02662504 0.00350409 0.1225 -0.02662504 0.003455259 0.1205 -0.02645148 0.003455259 0.1225 -0.02645148 0.003397838 0.1205 -0.02628058 0.003397838 0.1225 -0.02628058 0.003331969 0.1205 -0.02611275 0.003331969 0.1225 -0.02611275 0.003257817 0.1205 -0.02594841 0.003257817 0.1225 -0.02594841 0.003175565 0.1205 -0.02578797 0.003175565 0.1225 -0.02578797 0.003085418 0.1205 -0.02563183 0.003085418 0.1225 -0.02563183 0.0029876 0.1205 -0.02548038 0.0029876 0.1225 -0.02548038 0.002882354 0.1205 -0.02533399 0.002882354 0.1225 -0.02533399 0.002769943 0.1205 -0.02519303 0.002769943 0.1225 -0.02519303 0.002650645 0.1205 -0.02505785 0.002650645 0.1225 -0.02505785 0.002524757 0.1205 -0.02492879 0.002524757 0.1225 -0.02492879 0.002392592 0.1205 -0.02480616 0.002392592 0.1225 -0.02480616 0.002254479 0.1205 -0.02469026 0.002254479 0.1225 -0.02469026 0.002110761 0.1205 -0.0245814 0.002110761 0.1225 -0.0245814 0.001961795 0.1205 -0.02447984 0.001961795 0.1225 -0.02447984 0.001807952 0.1205 -0.02438583 0.001807952 0.1225 -0.02438583 0.001649614 0.1205 -0.0242996 0.001649614 0.1225 -0.0242996 0.001487175 0.1205 -0.02422137 0.001487175 0.1225 -0.02422137 0.001321038 0.1205 -0.02415134 0.001321038 0.1225 -0.02415134 0.001151617 0.1205 -0.02408968 0.001151617 0.1225 -0.02408968 0.000979333 0.1205 -0.02403654 0.000979333 0.1225 -0.02403654 0.0008046142 0.1205 -0.02399205 0.0008046142 0.1225 -0.02399205 0.0006278951 0.1205 -0.02395632 0.0006278951 0.1225 -0.02395632 0.0004496149 0.1205 -0.02392945 0.0004496149 0.1225 -0.02392945 0.0002702168 0.1205 -0.0239115 0.0002702168 0.1225 -0.0239115 9.014697e-05 0.1205 -0.02390251 9.014697e-05 0.1225 -0.02390251 -9.014697e-05 0.1205 -0.02390251 -9.014697e-05 0.1225 -0.02390251 -0.0002702168 0.1205 -0.0239115 -0.0002702168 0.1225 -0.0239115 -0.0004496149 0.1205 -0.02392945 -0.0004496149 0.1225 -0.02392945 -0.0006278951 0.1205 -0.02395632 -0.0006278951 0.1225 -0.02395632 -0.0008046142 0.1205 -0.02399205 -0.0008046142 0.1225 -0.02399205 -0.000979333 0.1205 -0.02403654 -0.000979333 0.1225 -0.02403654 -0.001151617 0.1205 -0.02408968 -0.001151617 0.1225 -0.02408968 -0.001321038 0.1205 -0.02415134 -0.001321038 0.1225 -0.02415134 -0.001487175 0.1205 -0.02422137 -0.001487175 0.1225 -0.02422137 -0.001649614 0.1205 -0.0242996 -0.001649614 0.1225 -0.0242996 -0.001807952 0.1205 -0.02438583 -0.001807952 0.1225 -0.02438583 -0.001961795 0.1205 -0.02447984 -0.001961795 0.1225 -0.02447984 -0.002110761 0.1205 -0.0245814 -0.002110761 0.1225 -0.0245814 -0.002254479 0.1205 -0.02469026 -0.002254479 0.1225 -0.02469026 -0.002392592 0.1205 -0.02480616 -0.002392592 0.1225 -0.02480616 -0.002524757 0.1205 -0.02492879 -0.002524757 0.1225 -0.02492879 -0.002650645 0.1205 -0.02505785 -0.002650645 0.1225 -0.02505785 -0.002769943 0.1205 -0.02519303 -0.002769943 0.1225 -0.02519303 -0.002882354 0.1205 -0.02533399 -0.002882354 0.1225 -0.02533399 -0.0029876 0.1205 -0.02548038 -0.0029876 0.1225 -0.02548038 -0.003085418 0.1205 -0.02563183 -0.003085418 0.1225 -0.02563183 -0.003175565 0.1205 -0.02578797 -0.003175565 0.1225 -0.02578797 -0.003257817 0.1205 -0.02594841 -0.003257817 0.1225 -0.02594841 -0.003331969 0.1205 -0.02611275 -0.003331969 0.1225 -0.02611275 -0.003397838 0.1205 -0.02628058 -0.003397838 0.1225 -0.02628058 -0.003455259 0.1205 -0.02645148 -0.003455259 0.1225 -0.02645148 -0.00350409 0.1205 -0.02662504 -0.00350409 0.1225 -0.02662504 -0.003544209 0.1205 -0.02680081 -0.003544209 0.1225 -0.02680081 -0.003575517 0.1205 -0.02697837 -0.003575517 0.1225 -0.02697837 -0.003597935 0.1205 -0.02715726 -0.003597935 0.1225 -0.02715726 -0.003611409 0.1205 -0.02733705 -0.003611409 0.1225 -0.02733705 -0.003615904 0.1205 -0.02751729 -0.003615904 0.1225 -0.02751729 -0.003611409 0.1205 -0.02769753 -0.003611409 0.1225 -0.02769753 -0.003597935 0.1205 -0.02787732 -0.003597935 0.1225 -0.02787732 -0.003575517 0.1205 -0.02805621 -0.003575517 0.1225 -0.02805621 -0.003544209 0.1205 -0.02823377 -0.003544209 0.1225 -0.02823377 -0.00350409 0.1205 -0.02840954 -0.00350409 0.1225 -0.02840954 -0.003455259 0.1205 -0.0285831 -0.003455259 0.1225 -0.0285831 -0.003397838 0.1205 -0.028754 -0.003397838 0.1225 -0.028754 -0.003331969 0.1205 -0.02892183 -0.003331969 0.1225 -0.02892183 -0.003257817 0.1205 -0.02908617 -0.003257817 0.1225 -0.02908617 -0.003175565 0.1205 -0.02924661 -0.003175565 0.1225 -0.02924661 -0.003085418 0.1205 -0.02940275 -0.003085418 0.1225 -0.02940275 -0.0029876 0.1205 -0.0295542 -0.0029876 0.1225 -0.0295542 -0.002882354 0.1205 -0.02970059 -0.002882354 0.1225 -0.02970059 -0.002769943 0.1205 -0.02984155 -0.002769943 0.1225 -0.02984155 -0.002650645 0.1205 -0.02997673 -0.002650645 0.1225 -0.02997673 -0.002524757 0.1205 -0.0301058 -0.002524757 0.1225 -0.0301058 -0.002392592 0.1205 -0.03022843 -0.002392592 0.1225 -0.03022843 -0.002254479 0.1205 -0.03034432 -0.002254479 0.1225 -0.03034432 -0.002110761 0.1205 -0.03045318 -0.002110761 0.1225 -0.03045318 -0.001961795 0.1205 -0.03055474 -0.001961795 0.1225 -0.03055474 -0.001807952 0.1205 -0.03064876 -0.001807952 0.1225 -0.03064876 -0.001649614 0.1205 -0.03073498 -0.001649614 0.1225 -0.03073498 -0.001487175 0.1205 -0.03081321 -0.001487175 0.1225 -0.03081321 -0.001321038 0.1205 -0.03088324 -0.001321038 0.1225 -0.03088324 -0.001151617 0.1205 -0.03094491 -0.001151617 0.1225 -0.03094491 -0.000979333 0.1205 -0.03099805 -0.000979333 0.1225 -0.03099805 -0.0008046142 0.1205 -0.03104254 -0.0008046142 0.1225 -0.03104254 -0.0006278951 0.1205 -0.03107826 -0.0006278951 0.1225 -0.03107826 -0.0004496149 0.1205 -0.03110513 -0.0004496149 0.1225 -0.03110513 -0.0002702168 0.1205 -0.03112309 -0.0002702168 0.1225 -0.03112309 -9.014697e-05 0.1205 -0.03113207 -9.014697e-05 0.1225 -0.03113207 9.014697e-05 0.1205 -0.03113207 9.014697e-05 0.1225 -0.03113207 0.0002702168 0.1205 -0.03112309 0.0002702168 0.1225 -0.03112309 0.0004496149 0.1205 -0.03110513 0.0004496149 0.1225 -0.03110513 0.0006278951 0.1205 -0.03107826 0.0006278951 0.1225 -0.03107826 0.0008046142 0.1205 -0.03104254 0.0008046142 0.1225 -0.03104254 0.000979333 0.1205 -0.03099805 0.000979333 0.1225 -0.03099805 0.001151617 0.1205 -0.03094491 0.001151617 0.1225 -0.03094491 0.001321038 0.1205 -0.03088324 0.001321038 0.1225 -0.03088324 0.001487175 0.1205 -0.03081321 0.001487175 0.1225 -0.03081321 0.001649614 0.1205 -0.03073498 0.001649614 0.1225 -0.03073498 0.001807952 0.1205 -0.03064876 0.001807952 0.1225 -0.03064876 0.001961795 0.1205 -0.03055474 0.001961795 0.1225 -0.03055474 0.002110761 0.1205 -0.03045318 0.002110761 0.1225 -0.03045318 0.002254479 0.1205 -0.03034432 0.002254479 0.1225 -0.03034432 0.002392592 0.1205 -0.03022843 0.002392592 0.1225 -0.03022843 0.002524757 0.1205 -0.0301058 0.002524757 0.1225 -0.0301058 0.002650645 0.1205 -0.02997673 0.002650645 0.1225 -0.02997673 0.002769943 0.1205 -0.02984155 0.002769943 0.1225 -0.02984155 0.002882354 0.1205 -0.02970059 0.002882354 0.1225 -0.02970059 0.0029876 0.1205 -0.0295542 0.0029876 0.1225 -0.0295542 0.003085418 0.1205 -0.02940275 0.003085418 0.1225 -0.02940275 0.003175565 0.1205 -0.02924661 0.003175565 0.1225 -0.02924661 0.003257817 0.1205 -0.02908617 0.003257817 0.1225 -0.02908617 0.003331969 0.1205 -0.02892183 0.003331969 0.1225 -0.02892183 0.003397838 0.1205 -0.028754 0.003397838 0.1225 -0.028754 0.003455259 0.1205 -0.0285831 0.003455259 0.1225 -0.0285831 0.00350409 0.1205 -0.02840954 0.00350409 0.1225 -0.02840954 0.003544209 0.1205 -0.02823377 0.003544209 0.1225 -0.02823377 0.003575517 0.1205 -0.02805621 0.003575517 0.1225 -0.02805621 0.003597935 0.1205 -0.02787732 0.003597935 0.1225 -0.02787732 0.003611409 0.1225 -0.02769753 0.003611409 0.1205 -0.02769753 -0.062 0.1155 -7.59281e-18 -0.06192293 0.1155 -0.003090445 -0.062 0.1205 -7.59281e-18 -0.06192293 0.1205 -0.003090445 -0.06169191 0.1155 -0.006173206 -0.06169191 0.1205 -0.006173206 -0.06130751 0.1155 -0.009240621 -0.06130751 0.1205 -0.009240621 -0.06077069 0.1155 -0.01228506 -0.06077069 0.1205 -0.01228506 -0.06008279 0.1155 -0.01529896 -0.06008279 0.1205 -0.01529896 -0.05924551 0.1155 -0.01827482 -0.05924551 0.1205 -0.01827482 -0.05826094 0.1155 -0.02120525 -0.05826094 0.1205 -0.02120525 -0.05713153 0.1155 -0.02408296 -0.05713153 0.1205 -0.02408296 -0.05586007 0.1155 -0.02690079 -0.05586007 0.1205 -0.02690079 -0.05444974 0.1155 -0.02965175 -0.05444974 0.1205 -0.02965175 -0.05290403 0.1155 -0.03232898 -0.05290403 0.1205 -0.03232898 -0.0512268 0.1155 -0.03492584 -0.0512268 0.1205 -0.03492584 -0.04942221 0.1155 -0.03743587 -0.04942221 0.1205 -0.03743587 -0.04749475 0.1155 -0.03985283 -0.04749475 0.1205 -0.03985283 -0.04544921 0.1155 -0.04217071 -0.04544921 0.1205 -0.04217071 -0.04329068 0.1155 -0.04438374 -0.04329068 0.1205 -0.04438374 -0.04102452 0.1155 -0.04648643 -0.04102452 0.1205 -0.04648643 -0.03865637 0.1155 -0.04847355 -0.03865637 0.1205 -0.04847355 -0.03619211 0.1155 -0.05034016 -0.03619211 0.1205 -0.05034016 -0.03363787 0.1155 -0.05208161 -0.03363787 0.1205 -0.05208161 -0.031 0.1155 -0.05369358 -0.031 0.1205 -0.05369358 -0.02828506 0.1155 -0.05517205 -0.02828506 0.1205 -0.05517205 -0.0254998 0.1155 -0.05651336 -0.0254998 0.1205 -0.05651336 -0.02265114 0.1155 -0.05771417 -0.02265114 0.1205 -0.05771417 -0.01974617 0.1155 -0.0587715 -0.01974617 0.1205 -0.0587715 -0.01679211 0.1155 -0.0596827 -0.01679211 0.1205 -0.0596827 -0.0137963 0.1155 -0.06044553 -0.0137963 0.1205 -0.06044553 -0.01076619 0.1155 -0.06105808 -0.01076619 0.1205 -0.06105808 -0.00770931 0.1155 -0.06151883 -0.00770931 0.1205 -0.06151883 -0.004633266 0.1155 -0.06182664 -0.004633266 0.1205 -0.06182664 -0.001545703 0.1155 -0.06198073 -0.001545703 0.1205 -0.06198073 0.001545703 0.1155 -0.06198073 0.001545703 0.1205 -0.06198073 0.004633266 0.1155 -0.06182664 0.004633266 0.1205 -0.06182664 0.00770931 0.1155 -0.06151883 0.00770931 0.1205 -0.06151883 0.01076619 0.1155 -0.06105808 0.01076619 0.1205 -0.06105808 0.0137963 0.1155 -0.06044553 0.0137963 0.1205 -0.06044553 0.01679211 0.1155 -0.0596827 0.01679211 0.1205 -0.0596827 0.01974617 0.1155 -0.0587715 0.01974617 0.1205 -0.0587715 0.02265114 0.1155 -0.05771417 0.02265114 0.1205 -0.05771417 0.0254998 0.1155 -0.05651336 0.0254998 0.1205 -0.05651336 0.02828506 0.1155 -0.05517205 0.02828506 0.1205 -0.05517205 0.031 0.1155 -0.05369358 0.031 0.1205 -0.05369358 0.03363787 0.1155 -0.05208161 0.03363787 0.1205 -0.05208161 0.03619211 0.1155 -0.05034016 0.03619211 0.1205 -0.05034016 0.03865637 0.1155 -0.04847355 0.03865637 0.1205 -0.04847355 0.04102452 0.1155 -0.04648643 0.04102452 0.1205 -0.04648643 0.04329068 0.1155 -0.04438374 0.04329068 0.1205 -0.04438374 0.04544921 0.1155 -0.04217071 0.04544921 0.1205 -0.04217071 0.04749475 0.1155 -0.03985283 0.04749475 0.1205 -0.03985283 0.04942221 0.1155 -0.03743587 0.04942221 0.1205 -0.03743587 0.0512268 0.1155 -0.03492584 0.0512268 0.1205 -0.03492584 0.05290403 0.1155 -0.03232898 0.05290403 0.1205 -0.03232898 0.05444974 0.1155 -0.02965175 0.05444974 0.1205 -0.02965175 0.05586007 0.1155 -0.02690079 0.05586007 0.1205 -0.02690079 0.05713153 0.1155 -0.02408296 0.05713153 0.1205 -0.02408296 0.05826094 0.1155 -0.02120525 0.05826094 0.1205 -0.02120525 0.05924551 0.1155 -0.01827482 0.05924551 0.1205 -0.01827482 0.06008279 0.1155 -0.01529896 0.06008279 0.1205 -0.01529896 0.06077069 0.1155 -0.01228506 0.06077069 0.1205 -0.01228506 0.06130751 0.1155 -0.009240621 0.06130751 0.1205 -0.009240621 0.06169191 0.1155 -0.006173206 0.06169191 0.1205 -0.006173206 0.06192293 0.1155 -0.003090445 0.06192293 0.1205 -0.003090445 0.062 0.1155 -7.557533e-16 0.062 0.1205 7.557533e-16 0.06192293 0.1155 0.003090445 0.06192293 0.1205 0.003090445 0.06169191 0.1155 0.006173206 0.06169191 0.1205 0.006173206 0.06130751 0.1155 0.009240621 0.06130751 0.1205 0.009240621 0.06077069 0.1155 0.01228506 0.06077069 0.1205 0.01228506 0.06008279 0.1155 0.01529896 0.06008279 0.1205 0.01529896 0.05924551 0.1155 0.01827482 0.05924551 0.1205 0.01827482 0.05826094 0.1155 0.02120525 0.05826094 0.1205 0.02120525 0.05713153 0.1155 0.02408296 0.05713153 0.1205 0.02408296 0.05586007 0.1155 0.02690079 0.05586007 0.1205 0.02690079 0.05444974 0.1155 0.02965175 0.05444974 0.1205 0.02965175 0.05290403 0.1155 0.03232898 0.05290403 0.1205 0.03232898 0.0512268 0.1155 0.03492584 0.0512268 0.1205 0.03492584 0.04942221 0.1155 0.03743587 0.04942221 0.1205 0.03743587 0.04749475 0.1155 0.03985283 0.04749475 0.1205 0.03985283 0.04544921 0.1155 0.04217071 0.04544921 0.1205 0.04217071 0.04329068 0.1155 0.04438374 0.04329068 0.1205 0.04438374 0.04102452 0.1155 0.04648643 0.04102452 0.1205 0.04648643 0.03865637 0.1155 0.04847355 0.03865637 0.1205 0.04847355 0.03619211 0.1155 0.05034016 0.03619211 0.1205 0.05034016 0.03363787 0.1155 0.05208161 0.03363787 0.1205 0.05208161 0.031 0.1155 0.05369358 0.031 0.1205 0.05369358 0.02828506 0.1155 0.05517205 0.02828506 0.1205 0.05517205 0.0254998 0.1155 0.05651336 0.0254998 0.1205 0.05651336 0.02265114 0.1155 0.05771417 0.02265114 0.1205 0.05771417 0.01974617 0.1155 0.0587715 0.01974617 0.1205 0.0587715 0.01679211 0.1155 0.0596827 0.01679211 0.1205 0.0596827 0.0137963 0.1155 0.06044553 0.0137963 0.1205 0.06044553 0.01076619 0.1155 0.06105808 0.01076619 0.1205 0.06105808 0.00770931 0.1155 0.06151883 0.00770931 0.1205 0.06151883 0.004633266 0.1155 0.06182664 0.004633266 0.1205 0.06182664 0.001545703 0.1155 0.06198073 0.001545703 0.1205 0.06198073 -0.001545703 0.1155 0.06198073 -0.001545703 0.1205 0.06198073 -0.004633266 0.1155 0.06182664 -0.004633266 0.1205 0.06182664 -0.00770931 0.1155 0.06151883 -0.00770931 0.1205 0.06151883 -0.01076619 0.1155 0.06105808 -0.01076619 0.1205 0.06105808 -0.0137963 0.1155 0.06044553 -0.0137963 0.1205 0.06044553 -0.01679211 0.1155 0.0596827 -0.01679211 0.1205 0.0596827 -0.01974617 0.1155 0.0587715 -0.01974617 0.1205 0.0587715 -0.02265114 0.1155 0.05771417 -0.02265114 0.1205 0.05771417 -0.0254998 0.1155 0.05651336 -0.0254998 0.1205 0.05651336 -0.02828506 0.1155 0.05517205 -0.02828506 0.1205 0.05517205 -0.031 0.1155 0.05369358 -0.031 0.1205 0.05369358 -0.03363787 0.1155 0.05208161 -0.03363787 0.1205 0.05208161 -0.03619211 0.1155 0.05034016 -0.03619211 0.1205 0.05034016 -0.03865637 0.1155 0.04847355 -0.03865637 0.1205 0.04847355 -0.04102452 0.1155 0.04648643 -0.04102452 0.1205 0.04648643 -0.04329068 0.1205 0.04438374 -0.04329068 0.1155 0.04438374 -0.04544921 0.1155 0.04217071 -0.04544921 0.1205 0.04217071 -0.04749475 0.1155 0.03985283 -0.04749475 0.1205 0.03985283 -0.04942221 0.1155 0.03743587 -0.04942221 0.1205 0.03743587 -0.0512268 0.1155 0.03492584 -0.0512268 0.1205 0.03492584 -0.05290403 0.1155 0.03232898 -0.05290403 0.1205 0.03232898 -0.05444974 0.1155 0.02965175 -0.05444974 0.1205 0.02965175 -0.05586007 0.1155 0.02690079 -0.05586007 0.1205 0.02690079 -0.05713153 0.1155 0.02408296 -0.05713153 0.1205 0.02408296 -0.05826094 0.1155 0.02120525 -0.05826094 0.1205 0.02120525 -0.05924551 0.1155 0.01827482 -0.05924551 0.1205 0.01827482 -0.06008279 0.1155 0.01529896 -0.06008279 0.1205 0.01529896 -0.06077069 0.1155 0.01228506 -0.06077069 0.1205 0.01228506 -0.06130751 0.1155 0.009240621 -0.06130751 0.1205 0.009240621 -0.06169191 0.1155 0.006173206 -0.06169191 0.1205 0.006173206 -0.06192293 0.1155 0.003090445 -0.06192293 0.1205 0.003090445 -0.04688214 0.1155 -0.04350027 -0.04465555 0.1155 -0.04578307 -0.04899217 0.1155 -0.04110931 -0.04231794 0.1155 -0.04795206 -0.0509804 0.1155 -0.03861615 -0.03987512 0.1155 -0.05000182 -0.05284188 0.1155 -0.03602699 -0.03733317 0.1155 -0.05192728 -0.05457199 0.1155 -0.03334825 -0.0346984 0.1155 -0.05372363 -0.05616643 0.1155 -0.03058661 -0.03197737 0.1155 -0.05538642 -0.05762122 0.1155 -0.02774892 -0.02917683 0.1155 -0.05691151 -0.05893277 0.1155 -0.02484224 -0.02630376 0.1155 -0.05829511 -0.06009779 0.1155 -0.02187381 -0.02336529 0.1155 -0.05953378 -0.0611134 0.1155 -0.01885099 -0.02036873 0.1155 -0.06062444 -0.06197708 0.1155 -0.0157813 -0.01732153 0.1155 -0.06156438 -0.06268667 0.1155 -0.01267238 -0.01423127 0.1155 -0.06235125 -0.06324041 0.1155 -0.009531959 -0.01110562 0.1155 -0.06298312 -0.06363693 0.1155 -0.006367835 -0.007952368 0.1155 -0.06345839 -0.06387523 0.1155 -0.00318788 -0.004779343 0.1155 -0.0637759 -0.06395473 0.1155 -2.193807e-16 -0.001594436 0.1155 -0.06393485 -0.06387523 0.1155 0.00318788 0.001594436 0.1155 -0.06393485 -0.06363693 0.1155 0.006367835 0.004779343 0.1155 -0.0637759 0.007952368 0.1155 -0.06345839 -0.06324041 0.1155 0.009531959 0.01110562 0.1155 -0.06298312 -0.06268667 0.1155 0.01267238 0.01423127 0.1155 -0.06235125 -0.06197708 0.1155 0.0157813 0.01732153 0.1155 -0.06156438 -0.0611134 0.1155 0.01885099 0.02036873 0.1155 -0.06062444 -0.06009779 0.1155 0.02187381 0.02336529 0.1155 -0.05953378 -0.05893277 0.1155 0.02484224 0.02630376 0.1155 -0.05829511 -0.05762122 0.1155 0.02774892 0.02917683 0.1155 -0.05691151 -0.05616643 0.1155 0.03058661 0.03197737 0.1155 -0.05538642 -0.05457199 0.1155 0.03334825 0.0346984 0.1155 -0.05372363 -0.05284188 0.1155 0.03602699 0.03733317 0.1155 -0.05192728 -0.0509804 0.1155 0.03861615 0.03987512 0.1155 -0.05000182 -0.04899217 0.1155 0.04110931 0.04231794 0.1155 -0.04795206 -0.04688214 0.1155 0.04350027 0.04465555 0.1155 -0.04578307 -0.04465555 0.1155 0.04578307 0.04688214 0.1155 -0.04350027 -0.04231794 0.1155 0.04795206 0.04899217 0.1155 -0.04110931 -0.03987512 0.1155 0.05000182 0.0509804 0.1155 -0.03861615 -0.03733317 0.1155 0.05192728 0.05284188 0.1155 -0.03602699 -0.0346984 0.1155 0.05372363 0.05457199 0.1155 -0.03334825 -0.03197737 0.1155 0.05538642 0.05616643 0.1155 -0.03058661 -0.02917683 0.1155 0.05691151 0.05762122 0.1155 -0.02774892 -0.02630376 0.1155 0.05829511 0.05893277 0.1155 -0.02484224 -0.02336529 0.1155 0.05953378 0.06009779 0.1155 -0.02187381 -0.02036873 0.1155 0.06062444 0.0611134 0.1155 -0.01885099 -0.01732153 0.1155 0.06156438 0.06197708 0.1155 -0.0157813 -0.01423127 0.1155 0.06235125 0.06268667 0.1155 -0.01267238 -0.01110562 0.1155 0.06298312 0.06324041 0.1155 -0.009531959 -0.007952368 0.1155 0.06345839 0.06363693 0.1155 -0.006367835 -0.004779343 0.1155 0.0637759 0.06387523 0.1155 -0.00318788 -0.001594436 0.1155 0.06393485 0.06395473 0.1155 -7.832196e-18 0.001594436 0.1155 0.06393485 0.06387523 0.1155 0.00318788 0.004779343 0.1155 0.0637759 0.06363693 0.1155 0.006367835 0.007952368 0.1155 0.06345839 0.06324041 0.1155 0.009531959 0.01110562 0.1155 0.06298312 0.06268667 0.1155 0.01267238 0.01423127 0.1155 0.06235125 0.06197708 0.1155 0.0157813 0.01732153 0.1155 0.06156438 0.0611134 0.1155 0.01885099 0.02036873 0.1155 0.06062444 0.06009779 0.1155 0.02187381 0.02336529 0.1155 0.05953378 0.05893277 0.1155 0.02484224 0.02630376 0.1155 0.05829511 0.05762122 0.1155 0.02774892 0.02917683 0.1155 0.05691151 0.05616643 0.1155 0.03058661 0.03197737 0.1155 0.05538642 0.05457199 0.1155 0.03334825 0.0346984 0.1155 0.05372363 0.05284188 0.1155 0.03602699 0.03733317 0.1155 0.05192728 0.0509804 0.1155 0.03861615 0.03987512 0.1155 0.05000182 0.04899217 0.1155 0.04110931 0.04231794 0.1155 0.04795206 0.04688214 0.1155 0.04350027 0.04465555 0.1155 0.04578307 0.006891662 0.1205 -0.03908456 0.0088313 0.1205 -0.03869245 0.004934891 0.1205 -0.03937949 0.01074898 0.1205 -0.03820415 0.002965851 0.1205 -0.03957653 0.01263994 0.1205 -0.03762086 0.01449947 0.1205 -0.03694405 0.0009894368 0.1205 -0.03967516 0.01632296 0.1205 -0.03617539 -0.0009894368 0.1205 -0.03967516 0.01810586 0.1205 -0.03531679 0.01984375 0.1205 -0.03437038 -0.002965851 0.1205 -0.03957653 0.0215323 0.1205 -0.03333853 0.02316733 0.1205 -0.03222379 0.02474475 0.1205 -0.03102894 -0.004934891 0.1205 -0.03937949 0.02626066 0.1205 -0.02975694 0.02771127 0.1205 -0.02841096 0.029093 0.1205 -0.02699436 -0.006891662 0.1205 -0.03908456 0.03040239 0.1205 -0.02551063 0.0316362 0.1205 -0.02396349 0.03279135 0.1205 -0.02235677 0.03386498 0.1205 -0.02069446 -0.0088313 0.1205 -0.03869245 0.03485442 0.1205 -0.01898071 0.0357572 0.1205 -0.01721976 0.03657109 0.1205 -0.01541601 0.03729405 0.1205 -0.01357392 0.0379243 0.1205 -0.0116981 0.03846025 0.1205 -0.009793184 -0.01074898 0.1205 -0.03820415 0.0389006 0.1205 -0.007863925 0.03924422 0.1205 -0.005915115 0.03949028 0.1205 -0.003951599 0.03963816 0.1205 -0.001978259 0.0396875 0.1205 4.860317e-18 0.03963816 0.1205 0.001978259 0.03949028 0.1205 0.003951599 0.03924422 0.1205 0.005915115 0.0389006 0.1205 0.007863925 0.03846025 0.1205 0.009793184 0.0379243 0.1205 0.0116981 -0.01263994 0.1205 -0.03762086 0.03729405 0.1205 0.01357392 -0.01449947 0.1205 -0.03694405 0.03657109 0.1205 0.01541601 -0.01632296 0.1205 -0.03617539 0.0357572 0.1205 0.01721976 -0.01810586 0.1205 -0.03531679 0.03485442 0.1205 0.01898071 -0.01984375 0.1205 -0.03437038 0.03386498 0.1205 0.02069446 -0.0215323 0.1205 -0.03333853 0.03279135 0.1205 0.02235677 -0.02316733 0.1205 -0.03222379 0.0316362 0.1205 0.02396349 -0.02474475 0.1205 -0.03102894 0.03040239 0.1205 0.02551063 -0.02626066 0.1205 -0.02975694 0.029093 0.1205 0.02699436 -0.02771127 0.1205 -0.02841096 0.02771127 0.1205 0.02841096 -0.029093 0.1205 -0.02699436 0.02626066 0.1205 0.02975694 -0.03040239 0.1205 -0.02551063 0.02474475 0.1205 0.03102894 -0.0316362 0.1205 -0.02396349 0.02316733 0.1205 0.03222379 -0.03279135 0.1205 -0.02235677 0.0215323 0.1205 0.03333853 -0.03386498 0.1205 -0.02069446 0.01984375 0.1205 0.03437038 -0.03485442 0.1205 -0.01898071 0.01810586 0.1205 0.03531679 -0.0357572 0.1205 -0.01721976 0.01632296 0.1205 0.03617539 -0.03657109 0.1205 -0.01541601 0.01449947 0.1205 0.03694405 -0.03729405 0.1205 -0.01357392 0.01263994 0.1205 0.03762086 -0.0379243 0.1205 -0.0116981 0.01074898 0.1205 0.03820415 -0.03846025 0.1205 -0.009793184 0.0088313 0.1205 0.03869245 -0.0389006 0.1205 -0.007863925 0.006891662 0.1205 0.03908456 -0.03924422 0.1205 -0.005915115 0.004934891 0.1205 0.03937949 -0.03949028 0.1205 -0.003951599 0.002965851 0.1205 0.03957653 -0.03963816 0.1205 -0.001978259 0.0009894368 0.1205 0.03967516 -0.0396875 0.1205 -4.837735e-16 -0.0009894368 0.1205 0.03967516 -0.03963816 0.1205 0.001978259 -0.002965851 0.1205 0.03957653 -0.03949028 0.1205 0.003951599 -0.004934891 0.1205 0.03937949 -0.03924422 0.1205 0.005915115 -0.006891662 0.1205 0.03908456 -0.0389006 0.1205 0.007863925 -0.0088313 0.1205 0.03869245 -0.03846025 0.1205 0.009793184 -0.01074898 0.1205 0.03820415 -0.0379243 0.1205 0.0116981 -0.01263994 0.1205 0.03762086 -0.03729405 0.1205 0.01357392 -0.01449947 0.1205 0.03694405 -0.03657109 0.1205 0.01541601 -0.01632296 0.1205 0.03617539 -0.0357572 0.1205 0.01721976 -0.01810586 0.1205 0.03531679 -0.03485442 0.1205 0.01898071 -0.01984375 0.1205 0.03437038 -0.03386498 0.1205 0.02069446 -0.0215323 0.1205 0.03333853 -0.03279135 0.1205 0.02235677 -0.02316733 0.1205 0.03222379 -0.0316362 0.1205 0.02396349 -0.02474475 0.1205 0.03102894 -0.03040239 0.1205 0.02551063 -0.02626066 0.1205 0.02975694 -0.029093 0.1205 0.02699436 -0.02771127 0.1205 0.02841096 0.01740812 0.1205 -0.04202691 0.04202691 0.1205 -0.01740812 0.04202691 0.1205 0.01740812 -0.01740812 0.1205 -0.04202691 -0.04202691 0.1205 -0.01740812 0.01740812 0.1205 0.04202691 -0.01740812 0.1205 0.04202691 -0.04202691 0.1205 0.01740812 0.06395473 0.1225 -7.832196e-18 0.06387523 0.1225 -0.00318788 0.06363693 0.1225 -0.006367835 0.06324041 0.1225 -0.009531959 0.06268667 0.1225 -0.01267238 0.06197708 0.1225 -0.0157813 0.0611134 0.1225 -0.01885099 0.06009779 0.1225 -0.02187381 0.05893277 0.1225 -0.02484224 0.05762122 0.1225 -0.02774892 0.05616643 0.1225 -0.03058661 0.05457199 0.1225 -0.03334825 0.05284188 0.1225 -0.03602699 0.0509804 0.1225 -0.03861615 0.04899217 0.1225 -0.04110931 0.04688214 0.1225 -0.04350027 0.04465555 0.1225 -0.04578307 0.04231794 0.1225 -0.04795206 0.03987512 0.1225 -0.05000182 0.03733317 0.1225 -0.05192728 0.0346984 0.1225 -0.05372363 0.03197737 0.1225 -0.05538642 0.02917683 0.1225 -0.05691151 0.02630376 0.1225 -0.05829511 0.02336529 0.1225 -0.05953378 0.02036873 0.1225 -0.06062444 0.01732153 0.1225 -0.06156438 0.01423127 0.1225 -0.06235125 0.01110562 0.1225 -0.06298312 0.007952368 0.1225 -0.06345839 0.004779343 0.1225 -0.0637759 0.001594436 0.1225 -0.06393485 -0.001594436 0.1225 -0.06393485 -0.004779343 0.1225 -0.0637759 -0.007952368 0.1225 -0.06345839 -0.01110562 0.1225 -0.06298312 -0.01423127 0.1225 -0.06235125 -0.01732153 0.1225 -0.06156438 -0.02036873 0.1225 -0.06062444 -0.02336529 0.1225 -0.05953378 -0.02630376 0.1225 -0.05829511 -0.02917683 0.1225 -0.05691151 -0.03197737 0.1225 -0.05538642 -0.0346984 0.1225 -0.05372363 -0.03733317 0.1225 -0.05192728 -0.03987512 0.1225 -0.05000182 -0.04231794 0.1225 -0.04795206 -0.04465555 0.1225 -0.04578307 -0.04688214 0.1225 -0.04350027 -0.04899217 0.1225 -0.04110931 -0.0509804 0.1225 -0.03861615 -0.05284188 0.1225 -0.03602699 -0.05457199 0.1225 -0.03334825 -0.05616643 0.1225 -0.03058661 -0.05762122 0.1225 -0.02774892 -0.05893277 0.1225 -0.02484224 -0.06009779 0.1225 -0.02187381 -0.0611134 0.1225 -0.01885099 -0.06197708 0.1225 -0.0157813 -0.06268667 0.1225 -0.01267238 -0.06324041 0.1225 -0.009531959 -0.06363693 0.1225 -0.006367835 -0.06387523 0.1225 -0.00318788 -0.06395473 0.1225 7.795806e-16 -0.06387523 0.1225 0.00318788 -0.06363693 0.1225 0.006367835 -0.06324041 0.1225 0.009531959 -0.06268667 0.1225 0.01267238 -0.06197708 0.1225 0.0157813 -0.0611134 0.1225 0.01885099 -0.06009779 0.1225 0.02187381 -0.05893277 0.1225 0.02484224 -0.05762122 0.1225 0.02774892 -0.05616643 0.1225 0.03058661 -0.05457199 0.1225 0.03334825 -0.05284188 0.1225 0.03602699 -0.0509804 0.1225 0.03861615 -0.04899217 0.1225 0.04110931 -0.04688214 0.1225 0.04350027 -0.04465555 0.1225 0.04578307 -0.04231794 0.1225 0.04795206 -0.03987512 0.1225 0.05000182 -0.03733317 0.1225 0.05192728 -0.0346984 0.1225 0.05372363 -0.03197737 0.1225 0.05538642 -0.02917683 0.1225 0.05691151 -0.02630376 0.1225 0.05829511 -0.02336529 0.1225 0.05953378 -0.02036873 0.1225 0.06062444 -0.01732153 0.1225 0.06156438 -0.01423127 0.1225 0.06235125 -0.01110562 0.1225 0.06298312 -0.007952368 0.1225 0.06345839 -0.004779343 0.1225 0.0637759 -0.001594436 0.1225 0.06393485 0.001594436 0.1225 0.06393485 0.004779343 0.1225 0.0637759 0.007952368 0.1225 0.06345839 0.01110562 0.1225 0.06298312 0.01423127 0.1225 0.06235125 0.01732153 0.1225 0.06156438 0.02036873 0.1225 0.06062444 0.02336529 0.1225 0.05953378 0.02630376 0.1225 0.05829511 0.02917683 0.1225 0.05691151 0.03197737 0.1225 0.05538642 0.0346984 0.1225 0.05372363 0.03733317 0.1225 0.05192728 0.03987512 0.1225 0.05000182 0.04231794 0.1225 0.04795206 0.04465555 0.1225 0.04578307 0.04688214 0.1225 0.04350027 0.04899217 0.1225 0.04110931 0.0509804 0.1225 0.03861615 0.05284188 0.1225 0.03602699 0.05457199 0.1225 0.03334825 0.05616643 0.1225 0.03058661 0.05762122 0.1225 0.02774892 0.05893277 0.1225 0.02484224 0.06009779 0.1225 0.02187381 0.0611134 0.1225 0.01885099 0.06197708 0.1225 0.0157813 0.06268667 0.1225 0.01267238 0.06324041 0.1225 0.009531959 0.06363693 0.1225 0.006367835 0.06387523 0.1225 0.00318788 0.04202691 0.026 -0.01740812 0.01740812 0.026 -0.04202691 0.04202691 0.026 0.01740812 0.01740812 0.026 0.04202691 -0.01740812 0.026 0.04202691 0.0396875 0.026 -4.860317e-18 0.03963816 0.026 -0.001978259 0.03949028 0.026 -0.003951599 0.03924422 0.026 -0.005915115 0.0389006 0.026 -0.007863925 0.03846025 0.026 -0.009793184 0.0379243 0.026 -0.0116981 0.03729405 0.026 -0.01357392 0.03657109 0.026 -0.01541601 0.0357572 0.026 -0.01721976 0.03485442 0.026 -0.01898071 0.03386498 0.026 -0.02069446 0.03279135 0.026 -0.02235677 0.0316362 0.026 -0.02396349 0.03040239 0.026 -0.02551063 0.029093 0.026 -0.02699436 0.02771127 0.026 -0.02841096 0.02626066 0.026 -0.02975694 0.02474475 0.026 -0.03102894 0.02316733 0.026 -0.03222379 0.0215323 0.026 -0.03333853 0.01984375 0.026 -0.03437038 0.01810586 0.026 -0.03531679 0.01632296 0.026 -0.03617539 0.01449947 0.026 -0.03694405 0.01263994 0.026 -0.03762086 0.01074898 0.026 -0.03820415 0.0088313 0.026 -0.03869245 0.006891662 0.026 -0.03908456 0.004934891 0.026 -0.03937949 0.002965851 0.026 -0.03957653 0.0009894368 0.026 -0.03967516 -0.0009894368 0.026 -0.03967516 -0.002965851 0.026 -0.03957653 -0.004934891 0.026 -0.03937949 -0.006891662 0.026 -0.03908456 -0.0088313 0.026 -0.03869245 -0.01074898 0.026 -0.03820415 -0.01263994 0.026 -0.03762086 -0.01449947 0.026 -0.03694405 -0.01632296 0.026 -0.03617539 -0.01810586 0.026 -0.03531679 -0.01984375 0.026 -0.03437038 -0.0215323 0.026 -0.03333853 -0.02316733 0.026 -0.03222379 -0.02474475 0.026 -0.03102894 -0.02626066 0.026 -0.02975694 -0.02771127 0.026 -0.02841096 -0.029093 0.026 -0.02699436 -0.03040239 0.026 -0.02551063 -0.0316362 0.026 -0.02396349 -0.03279135 0.026 -0.02235677 -0.03386498 0.026 -0.02069446 -0.03485442 0.026 -0.01898071 -0.0357572 0.026 -0.01721976 -0.03657109 0.026 -0.01541601 -0.03729405 0.026 -0.01357392 -0.0379243 0.026 -0.0116981 -0.03846025 0.026 -0.009793184 -0.0389006 0.026 -0.007863925 -0.03924422 0.026 -0.005915115 -0.03949028 0.026 -0.003951599 -0.03963816 0.026 -0.001978259 -0.0396875 0.026 -4.837735e-16 -0.03963816 0.026 0.001978259 -0.03949028 0.026 0.003951599 -0.03924422 0.026 0.005915115 -0.0389006 0.026 0.007863925 -0.03846025 0.026 0.009793184 -0.0379243 0.026 0.0116981 -0.03729405 0.026 0.01357392 -0.03657109 0.026 0.01541601 -0.0357572 0.026 0.01721976 -0.03485442 0.026 0.01898071 -0.03386498 0.026 0.02069446 -0.03279135 0.026 0.02235677 -0.0316362 0.026 0.02396349 -0.03040239 0.026 0.02551063 -0.029093 0.026 0.02699436 -0.02771127 0.026 0.02841096 -0.02626066 0.026 0.02975694 -0.02474475 0.026 0.03102894 -0.02316733 0.026 0.03222379 -0.0215323 0.026 0.03333853 -0.01984375 0.026 0.03437038 -0.01810586 0.026 0.03531679 -0.01632296 0.026 0.03617539 -0.01449947 0.026 0.03694405 -0.01263994 0.026 0.03762086 -0.01074898 0.026 0.03820415 -0.0088313 0.026 0.03869245 -0.006891662 0.026 0.03908456 -0.004934891 0.026 0.03937949 -0.002965851 0.026 0.03957653 -0.0009894368 0.026 0.03967516 0.0009894368 0.026 0.03967516 0.002965851 0.026 0.03957653 0.004934891 0.026 0.03937949 0.006891662 0.026 0.03908456 0.0088313 0.026 0.03869245 0.01074898 0.026 0.03820415 0.01263994 0.026 0.03762086 0.01449947 0.026 0.03694405 0.01632296 0.026 0.03617539 0.01810586 0.026 0.03531679 0.01984375 0.026 0.03437038 0.0215323 0.026 0.03333853 0.02316733 0.026 0.03222379 0.02474475 0.026 0.03102894 0.02626066 0.026 0.02975694 0.02771127 0.026 0.02841096 0.029093 0.026 0.02699436 0.03040239 0.026 0.02551063 0.0316362 0.026 0.02396349 0.03279135 0.026 0.02235677 0.03386498 0.026 0.02069446 0.03485442 0.026 0.01898071 0.0357572 0.026 0.01721976 0.03657109 0.026 0.01541601 0.03729405 0.026 0.01357392 0.0379243 0.026 0.0116981 0.03846025 0.026 0.009793184 0.0389006 0.026 0.007863925 0.03924422 0.026 0.005915115 0.03949028 0.026 0.003951599 0.03963816 0.026 0.001978259 -0.04202691 0.026 0.01740812 -0.04202691 0.026 -0.01740812 -0.01740812 0.026 -0.04202691</float_array>
          <technique_common>
            <accessor count="1024" source="#cubeverts-array0-array" stride="3">
              <param type="float" name="X"/>
              <param type="float" name="Y"/>
              <param type="float" name="Z"/>
            </accessor>
          </technique_common>
        </source>
        <source id="cubenormals-array0">
          <float_array count="6144" id="cubenormals-array0-array">-0.9996892 0 -0.02493087 -0.9996892 0 -0.02493087 -0.9972036 0 -0.07473129 -0.9972036 0 -0.07473129 -0.9922395 0 -0.124342 -0.9922395 0 -0.124342 -0.9848078 0 -0.1736479 -0.9848078 0 -0.1736479 -0.974928 0 -0.2225209 -0.974928 0 -0.2225209 -0.9626241 0 -0.2708409 -0.9626241 0 -0.2708409 -0.9479266 0 -0.318489 -0.9479266 0 -0.318489 -0.9308739 0 -0.3653404 -0.9308739 0 -0.3653404 -0.9115061 0 -0.4112864 -0.9115061 0 -0.4112864 -0.8898718 0 -0.4562106 -0.8898718 0 -0.4562106 -0.8660256 0 -0.4999996 -0.8660256 0 -0.4999996 -0.8400249 0 -0.5425478 -0.8400249 0 -0.5425478 -0.8119375 0 -0.5837443 -0.8119375 0 -0.5837443 -0.7818339 0 -0.6234868 -0.7818339 0 -0.6234868 -0.7497821 0 -0.6616848 -0.7497821 0 -0.6616848 -0.7158669 0 -0.6982368 -0.7158669 0 -0.6982368 -0.6801675 0 -0.7330568 -0.6801675 0 -0.7330568 -0.6427929 0 -0.76604 -0.6427929 0 -0.76604 -0.6038036 0 -0.7971331 -0.6038036 0 -0.7971331 -0.5633172 0 -0.8262408 -0.5633172 0 -0.8262408 -0.521434 0 -0.8532916 -0.521434 0 -0.8532916 -0.4782587 0 -0.878219 -0.4782587 0 -0.878219 -0.4338814 0 -0.9009699 -0.4338814 0 -0.9009699 -0.3884332 0 -0.9214769 -0.3884332 0 -0.9214769 -0.3420223 0 -0.9396918 -0.3420223 0 -0.9396918 -0.2947549 0 -0.9555729 -0.2947549 0 -0.9555729 -0.2467576 0 -0.9690772 -0.2467576 0 -0.9690772 -0.1981466 0 -0.9801723 -0.1981466 0 -0.9801723 -0.1490385 0 -0.9888315 -0.1490385 0 -0.9888315 -0.09957051 0 -0.9950305 -0.09957051 0 -0.9950305 -0.04984873 0 -0.9987568 -0.04984873 0 -0.9987568 -0 0 -1 0 0 -1 0.04984873 0 -0.9987568 0.04984873 0 -0.9987568 0.09957051 0 -0.9950305 0.09957051 0 -0.9950305 0.1490385 0 -0.9888315 0.1490385 0 -0.9888315 0.1981466 0 -0.9801723 0.1981466 0 -0.9801723 0.2467576 0 -0.9690772 0.2467576 0 -0.9690772 0.2947549 0 -0.9555729 0.2947549 0 -0.9555729 0.3420223 0 -0.9396918 0.3420223 0 -0.9396918 0.3884332 0 -0.9214769 0.3884332 0 -0.9214769 0.4338814 0 -0.9009699 0.4338814 0 -0.9009699 0.4782587 0 -0.878219 0.4782587 0 -0.878219 0.521434 0 -0.8532916 0.521434 0 -0.8532916 0.5633172 0 -0.8262408 0.5633172 0 -0.8262408 0.6038036 0 -0.7971331 0.6038036 0 -0.7971331 0.6427929 0 -0.76604 0.6427929 0 -0.76604 0.6801675 0 -0.7330568 0.6801675 0 -0.7330568 0.7158669 0 -0.6982368 0.7158669 0 -0.6982368 0.7497821 0 -0.6616848 0.7497821 0 -0.6616848 0.7818339 0 -0.6234868 0.7818339 0 -0.6234868 0.8119375 0 -0.5837443 0.8119375 0 -0.5837443 0.8400249 0 -0.5425478 0.8400249 0 -0.5425478 0.8660256 0 -0.4999996 0.8660256 0 -0.4999996 0.8898718 0 -0.4562106 0.8898718 0 -0.4562106 0.9115061 0 -0.4112864 0.9115061 0 -0.4112864 0.9308739 0 -0.3653404 0.9308739 0 -0.3653404 0.9479266 0 -0.318489 0.9479266 0 -0.318489 0.9626241 0 -0.2708409 0.9626241 0 -0.2708409 0.974928 0 -0.2225209 0.974928 0 -0.2225209 0.9848078 0 -0.1736479 0.9848078 0 -0.1736479 0.9922395 0 -0.124342 0.9922395 0 -0.124342 0.9972036 0 -0.07473129 0.9972036 0 -0.07473129 0.9996892 0 -0.02493087 0.9996892 0 -0.02493087 0.9996892 -0 0.02493113 0.9996892 0 0.02493113 0.9972038 -0 0.07473051 0.9972038 0 0.07473051 0.9922393 -0 0.1243433 0.9922393 0 0.1243433 0.9848078 -0 0.1736479 0.9848078 0 0.1736479 0.974928 -0 0.2225209 0.974928 0 0.2225209 0.9626241 -0 0.2708409 0.9626241 0 0.2708409 0.9479277 -0 0.3184858 0.9479277 0 0.3184858 0.9308739 -0 0.3653404 0.9308739 0 0.3653404 0.9115061 -0 0.4112864 0.9115061 0 0.4112864 0.8898718 -0 0.4562106 0.8898718 0 0.4562106 0.8660256 0 0.4999996 0.8660256 -0 0.4999996 0.8400249 0 0.5425478 0.8400249 -0 0.5425478 0.8119375 0 0.5837443 0.8119375 -0 0.5837443 0.7818298 0 0.6234919 0.7818298 -0 0.6234919 0.7497821 0 0.6616848 0.7497821 -0 0.6616848 0.7158669 0 0.6982368 0.7158669 -0 0.6982368 0.6801732 0 0.7330515 0.6801732 -0 0.7330515 0.6427867 0 0.7660452 0.6427867 -0 0.7660452 0.6038103 0 0.797128 0.6038103 -0 0.797128 0.5633172 0 0.8262408 0.5633172 -0 0.8262408 0.521434 0 0.8532916 0.521434 -0 0.8532916 0.4782505 0 0.8782234 0.4782505 -0 0.8782234 0.43389 0 0.9009659 0.43389 -0 0.9009659 0.3884332 0 0.9214769 0.3884332 -0 0.9214769 0.3420223 -0 0.9396918 0.3420223 0 0.9396918 0.2947549 -0 0.9555729 0.2947549 0 0.9555729 0.2467576 -0 0.9690772 0.2467576 0 0.9690772 0.1981466 -0 0.9801723 0.1981466 0 0.9801723 0.1490385 0 0.9888315 0.1490385 -0 0.9888315 0.09957051 0 0.9950305 0.09957051 -0 0.9950305 0.04983818 0 0.9987574 0.04983818 -0 0.9987574 -0 0 1 0 0 1 -0.04983818 0 0.9987574 -0.04983818 0 0.9987574 -0.09957051 0 0.9950305 -0.09957051 0 0.9950305 -0.1490385 0 0.9888315 -0.1490385 0 0.9888315 -0.1981466 0 0.9801723 -0.1981466 0 0.9801723 -0.2467576 0 0.9690772 -0.2467576 0 0.9690772 -0.2947549 0 0.9555729 -0.2947549 0 0.9555729 -0.3420223 0 0.9396918 -0.3420223 0 0.9396918 -0.3884332 0 0.9214769 -0.3884332 0 0.9214769 -0.43389 0 0.9009659 -0.43389 0 0.9009659 -0.4782505 0 0.8782234 -0.4782505 0 0.8782234 -0.521434 0 0.8532916 -0.521434 0 0.8532916 -0.5633172 0 0.8262408 -0.5633172 0 0.8262408 -0.6038103 0 0.797128 -0.6038103 0 0.797128 -0.6427867 0 0.7660452 -0.6427867 0 0.7660452 -0.6801732 0 0.7330515 -0.6801732 0 0.7330515 -0.7158669 0 0.6982368 -0.7158669 0 0.6982368 -0.7497821 0 0.6616848 -0.7497821 0 0.6616848 -0.7818298 0 0.6234919 -0.7818298 0 0.6234919 -0.8119375 0 0.5837443 -0.8119375 0 0.5837443 -0.8400249 0 0.5425478 -0.8400249 0 0.5425478 -0.8660256 0 0.4999996 -0.8660256 0 0.4999996 -0.8898718 0 0.4562106 -0.8898718 0 0.4562106 -0.9115061 0 0.4112864 -0.9115061 0 0.4112864 -0.9308739 0 0.3653404 -0.9308739 0 0.3653404 -0.9479277 0 0.3184858 -0.9479277 0 0.3184858 -0.9626241 0 0.2708409 -0.9626241 0 0.2708409 -0.974928 0 0.2225209 -0.974928 0 0.2225209 -0.9848078 0 0.1736479 -0.9848078 0 0.1736479 -0.9922393 0 0.1243433 -0.9922393 0 0.1243433 -0.9972038 0 0.07473051 -0.9972038 0 0.07473051 -0.9996892 0 0.02493113 -0.9996892 0 0.02493113 0.9996892 -0 0.0249311 0.9996892 0 0.0249311 0.9972039 0 0.07472914 0.9972039 -0 0.07472914 0.9922391 0 0.1243445 0.9922391 -0 0.1243445 0.9848078 0 0.1736478 0.9848078 -0 0.1736478 0.9749278 0 0.2225215 0.9749278 -0 0.2225215 0.9626243 0 0.2708401 0.9626243 -0 0.2708401 0.9479275 0 0.3184859 0.9479275 -0 0.3184859 0.9308738 0 0.3653411 0.9308738 -0 0.3653411 0.9115055 0 0.4112879 0.9115055 -0 0.4112879 0.889872 0 0.4562104 0.889872 -0 0.4562104 0.8660253 -0 0.5000002 0.8660253 0 0.5000002 0.8400257 -0 0.5425466 0.8400257 0 0.5425466 0.8119383 -0 0.5837432 0.8119383 0 0.5837432 0.7818315 -0 0.6234899 0.7818315 0 0.6234899 0.7497813 0 0.6616858 0.7497813 -0 0.6616858 0.7158667 0 0.6982369 0.7158667 -0 0.6982369 0.6801727 0 0.7330519 0.6801727 -0 0.7330519 0.6427879 0 0.7660441 0.6427879 -0 0.7660441 0.6038043 0 0.7971326 0.6038043 -0 0.7971326 0.5633199 0 0.8262389 0.5633199 -0 0.8262389 0.5214357 0 0.8532906 0.5214357 -0 0.8532906 0.4782532 0 0.878222 0.4782532 -0 0.878222 0.4338841 0 0.9009687 0.4338841 -0 0.9009687 0.3884349 0 0.9214761 0.3884349 -0 0.9214761 0.3420202 0 0.9396926 0.3420202 -0 0.9396926 0.2947555 0 0.9555727 0.2947555 -0 0.9555727 0.2467568 0 0.9690775 0.2467568 -0 0.9690775 0.1981469 0 0.9801723 0.1981469 -0 0.9801723 0.1490412 0 0.988831 0.1490412 -0 0.988831 0.09956891 0 0.9950307 0.09956891 -0 0.9950307 0.04984492 0 0.9987569 0.04984492 -0 0.9987569 -0 0 1 0 0 1 -0.04984492 0 0.9987569 -0.04984492 0 0.9987569 -0.09956891 0 0.9950307 -0.09956891 0 0.9950307 -0.1490412 0 0.988831 -0.1490412 0 0.988831 -0.1981469 0 0.9801723 -0.1981469 0 0.9801723 -0.2467568 0 0.9690775 -0.2467568 0 0.9690775 -0.2947555 0 0.9555727 -0.2947555 0 0.9555727 -0.3420202 0 0.9396926 -0.3420202 0 0.9396926 -0.3884349 0 0.9214761 -0.3884349 0 0.9214761 -0.4338841 0 0.9009687 -0.4338841 0 0.9009687 -0.4782532 0 0.878222 -0.4782532 0 0.878222 -0.5214357 0 0.8532906 -0.5214357 0 0.8532906 -0.5633199 0 0.8262389 -0.5633199 0 0.8262389 -0.6038043 0 0.7971326 -0.6038043 0 0.7971326 -0.6427879 0 0.7660441 -0.6427879 0 0.7660441 -0.6801727 0 0.7330519 -0.6801727 0 0.7330519 -0.7158667 0 0.6982369 -0.7158667 0 0.6982369 -0.7497813 0 0.6616858 -0.7497813 0 0.6616858 -0.7818315 0 0.6234899 -0.7818315 0 0.6234899 -0.8119383 0 0.5837432 -0.8119383 0 0.5837432 -0.8400257 0 0.5425466 -0.8400257 0 0.5425466 -0.8660253 0 0.5000002 -0.8660253 0 0.5000002 -0.889872 0 0.4562104 -0.889872 0 0.4562104 -0.9115055 0 0.4112879 -0.9115055 0 0.4112879 -0.9308738 0 0.3653411 -0.9308738 0 0.3653411 -0.9479275 0 0.3184859 -0.9479275 0 0.3184859 -0.9626243 0 0.2708401 -0.9626243 0 0.2708401 -0.9749278 0 0.2225215 -0.9749278 0 0.2225215 -0.9848078 0 0.1736478 -0.9848078 0 0.1736478 -0.9922391 0 0.1243445 -0.9922391 0 0.1243445 -0.9972039 0 0.07472914 -0.9972039 0 0.07472914 -0.9996892 0 0.0249311 -0.9996892 0 0.0249311 -0.9996892 7.536704e-15 -0.0249311 -0.9996892 0 -0.0249311 -0.9972039 0 -0.07472914 -0.9972039 0 -0.07472914 -0.9922391 0 -0.1243445 -0.9922391 0 -0.1243445 -0.9848078 0 -0.1736478 -0.9848078 0 -0.1736478 -0.9749278 0 -0.2225215 -0.9749278 0 -0.2225215 -0.9626243 0 -0.2708401 -0.9626243 0 -0.2708401 -0.9479275 0 -0.3184859 -0.9479275 0 -0.3184859 -0.9308738 0 -0.3653411 -0.9308738 0 -0.3653411 -0.9115055 0 -0.4112879 -0.9115055 0 -0.4112879 -0.889872 0 -0.4562104 -0.889872 0 -0.4562104 -0.8660253 0 -0.5000002 -0.8660253 0 -0.5000002 -0.8400257 0 -0.5425466 -0.8400257 0 -0.5425466 -0.8119383 0 -0.5837432 -0.8119383 0 -0.5837432 -0.7818315 0 -0.6234899 -0.7818315 0 -0.6234899 -0.7497813 0 -0.6616858 -0.7497813 0 -0.6616858 -0.7158667 0 -0.6982369 -0.7158667 0 -0.6982369 -0.6801727 0 -0.7330519 -0.6801727 0 -0.7330519 -0.6427879 0 -0.7660441 -0.6427879 0 -0.7660441 -0.6038043 0 -0.7971326 -0.6038043 0 -0.7971326 -0.5633199 0 -0.8262389 -0.5633199 0 -0.8262389 -0.5214357 0 -0.8532906 -0.5214357 0 -0.8532906 -0.4782532 0 -0.878222 -0.4782532 0 -0.878222 -0.4338841 0 -0.9009687 -0.4338841 0 -0.9009687 -0.3884349 0 -0.9214761 -0.3884349 0 -0.9214761 -0.3420202 0 -0.9396926 -0.3420202 0 -0.9396926 -0.2947555 0 -0.9555727 -0.2947555 0 -0.9555727 -0.2467568 0 -0.9690775 -0.2467568 0 -0.9690775 -0.1981469 0 -0.9801723 -0.1981469 0 -0.9801723 -0.1490412 0 -0.988831 -0.1490412 0 -0.988831 -0.09956891 0 -0.9950307 -0.09956891 0 -0.9950307 -0.04984492 0 -0.9987569 -0.04984492 0 -0.9987569 0 0 -1 -0 0 -1 0.04984492 0 -0.9987569 0.04984492 0 -0.9987569 0.09956891 0 -0.9950307 0.09956891 0 -0.9950307 0.1490412 0 -0.988831 0.1490412 0 -0.988831 0.1981469 0 -0.9801723 0.1981469 0 -0.9801723 0.2467568 0 -0.9690775 0.2467568 0 -0.9690775 0.2947555 0 -0.9555727 0.2947555 0 -0.9555727 0.3420202 0 -0.9396926 0.3420202 0 -0.9396926 0.3884349 0 -0.9214761 0.3884349 0 -0.9214761 0.4338841 0 -0.9009687 0.4338841 0 -0.9009687 0.4782532 0 -0.878222 0.4782532 0 -0.878222 0.5214357 0 -0.8532906 0.5214357 0 -0.8532906 0.5633199 0 -0.8262389 0.5633199 0 -0.8262389 0.6038043 0 -0.7971326 0.6038043 0 -0.7971326 0.6427879 0 -0.7660441 0.6801727 0 -0.7330519 0.6427879 0 -0.7660441 0.6801727 0 -0.7330519 0.7158667 0 -0.6982369 0.7158667 0 -0.6982369 0.7497813 0 -0.6616858 0.7497813 0 -0.6616858 0.7818315 0 -0.6234899 0.7818315 0 -0.6234899 0.8119383 0 -0.5837432 0.8119383 0 -0.5837432 0.8400257 0 -0.5425466 0.8400257 0 -0.5425466 0.8660253 0 -0.5000002 0.8660253 0 -0.5000002 0.889872 0 -0.4562104 0.889872 0 -0.4562104 0.9115055 0 -0.4112879 0.9115055 0 -0.4112879 0.9308738 0 -0.3653411 0.9308738 0 -0.3653411 0.9479275 0 -0.3184859 0.9479275 0 -0.3184859 0.9626243 0 -0.2708401 0.9626243 0 -0.2708401 0.9749278 0 -0.2225215 0.9749278 0 -0.2225215 0.9848078 0 -0.1736478 0.9848078 0 -0.1736478 0.9922391 0 -0.1243445 0.9922391 0 -0.1243445 0.9972039 0 -0.07472914 0.9972039 0 -0.07472914 0.9996892 0 -0.0249311 0.9996892 0 -0.0249311 -0 -1 0 0 -1 -0 -0 -1 0 0 -1 0 -0 -1 0 -0 -1 0 0 -1 -0 0 -1 0 -0 -1 0 -0 -1 0 0 -1 -0 0 -1 0 -0 -1 0 -0 -1 0 0 -1 -0 0 -1 0 -0 -1 0 -0 -1 0 0 -1 -0 -0 -1 0 0 -1 0 0 -1 -0 -0 -1 0 -0 -1 0 0 -1 0 0 -1 -0 -0 -1 0 -0 -1 0 0 -1 0 0 -1 -0 -0 -1 0 -0 -1 0 0 -1 0 0 -1 -0 -0 -1 0 -0 -1 0 0 -1 0 0 -1 -0 -0 -1 0 -0 -1 0 0 -1 0 0 -1 -0 0 -1 0 -0 -1 0 0 -1 0 0 -1 -0 0 -1 0 -0 -1 0 0 -1 0 0 -1 -0 0 -1 0 -0 -1 0 0 -1 0 0 -1 -0 0 -1 0 -0 -1 0 0 -1 0 0 -1 -0 0 -1 0 -0 -1 0 0 -1 0 0 -1 -0 0 -1 -0 -0 -1 0 0 -1 -0 -0 -1 0 0 -1 -0 0 -1 0 0 -1 -0 -0 -1 0 0 -1 0 0 -1 -0 0 -1 -0 -0 -1 0 0 -1 0 0 -1 -0 0 -1 -0 -0 -1 0 0 -1 -0 0 -1 0 0 -1 -0 -0 -1 0 0 -1 0 0 -1 -0 0 -1 -0 -0 -1 0 0 -1 -0 0 -1 0 0 -1 -0 -0 -1 0 0 -1 -0 0 -1 0 0 -1 -0 -0 -1 0 0 -1 -0 0 -1 0 0 -1 0 -0 -1 0 0 -1 -0 0 -1 0 0 -1 -0 -0 -1 0 0 -1 -0 0 -1 0 0 -1 -0 -0 -1 0 0 -1 -0 0 -1 0 0 -1 0 -0 -1 0 0 -1 -0 0 -1 0 0 -1 0 -0 -1 0 0 -1 -0 0 -1 0 0 -1 0 -0 -1 0 0 -1 -0 0 -1 0 0 -1 0 -0 -1 0 0 -1 -0 0 -1 0 0 -1 0 0 -1 -0 0 -1 0 -0 -1 0 0 -1 0 0 -1 -0 0 -1 0 -0 -1 0 0 -1 0 0 -1 -0 0 -1 0 -0 -1 0 0 -1 0 0 -1 -0 0 -1 0 -0 -1 0 0 -1 0 0 -1 -0 0 -1 0 -0 -1 0 0 -1 0 0 -1 -0 0 -1 -0 -0 -1 0 0 -1 0 0 -1 -0 0 -1 -0 -0 -1 0 0 -1 -0 0 -1 0 0 -1 -0 -0 -1 0 0 -1 -0 0 -1 0 0 -1 -0 -0 -1 0 0 -1 -0 0 -1 0 0 -1 -0 -0 -1 0 0 -1 -0 0 -1 0 0 -1 -0 -0 -1 0 0 -1 -0 0 -1 0 0 -1 -0 -0 -1 0 0 -1 -0 0 -1 0 0 -1 -0 -0 -1 0 0 -1 0 0 -1 -0 0 -1 -0 -0 -1 0 0 -1 -0 0 -1 -0 0 -1 0 -0 -1 0 0 -1 -0 0 -1 0 0 -1 0 0 -1 0 0 -1 0 -0 -1 0 0 -1 0 0 -1 -0 0 -1 0 -0 -1 0 0 -1 -0 0 -1 0 0 -1 0 -0 -1 0 0 -1 0 0 -1 -0 -0 -1 0 0 -1 0 0 -1 -0 0 -1 0 -0 -1 0 0 -1 0 0 -1 -0 0 -1 0 0 -1 0 -0 -1 0 0 -1 -0 -0 -1 0 0 -1 0 0 -1 0 -0 -1 0 0 -1 -0 0 -1 0 -0 -1 0 -0 -1 0 0 -1 0 0 -1 -0 0 -1 0 -0 -1 0 0 -1 -0 -0 -1 0 0 -1 0 0 -1 -0 0 -1 -0 0 -1 0 -0 -1 0 0 -1 -0 -0 -1 0 0 -1 0 -0 -1 0 0 -1 0 0 -1 -0 -0 -1 0 0 -1 0 -0 -1 0 0 -1 -0 -0 -1 0 0 -1 0 -0 -1 0 0 -1 -0 0 -1 0 -0 -1 0 0 -1 0 0 -1 -0 0 -1 0 0 -1 0 -0 -1 0 0 -1 -0 0 -1 0 -0 -1 0 0 -1 -0 0 -1 0 0 -1 -0 0 -1 0 0 -1 -0 -0 -1 0 0 -1 0 0 -1 -0 0 -1 0 -0 -1 0 0 -1 -0 0 -1 0 0 -1 -0 0 -1 0 0 -1 -0 -0 -1 0 -0 -1 0 0 -1 0 0 -1 -0 0 -1 0 0 -1 -0 0 -1 0 0 -1 -0 -0 -1 0 0 -1 0 0 -1 -0 -0 -1 0 0 -1 0 0 -1 -0 0 -1 0 0 -1 -0 -0 -1 0 0 -1 0 0 -1 -0 0 -1 0 0 -1 -0 0 -1 0 -0 -1 0 0 -1 0 -0 -1 0 0 -1 0 -0 -1 0 0 -1 0 -0 -1 0 -0 -1 0 0 -1 0 -0 -1 0 0 -1 0 -0 -1 0 0 -1 0 -0 -1 0 0 -1 0 -0 -1 0 -0 -1 0 0 -1 0 -0 -1 0 0 -1 0 -0 -1 0 -0 -1 0 0 -1 0 -0 -1 0 0 -1 0 -0 -1 0 0 -1 0 -0 -1 0 0 -1 0 -0 -1 0 -0 -1 0 0 -1 0 -0 -1 0 -0 -1 0 0 -1 0 -0 -1 0 0 -1 0 -0 -1 0 0 -1 0 -0 -1 0 0 -1 0 0 -1 0 -0 -1 0 0 -1 0 0 -1 0 -0 -1 0 0 -1 0 0 -1 0 -0 -1 0 0 -1 0 0 -1 0 0 -1 0 0 -1 0 -0 -1 0 0 -1 0 0 -1 0 -0 -1 0 0 -1 0 0 -1 0 0 -1 0 -0 -1 0 0 -1 0 0 -1 0 -0 -1 0 0 -1 0 0 -1 0 0 -1 0 0 -1 0 -0 -1 0 0 -1 0 0 -1 0 0 -1 0 0 -1 0 -0 -1 0 0 -1 -0 0 -1 -0 0 -1 0 -0 -1 0 0 -1 -0 0 -1 -0 0 -1 -0 0 -1 0 0 -1 -0 0 -1 0 0 -1 -0 0 -1 -0 0 -1 0 -0 -1 0 -0 -1 0 0 -1 -0 0 -1 -0 0 -1 -0 0 -1 0 0 -1 0 -0 -1 0 0 -1 0 0 -1 -0 0 -1 -0 -0 -1 0 0 -1 0 0 -1 0 0 -1 0 0 -1 0 -0 -1 0 0 -1 0 0 -1 0 0 -1 0 -0 -1 0 0 -1 0 0 -1 0 0 -1 0 -0 -1 0 0 -1 0 0 -1 0 0 -1 0 -0 -1 0 0 -1 0 0 -1 0 -0 -1 0 0 -1 0 0 -1 0 0 -1 0 0 -1 0 -0 -1 0 0 -1 0 0 -1 0 -0 -1 0 0 -1 0 0 -1 0 -0 -1 0 0 -1 0 0 -1 0 -0 -1 0 0 -1 0 -0 -1 0 -0 -1 0 -0 -1 0 -0 -1 0 0 -1 0 -0 -1 0 -0 -1 0 0 -1 0 -0 -1 0 0 -1 0 -0 -1 0 -0 -1 0 0 -1 0 0 -1 0 -0 -1 0 -0 -1 0 0 -1 0 -0 -1 0 0 -1 0 -0 -1 0 -0 -1 0 0 -1 0 -0 -1 0 -0 -1 0 0 -1 0 0 -1 0 -0 -1 0 0 -1 0 -0 -1 0 -0 -1 0 0 -1 0 -0 -1 0 0 -1 0 -0 -1 0 0 -1 0 -0 -1 0 -0 -1 0 0 -1 0 0 -1 0 -0 -1 0 0 -1 0 0 -1 -0 -0 -1 0 0 -1 0 0 -1 -0 0 -1 0 0 -1 -0 0 -1 0 0 -1 -0 -0 -1 0 -0 -1 0 0 -1 0 0 -1 -0 0 -1 0 0 -1 -0 0 -1 0 0 -1 -0 0 -1 0 -0 -1 0 -0 -1 0 0 -1 -0 0 -1 0 0 -1 -0 0 -1 0 0 -1 -0 -0 -1 0 0 -1 0 0 -1 -0 0 -1 0 0 -1 -0 0 -1 0 -0 -1 0 0 -1 -0 0 -1 0 0 -1 -0 -0 -1 0 0 -1 0 0 -1 -0 0 -1 0 0 -1 0 -0 -1 0 -0 -1 0 -0 -1 0 -0 -1 0 -0 -1 0 -0 -1 0 -0 -1 0 -0 -1 0 -0 -1 0 -0 -1 0 -0 -1 0 -0 -1 0 -0 -1 0 -0 -1 0 -0 -1 0 -0 -1 0 -0 -1 0 -0 -1 0 -0 -1 0 -0 -1 0 -0 -1 0 -0 -1 0 -0 -1 0 -0 -1 0 -0 -1 0 0 -1 0 0 -1 0 0 -1 0 0 -1 0 0 -1 0 0 -1 0 0 -1 0 -0 -1 0 -0 -1 -0 -0 -1 -0 -0 -1 -0 -0 -1 -0 -0 -1 -0 0 -1 -0 0 -1 -0 0 -1 -0 0 -1 -0 0 -1 -0 -0 -1 0 0 -1 0 0 -1 0 0 -1 0 0 -1 0 0 -1 0 0 -1 0 0 -1 0 0 -1 0 0 -1 0 0 -1 0 -0 -1 0 0 -1 0 -0 -1 0 0 -1 0 -0 -1 0 0 -1 0 -0 -1 0 0 -1 0 -0 -1 0 0 -1 0 -0 -1 0 0 -1 0 0 -1 0 0 -1 0 0 -1 0 0 -1 0 -0 -1 0 0 -1 0 0 -1 -0 0 -1 -0 0 -1 -0 0 -1 -0 0 -1 -0 0 -1 0 -0 -1 0 0 -1 0 -0 -1 0 0 -1 0 -0 -1 0 0 -1 0 -0 -1 0 0 -1 0 -0 -1 0 -0 -1 0 -0 -1 -0 0 -1 0 -0 -1 -0 0 -1 0 -0 -1 -0 0 -1 0 -0 -1 -0 0 -1 0 0 -1 0 -0 -1 -0 0 -1 0 0 -1 -0 -0 -1 0 0 -1 0 0 -1 0 0 -1 0 0 -1 0 0 -1 0 0 -1 0 0 -1 0 0 -1 0 0 -1 0 0 -1 0 -0 -1 0 0 -1 0 0 -1 0 0 -1 -0 0 -1 0 0 -1 -0 0 -1 0 0 -1 -0 0 -1 0 0 -1 -0 0 -1 0 0 -1 -0 0 -1 0 0 -1 -0 0 -1 0 0 -1 -0 0 -1 0 0 -1 -0 0 -1 0 -0 -1 0 0 -1 0 0 -1 -0 0.9996892 0 -0.02492991 0.9972038 0 -0.07472993 0.9996892 0 -0.02492991 0.9922391 0 -0.1243445 0.9972038 0 -0.07472993 0.9848077 0 -0.1736481 0.9922391 0 -0.1243445 0.9749279 0 -0.222521 0.9848077 0 -0.1736481 0.9626244 0 -0.2708401 0.9749279 0 -0.222521 0.9479272 0 -0.3184869 0.9626244 0 -0.2708401 0.9308739 0 -0.3653405 0.9479272 0 -0.3184869 0.9115058 0 -0.4112872 0.9308739 0 -0.3653405 0.889872 0 -0.4562104 0.9115058 0 -0.4112872 0.8660252 0 -0.5000004 0.889872 0 -0.4562104 0.8660252 0 -0.5000004 0.8400262 0 -0.5425458 0.8400262 0 -0.5425458 0.8119377 0 -0.583744 0.8119377 0 -0.583744 0.7818317 0 -0.6234896 0.7818317 0 -0.6234896 0.7497814 0 -0.6616857 0.7497814 0 -0.6616857 0.7158664 0 -0.6982372 0.7158664 0 -0.6982372 0.6801727 0 -0.7330519 0.6801727 0 -0.7330519 0.6427875 0 -0.7660446 0.6427875 0 -0.7660446 0.6038045 0 -0.7971324 0.5633202 0 -0.8262386 0.6038045 0 -0.7971324 0.5633202 0 -0.8262386 0.5214346 0 -0.8532912 0.4782547 0 -0.8782212 0.5214346 0 -0.8532912 0.4338835 0 -0.900969 0.4782547 0 -0.8782212 0.3884353 0 -0.921476 0.4338835 0 -0.900969 0.3420196 0 -0.9396929 0.3884353 0 -0.921476 0.2947555 0 -0.9555727 0.3420196 0 -0.9396929 0.2467572 0 -0.9690773 0.2947555 0 -0.9555727 0.1981461 0 -0.9801725 0.2467572 0 -0.9690773 0.1490424 0 -0.9888309 0.1981461 0 -0.9801725 0.09956773 0 -0.9950308 0.1490424 0 -0.9888309 0.04984548 0 -0.9987569 0.09956773 0 -0.9950308 0 -0 -1 0.04984548 0 -0.9987569 -0.04984548 -0 -0.9987569 0 0 -1 -0.09956773 -0 -0.9950308 -0.04984548 -0 -0.9987569 -0.1490424 -0 -0.9888309 -0.09956773 -0 -0.9950308 -0.1981461 -0 -0.9801725 -0.1490424 -0 -0.9888309 -0.1981461 -0 -0.9801725 -0.2467572 -0 -0.9690773 -0.2467572 -0 -0.9690773 -0.2947555 -0 -0.9555727 -0.2947555 -0 -0.9555727 -0.3420196 -0 -0.9396929 -0.3884353 -0 -0.921476 -0.3420196 -0 -0.9396929 -0.4338835 -0 -0.900969 -0.3884353 -0 -0.921476 -0.4782547 -0 -0.8782212 -0.4338835 -0 -0.900969 -0.5214346 -0 -0.8532912 -0.4782547 -0 -0.8782212 -0.5214346 -0 -0.8532912 -0.6038045 -0 -0.7971324 -0.5633202 -0 -0.8262386 -0.5633202 0 -0.8262386 -0.6427875 -0 -0.7660446 -0.6038045 -0 -0.7971324 -0.6801727 -0 -0.7330519 -0.6427875 -0 -0.7660446 -0.7158664 -0 -0.6982372 -0.6801727 -0 -0.7330519 -0.7497814 -0 -0.6616857 -0.7158664 -0 -0.6982372 -0.7818317 -0 -0.6234896 -0.7497814 -0 -0.6616857 -0.8119377 -0 -0.583744 -0.7818317 -0 -0.6234896 -0.8400262 -0 -0.5425458 -0.8119377 -0 -0.583744 -0.8400262 -0 -0.5425458 -0.8660252 0 -0.5000004 -0.889872 -0 -0.4562104 -0.8660252 -0 -0.5000004 -0.889872 -0 -0.4562104 -0.9115058 -0 -0.4112872 -0.9115058 -0 -0.4112872 -0.9308739 0 -0.3653405 -0.9479272 -0 -0.3184869 -0.9308739 -0 -0.3653405 -0.9479272 -0 -0.3184869 -0.9626244 -0 -0.2708401 -0.9626244 -0 -0.2708401 -0.9749279 0 -0.222521 -0.9848077 -0 -0.1736481 -0.9749279 -0 -0.222521 -0.9848077 -0 -0.1736481 -0.9922391 0 -0.1243445 -0.9972038 -0 -0.07472993 -0.9922391 -0 -0.1243445 -0.9996892 -0 -0.02492991 -0.9972038 -0 -0.07472993 -0.9996892 3.557717e-15 -0.02492991 -0.9996892 0 0.02492991 -0.9972038 0 0.07472993 -0.9996892 0 0.02492991 -0.9972038 0 0.07472993 -0.9922391 0 0.1243445 -0.9848077 0 0.1736481 -0.9922391 0 0.1243445 -0.9848077 0 0.1736481 -0.9749279 0 0.222521 -0.9626244 0 0.2708401 -0.9749279 0 0.222521 -0.9626244 0 0.2708401 -0.9479272 0 0.3184869 -0.9479272 0 0.3184869 -0.9308739 0 0.3653405 -0.9308739 0 0.3653405 -0.9115058 0 0.4112872 -0.9115058 0 0.4112872 -0.889872 0 0.4562104 -0.889872 0 0.4562104 -0.8660252 0 0.5000004 -0.8660252 0 0.5000004 -0.8400262 0 0.5425458 -0.8400262 0 0.5425458 -0.8119377 0 0.583744 -0.8119377 0 0.583744 -0.7818317 0 0.6234896 -0.7818317 0 0.6234896 -0.7497814 0 0.6616857 -0.7497814 0 0.6616857 -0.7158664 0 0.6982372 -0.6801727 0 0.7330519 -0.7158664 0 0.6982372 -0.6427875 0 0.7660446 -0.6801727 0 0.7330519 -0.6038045 0 0.7971324 -0.6427875 0 0.7660446 -0.5633202 0 0.8262386 -0.6038045 0 0.7971324 -0.5214346 0 0.8532912 -0.5633202 0 0.8262386 -0.4782547 0 0.8782212 -0.5214346 0 0.8532912 -0.4782547 0 0.8782212 -0.3884353 0 0.921476 -0.4338835 0 0.900969 -0.4338835 0 0.900969 -0.3420196 0 0.9396929 -0.3884353 0 0.921476 -0.3420196 0 0.9396929 -0.2947555 0 0.9555727 -0.2947555 0 0.9555727 -0.2467572 0 0.9690773 -0.2467572 0 0.9690773 -0.1981461 0 0.9801725 -0.1490424 0 0.9888309 -0.1981461 0 0.9801725 -0.1490424 0 0.9888309 -0.09956773 0 0.9950308 -0.04984548 0 0.9987569 -0.09956773 0 0.9950308 -0.04984548 0 0.9987569 0 0 1 0 0 1 0.04984548 0 0.9987569 0.09956773 0 0.9950308 0.04984548 0 0.9987569 0.09956773 0 0.9950308 0.1490424 0 0.9888309 0.1490424 0 0.9888309 0.1981461 0 0.9801725 0.1981461 0 0.9801725 0.2947555 0 0.9555727 0.2467572 0 0.9690773 0.2467572 0 0.9690773 0.3420196 0 0.9396929 0.2947555 0 0.9555727 0.3420196 0 0.9396929 0.4338835 0 0.900969 0.3884353 0 0.921476 0.3884353 0 0.921476 0.4338835 0 0.900969 0.4782547 0 0.8782212 0.4782547 0 0.8782212 0.5214346 0 0.8532912 0.5214346 0 0.8532912 0.5633202 0 0.8262386 0.5633202 0 0.8262386 0.6038045 0 0.7971324 0.6038045 0 0.7971324 0.6427875 0 0.7660446 0.6427875 0 0.7660446 0.7158664 0 0.6982372 0.6801727 0 0.7330519 0.6801727 0 0.7330519 0.7497814 0 0.6616857 0.7158664 0 0.6982372 0.7497814 0 0.6616857 0.7818317 0 0.6234896 0.8119377 0 0.583744 0.7818317 0 0.6234896 0.8119377 0 0.583744 0.8400262 0 0.5425458 0.8660252 0 0.5000004 0.8400262 0 0.5425458 0.8660252 0 0.5000004 0.889872 0 0.4562104 0.9115058 0 0.4112872 0.889872 0 0.4562104 0.9115058 0 0.4112872 0.9308739 0 0.3653405 0.9308739 0 0.3653405 0.9479272 0 0.3184869 0.9479272 0 0.3184869 0.9749279 0 0.222521 0.9626244 0 0.2708401 0.9626244 0 0.2708401 0.9749279 0 0.222521 0.9922391 0 0.1243445 0.9848077 0 0.1736481 0.9848077 0 0.1736481 0.9922391 0 0.1243445 0.9996892 0 0.02492991 0.9972038 0 0.07472993 0.9972038 0 0.07472993 0.9996892 0 0.02492991 0 1 0 0 1 0 -0 1 0 0 1 0 0 1 0 0 1 0 -0 1 0 0 1 0 -0 1 0 0 1 0 0 1 0 0 1 0 -0 1 0 0 1 0 -0 1 0 0 1 0 0 1 0 0 1 0 -0 1 0 0 1 0 -0 1 0 0 1 0 0 1 0 0 1 0 -0 1 0 0 1 0 -0 1 0 0 1 0 0 1 0 -0 1 0 0 1 0 0 1 0 0 1 0 -0 1 0 0 1 0 -0 1 0 0 1 0 0 1 0 0 1 0 -0 1 0 0 1 0 -0 1 0 0 1 0 0 1 0 -0 1 0 0 1 0 0 1 0 0 1 0 -0 1 0 0 1 0 0 1 0 0 1 0 0 1 0 0 1 0 0 1 0 0 1 0 0 1 0 0 1 0 0 1 0 0 1 0 0 1 0 0 1 0 0 1 0 0 1 0 0 1 0 0 1 0 0 1 0 0 1 0 0 1 0 0 1 0 0 1 0 0 1 0 -0 1 0 0 1 0 0 1 0 0 1 0 -0 1 0 0 1 0 0 1 0 0 1 0 -0 1 0 0 1 0 0 1 0 -0 1 0 0 1 0 0 1 0 0 1 0 -0 1 0 0 1 0 0 1 0 -0 1 0 0 1 0 0 1 0 0 1 0 0 1 0 -0 1 0 0 1 0 0 1 0 -0 1 0 0 1 0 0 1 0 0 1 0 -0 1 0 0 1 0 0 1 0 0 1 0 -0 1 0 0 1 0 0 1 0 0 1 0 -0 1 0 0 1 0 0 1 0 0 1 0 -0 1 0 0 1 0 0 1 0 0 1 0 0 1 0 -0 1 0 0 1 0 0 1 0 -0 1 0 0 1 0 0 1 0 0 1 0 -0 1 0 0 1 0 0 1 0 0 1 0 -0 1 0 0 1 0 0 1 0 0 1 0 0 1 0 -0 1 0 0 1 0 0 1 0 -0 1 0 0 1 0 0 1 0 0 1 0 0 1 0 -0 1 0 0 1 0 0 1 0 0 1 0 -0 1 0 0 1 0 0 1 0 0 1 0 -0 1 0 0 1 0 0 1 0 -0 1 0 0 1 0 0 1 0 0 1 0 0 1 0 -0 1 0 0 1 0 0 1 0 -0 1 0 0 1 0 0 1 0 0 1 0 -0 1 0 0 1 0 0 1 0 -0 1 0 0 1 0 0 1 0 0 1 0 -0 1 0 0 1 0 0 1 0 0 1 0 0 1 0 0 1 0 0 1 0 0 1 0 0 1 0 0 1 0 0 1 0 0 1 0 0 1 0 0 1 0 0 1 0 0 1 0 0 1 0 0 1 0 0 1 0 0 1 0 0 1 0 0 1 0 0 1 0 0 1 0 0 1 0 0 1 0 0 1 0 0 1 0 0 1 0 0 1 0 0 1 0 0 1 0 -0 1 0 0 1 0 0 1 0 -0 1 0 0 1 0 0 1 0 -0 1 0 0 1 0 0 1 0 -0 1 0 0 1 0 0 1 0 -0 1 0 0 1 0 0 1 0 -0 1 0 0 1 0 0 1 0 -0 1 0 0 1 0 -0 1 0 0 1 0 0 1 0 0 1 0 -0 1 0 0 1 0 -0 1 0 0 1 0 0 1 0 0 1 0 -0 1 0 0 1 0 -0 1 0 0 1 0 0 1 0 0 1 0 -0 1 0 0 1 0 -0 1 0 0 1 0 0 1 0 0 1 0 -0 1 0 0 1 0 -0 1 0 0 1 0 0 1 0 0.7071068 0 -0.7071068 0.7071068 0 -0.7071068 1 0 -0 1 0 0 0.7071068 0 0.7071068 0.7071068 0 0.7071068 0 0 1 0 0 1 -0.9996892 -2.564508e-18 0.02493109 -0.9996892 0 0.02493109 -0.9972038 0 0.07472966 -0.9972038 0 0.07472966 -0.9922393 0 0.1243432 -0.9922393 0 0.1243432 -0.9749278 0 0.2225215 -0.9848077 0 0.1736483 -0.9848077 0 0.1736483 -0.9749278 0 0.2225215 -0.9479272 0 0.3184869 -0.9626244 0 0.2708396 -0.9626244 0 0.2708396 -0.9479272 0 0.3184869 -0.9308735 0 0.3653416 -0.9308735 0 0.3653416 -0.911506 0 0.411287 -0.911506 0 0.411287 -0.8660253 0 0.5000002 -0.8898721 0 0.4562103 -0.8898721 0 0.4562103 -0.8660253 0 0.5000002 -0.8400258 0 0.5425464 -0.8400258 0 0.5425464 -0.8119378 0 0.5837439 -0.7818317 0 0.6234895 -0.8119378 0 0.5837439 -0.7818317 0 0.6234895 -0.7158663 0 0.6982374 -0.7497813 0 0.6616858 -0.7497813 0 0.6616858 -0.7158663 0 0.6982374 -0.6801727 0 0.7330518 -0.6801727 0 0.7330518 -0.6427876 0 0.7660444 -0.6427876 0 0.7660444 -0.6038048 0 0.7971322 -0.6038048 0 0.7971322 -0.521436 0 0.8532904 -0.5633196 0 0.8262391 -0.5633196 0 0.8262391 -0.521436 0 0.8532904 -0.4782536 0 0.8782218 -0.4782536 0 0.8782218 -0.4338835 0 0.900969 -0.4338835 0 0.900969 -0.3420187 0 0.9396932 -0.3884358 0 0.9214758 -0.3884358 0 0.9214758 -0.3420187 0 0.9396932 -0.2467567 0 0.9690775 -0.2947566 0 0.9555724 -0.2947566 0 0.9555724 -0.2467567 0 0.9690775 -0.1981456 0 0.9801726 -0.1490429 0 0.9888308 -0.1981456 0 0.9801726 -0.1490429 0 0.9888308 -0.09956822 0 0.9950307 -0.09956822 0 0.9950307 -0.04984483 0 0.9987569 0 -0 1 -0.04984483 0 0.9987569 0 0 1 0.04984483 0 0.9987569 0.04984483 0 0.9987569 0.1490429 -0 0.9888308 0.09956822 0 0.9950307 0.09956822 0 0.9950307 0.1490429 0 0.9888308 0.1981456 0 0.9801726 0.1981456 0 0.9801726 0.2467567 0 0.9690775 0.2467567 0 0.9690775 0.2947566 0 0.9555724 0.3420187 -0 0.9396932 0.2947566 0 0.9555724 0.3420187 0 0.9396932 0.3884358 0 0.9214758 0.3884358 0 0.9214758 0.4338835 0 0.900969 0.4782536 -0 0.8782218 0.4338835 0 0.900969 0.4782536 0 0.8782218 0.521436 0 0.8532904 0.521436 0 0.8532904 0.5633196 0 0.8262391 0.5633196 0 0.8262391 0.6038048 0 0.7971322 0.6038048 0 0.7971322 0.6427876 0 0.7660444 0.6801727 -0 0.7330518 0.6427876 0 0.7660444 0.6801727 0 0.7330518 0.7158663 -0 0.6982374 0.7158663 0 0.6982374 0.7497813 -0 0.6616858 0.7497813 0 0.6616858 0.7818317 0 0.6234895 0.7818317 0 0.6234895 0.8119378 0 0.5837439 0.8119378 0 0.5837439 0.8400258 0 0.5425464 0.8400258 0 0.5425464 0.8660253 0 0.5000002 0.8660253 0 0.5000002 0.8898721 0 0.4562103 0.8898721 0 0.4562103 0.911506 0 0.411287 0.911506 0 0.411287 0.9479272 -0 0.3184869 0.9308735 0 0.3653416 0.9308735 0 0.3653416 0.9479272 0 0.3184869 0.9626244 0 0.2708396 0.9626244 0 0.2708396 0.9848077 -0 0.1736483 0.9749278 0 0.2225215 0.9749278 0 0.2225215 0.9848077 0 0.1736483 0.9922393 0 0.1243432 0.9922393 0 0.1243432 0.9972038 0 0.07472966 0.9972038 0 0.07472966 0.9996892 0 0.02493109 0.9996892 0 0.02493109 0.9996892 0 -0.02493109 0.9996892 0 -0.02493109 0.9972038 0 -0.07472966 0.9972038 0 -0.07472966 0.9922393 0 -0.1243432 0.9922393 0 -0.1243432 0.9848077 0 -0.1736483 0.9848077 0 -0.1736483 0.9749278 0 -0.2225215 0.9749278 0 -0.2225215 0.9626244 0 -0.2708396 0.9626244 0 -0.2708396 0.9479272 0 -0.3184869 0.9479272 0 -0.3184869 0.9308735 0 -0.3653416 0.9308735 0 -0.3653416 0.911506 0 -0.411287 0.8898721 0 -0.4562103 0.911506 0 -0.411287 0.8898721 0 -0.4562103 0.8660253 0 -0.5000002 0.8660253 0 -0.5000002 0.8400258 0 -0.5425464 0.8400258 0 -0.5425464 0.8119378 0 -0.5837439 0.8119378 0 -0.5837439 0.7818317 0 -0.6234895 0.7818317 0 -0.6234895 0.7497813 0 -0.6616858 0.7497813 0 -0.6616858 0.7158663 0 -0.6982374 0.7158663 0 -0.6982374 0.6801727 0 -0.7330518 0.6801727 0 -0.7330518 0.6427876 0 -0.7660444 0.6427876 0 -0.7660444 0.6038048 0 -0.7971322 0.6038048 0 -0.7971322 0.5633196 0 -0.8262391 0.5633196 0 -0.8262391 0.521436 0 -0.8532904 0.521436 0 -0.8532904 0.4782536 0 -0.8782218 0.4782536 0 -0.8782218 0.4338835 0 -0.900969 0.4338835 0 -0.900969 0.3884358 0 -0.9214758 0.3884358 0 -0.9214758 0.3420187 0 -0.9396932 0.3420187 0 -0.9396932 0.2947566 0 -0.9555724 0.2947566 0 -0.9555724 0.2467567 0 -0.9690775 0.2467567 0 -0.9690775 0.1981456 0 -0.9801726 0.1981456 0 -0.9801726 0.1490429 0 -0.9888308 0.1490429 0 -0.9888308 0.09956822 0 -0.9950307 0.09956822 0 -0.9950307 0.04984483 0 -0.9987569 0.04984483 0 -0.9987569 0 0 -1 0 0 -1 -0.04984483 0 -0.9987569 -0.04984483 -0 -0.9987569 -0.09956822 0 -0.9950307 -0.09956822 -0 -0.9950307 -0.1490429 0 -0.9888308 -0.1490429 -0 -0.9888308 -0.1981456 0 -0.9801726 -0.1981456 -0 -0.9801726 -0.2947566 0 -0.9555724 -0.2467567 0 -0.9690775 -0.2467567 -0 -0.9690775 -0.2947566 0 -0.9555724 -0.3420187 0 -0.9396932 -0.3420187 -0 -0.9396932 -0.3884358 0 -0.9214758 -0.3884358 -0 -0.9214758 -0.4782536 0 -0.8782218 -0.4338835 0 -0.900969 -0.4338835 -0 -0.900969 -0.4782536 0 -0.8782218 -0.5633196 0 -0.8262391 -0.521436 0 -0.8532904 -0.521436 -0 -0.8532904 -0.5633196 0 -0.8262391 -0.6038048 0 -0.7971322 -0.6038048 -0 -0.7971322 -0.6801727 0 -0.7330518 -0.6427876 0 -0.7660444 -0.6427876 -0 -0.7660444 -0.6801727 0 -0.7330518 -0.7158663 0 -0.6982374 -0.7158663 -0 -0.6982374 -0.7818317 0 -0.6234895 -0.7497813 0 -0.6616858 -0.7497813 -0 -0.6616858 -0.7818317 0 -0.6234895 -0.8119378 -0 -0.5837439 -0.8119378 0 -0.5837439 -0.8400258 0 -0.5425464 -0.8400258 -0 -0.5425464 -0.8660253 -0 -0.5000002 -0.8898721 0 -0.4562103 -0.8660253 0 -0.5000002 -0.8898721 0 -0.4562103 -0.911506 0 -0.411287 -0.911506 -0 -0.411287 -0.9308735 0 -0.3653416 -0.9308735 -0 -0.3653416 -0.9479272 0 -0.3184869 -0.9479272 -0 -0.3184869 -0.9749278 0 -0.2225215 -0.9626244 0 -0.2708396 -0.9626244 -0 -0.2708396 -0.9749278 0 -0.2225215 -0.9848077 0 -0.1736483 -0.9848077 -0 -0.1736483 -0.9922393 0 -0.1243432 -0.9922393 -0 -0.1243432 -0.9972038 0 -0.07472966 -0.9972038 -0 -0.07472966 -0.9996892 0 -0.02493109 -0.9996892 -0 -0.02493109 -0.7071068 0 0.7071068 -0.7071068 0 0.7071068 -1 0 -0 -1 -0 0 -0.7071068 -0 -0.7071068 -0.7071068 -0 -0.7071068 0 0 -1 0 0 -1 0 -1 0 0 -1 0 0 -1 0 0 -1 0 0 -1 0 0 -1 0 0 -1 0 0 -1 0 0 -1 0 0 -1 0 0 -1 0 0 -1 0 0 -1 0 -0 -1 0 0 -1 0 0 -1 0 0 -1 -0 0 -1 0 0 -1 -0 0 -1 0 0 -1 -0 0 -1 0 0 -1 -0 0 -1 0 0 -1 -0 0 -1 0 0 -1 -0 0 -1 0 0 -1 -0 0 -1 0 0 -1 -0 0 -1 0 -0 -1 -0 0 -1 0 0 -1 0 0 -1 0 0 -1 0 0 -1 0 0 -1 0 0 -1 0 0 -1 -0 0 -1 -0 0 -1 -0 0 -1 -0 0 -1 -0 0 -1 -0 0 -1 -0 0 -1 0 -0 -1 0 0 -1 0 -0 -1 0 0 -1 0 -0 -1 0 -0 -1 0 -0 -1 -0 0 -1 0 -0 -1 -0 0 -1 0 -0 -1 -0 0 -1 0 -0 -1 -0 0 -1 0 -0 -1 -0 0 -1 0 -0 -1 -0 0 -1 0 -0 -1 -0 0 -1 -0 0 -1 -0 0 -1 -0 -0 -1 -0 -0 -1 -0 -0 -1 -0 -0 -1 -0 -0 -1 -0 -0 -1 -0 0 -1 0 0 -1 0 0 -1 0 0 -1 0 0 -1 0 0 -1 0 0 -1 0 0 -1 0 0 -1 0 0 -1 0 -0 -1 0 0 -1 0 -0 -1 0 0 -1 0 -0 -1 0 0 -1 0 -0 -1 0 0 -1 0 -0 -1 0 0 -1 0 -0 -1 0 0 -1 0 -0 -1 0 -0 -1 0 0 -1 0 0 -1 0 0 -1 0 0 -1 0 0 -1 0 0 -1 0 0 -1 0 -0 -1 0 -0 -1 0 -0 -1 0 -0 -1 0 -0 -1 0 -0 -1 0 -0 -1 0 -0 -1 0 -0 -1 0 -0 -1 0 -0 -1 0 -0 -1 0 -0 -1 0 -0 -1 0 -0 -1 0 -0 -1 0 -0 -1 0 -0 -1 0 -0 -1 0 -0 -1 0 -0 -1 0 -0 -1 0 -0 -1 0 -0 -1 0 -0 -1 0 -0 -1 0 0 -1 0</float_array>
          <technique_common>
            <accessor count="2048" source="#cubenormals-array0-array" stride="3">
              <param type="float" name="X"/>
              <param type="float" name="Y"/>
              <param type="float" name="Z"/>
            </accessor>
          </technique_common>
        </source>
        <vertices id="cubeverts-array0-vertices">
          <input semantic="POSITION" source="#cubeverts-array0"/>
        </vertices>
        <triangles count="2048" material="ref_Part__Feature001">
          <input offset="0" semantic="VERTEX" source="#cubeverts-array0-vertices"/>
          <input offset="1" semantic="NORMAL" source="#cubenormals-array0"/>
          <p>0 0 1 0 2 0 2 1 1 1 3 1 3 2 4 2 5 2 1 3 4 3 3 3 5 4 6 4 7 4 4 5 6 5 5 5 7 6 8 6 9 6 6 7 8 7 7 7 9 8 10 8 11 8 8 9 10 9 9 9 11 10 12 10 13 10 10 11 12 11 11 11 13 12 14 12 15 12 12 13 14 13 13 13 15 14 16 14 17 14 14 15 16 15 15 15 17 16 18 16 19 16 16 17 18 17 17 17 19 18 20 18 21 18 18 19 20 19 19 19 20 20 22 20 21 20 21 21 22 21 23 21 22 22 24 22 23 22 23 23 24 23 25 23 24 24 26 24 25 24 25 25 26 25 27 25 26 26 28 26 27 26 27 27 28 27 29 27 28 28 30 28 29 28 29 29 30 29 31 29 30 30 32 30 31 30 31 31 32 31 33 31 32 32 34 32 33 32 33 33 34 33 35 33 34 34 36 34 35 34 35 35 36 35 37 35 36 36 38 36 37 36 37 37 38 37 39 37 38 38 40 38 39 38 39 39 40 39 41 39 40 40 42 40 41 40 41 41 42 41 43 41 42 42 44 42 43 42 43 43 44 43 45 43 45 44 46 44 47 44 44 45 46 45 45 45 47 46 48 46 49 46 46 47 48 47 47 47 49 48 50 48 51 48 48 49 50 49 49 49 51 50 52 50 53 50 50 51 52 51 51 51 53 52 54 52 55 52 52 53 54 53 53 53 55 54 56 54 57 54 54 55 56 55 55 55 57 56 58 56 59 56 56 57 58 57 57 57 59 58 60 58 61 58 58 59 60 59 59 59 61 60 62 60 63 60 60 61 62 61 61 61 63 62 64 62 65 62 62 63 64 63 63 63 65 64 66 64 67 64 64 65 66 65 65 65 67 66 68 66 69 66 66 67 68 67 67 67 69 68 70 68 71 68 68 69 70 69 69 69 71 70 72 70 73 70 70 71 72 71 71 71 72 72 74 72 73 72 73 73 74 73 75 73 74 74 76 74 75 74 75 75 76 75 77 75 76 76 78 76 77 76 77 77 78 77 79 77 78 78 80 78 79 78 79 79 80 79 81 79 80 80 82 80 81 80 81 81 82 81 83 81 82 82 84 82 83 82 83 83 84 83 85 83 84 84 86 84 85 84 85 85 86 85 87 85 86 86 88 86 87 86 87 87 88 87 89 87 88 88 90 88 89 88 89 89 90 89 91 89 90 90 92 90 91 90 91 91 92 91 93 91 92 92 94 92 93 92 93 93 94 93 95 93 94 94 96 94 95 94 95 95 96 95 97 95 96 96 98 96 97 96 97 97 98 97 99 97 98 98 100 98 99 98 99 99 100 99 101 99 100 100 102 100 101 100 101 101 102 101 103 101 102 102 104 102 103 102 103 103 104 103 105 103 104 104 106 104 105 104 105 105 106 105 107 105 106 106 108 106 107 106 107 107 108 107 109 107 108 108 110 108 109 108 109 109 110 109 111 109 110 110 112 110 111 110 111 111 112 111 113 111 112 112 114 112 113 112 113 113 114 113 115 113 115 114 116 114 117 114 114 115 116 115 115 115 117 116 118 116 119 116 116 117 118 117 117 117 119 118 120 118 121 118 118 119 120 119 119 119 121 120 122 120 123 120 120 121 122 121 121 121 122 122 124 122 123 122 123 123 124 123 125 123 124 124 126 124 125 124 125 125 126 125 127 125 126 126 128 126 127 126 127 127 128 127 129 127 128 128 130 128 129 128 129 129 130 129 131 129 130 130 132 130 131 130 131 131 132 131 133 131 132 132 134 132 133 132 133 133 134 133 135 133 134 134 136 134 135 134 135 135 136 135 137 135 136 136 138 136 137 136 137 137 138 137 139 137 138 138 140 138 139 138 139 139 140 139 141 139 140 140 142 140 141 140 141 141 142 141 143 141 142 142 144 142 143 142 143 143 144 143 145 143 144 144 146 144 145 144 145 145 146 145 147 145 147 146 148 146 149 146 146 147 148 147 147 147 149 148 150 148 151 148 148 149 150 149 149 149 151 150 152 150 153 150 150 151 152 151 151 151 153 152 154 152 155 152 152 153 154 153 153 153 155 154 156 154 157 154 154 155 156 155 155 155 157 156 158 156 159 156 156 157 158 157 157 157 159 158 160 158 161 158 158 159 160 159 159 159 161 160 162 160 163 160 160 161 162 161 161 161 163 162 164 162 165 162 162 163 164 163 163 163 165 164 166 164 167 164 164 165 166 165 165 165 167 166 168 166 169 166 166 167 168 167 167 167 169 168 170 168 171 168 168 169 170 169 169 169 171 170 172 170 173 170 170 171 172 171 171 171 173 172 174 172 175 172 172 173 174 173 173 173 174 174 176 174 175 174 175 175 176 175 177 175 176 176 178 176 177 176 177 177 178 177 179 177 178 178 180 178 179 178 179 179 180 179 181 179 180 180 182 180 181 180 181 181 182 181 183 181 183 182 184 182 185 182 182 183 184 183 183 183 185 184 186 184 187 184 184 185 186 185 185 185 187 186 188 186 189 186 186 187 188 187 187 187 189 188 190 188 191 188 188 189 190 189 189 189 191 190 192 190 193 190 190 191 192 191 191 191 193 192 194 192 195 192 192 193 194 193 193 193 195 194 196 194 197 194 194 195 196 195 195 195 197 196 198 196 199 196 196 197 198 197 197 197 199 198 200 198 201 198 198 199 200 199 199 199 201 200 202 200 203 200 200 201 202 201 201 201 203 202 204 202 205 202 202 203 204 203 203 203 205 204 206 204 207 204 204 205 206 205 205 205 207 206 208 206 209 206 206 207 208 207 207 207 209 208 210 208 211 208 208 209 210 209 209 209 211 210 212 210 213 210 210 211 212 211 211 211 213 212 214 212 215 212 212 213 214 213 213 213 215 214 216 214 217 214 214 215 216 215 215 215 217 216 218 216 219 216 216 217 218 217 217 217 219 218 220 218 221 218 218 219 220 219 219 219 221 220 222 220 223 220 220 221 222 221 221 221 222 222 224 222 223 222 223 223 224 223 225 223 224 224 226 224 225 224 225 225 226 225 227 225 226 226 228 226 227 226 227 227 228 227 229 227 228 228 230 228 229 228 229 229 230 229 231 229 230 230 232 230 231 230 231 231 232 231 233 231 232 232 234 232 233 232 233 233 234 233 235 233 234 234 236 234 235 234 235 235 236 235 237 235 236 236 238 236 237 236 237 237 238 237 239 237 238 238 240 238 239 238 239 239 240 239 241 239 240 240 242 240 241 240 241 241 242 241 243 241 242 242 244 242 243 242 243 243 244 243 245 243 244 244 246 244 245 244 245 245 246 245 247 245 246 246 248 246 247 246 247 247 248 247 249 247 249 248 248 248 250 248 248 249 251 249 250 249 250 250 0 250 2 250 251 251 0 251 250 251 252 252 253 252 254 252 254 253 253 253 255 253 255 254 256 254 257 254 253 255 256 255 255 255 257 256 258 256 259 256 256 257 258 257 257 257 259 258 260 258 261 258 258 259 260 259 259 259 261 260 262 260 263 260 260 261 262 261 261 261 263 262 264 262 265 262 262 263 264 263 263 263 265 264 266 264 267 264 264 265 266 265 265 265 267 266 268 266 269 266 266 267 268 267 267 267 269 268 270 268 271 268 268 269 270 269 269 269 271 270 272 270 273 270 270 271 272 271 271 271 272 272 274 272 273 272 273 273 274 273 275 273 274 274 276 274 275 274 275 275 276 275 277 275 276 276 278 276 277 276 277 277 278 277 279 277 278 278 280 278 279 278 279 279 280 279 281 279 281 280 282 280 283 280 280 281 282 281 281 281 283 282 284 282 285 282 282 283 284 283 283 283 285 284 286 284 287 284 284 285 286 285 285 285 287 286 288 286 289 286 286 287 288 287 287 287 289 288 290 288 291 288 288 289 290 289 289 289 291 290 292 290 293 290 290 291 292 291 291 291 293 292 294 292 295 292 292 293 294 293 293 293 295 294 296 294 297 294 294 295 296 295 295 295 297 296 298 296 299 296 296 297 298 297 297 297 299 298 300 298 301 298 298 299 300 299 299 299 301 300 302 300 303 300 300 301 302 301 301 301 303 302 304 302 305 302 302 303 304 303 303 303 305 304 306 304 307 304 304 305 306 305 305 305 307 306 308 306 309 306 306 307 308 307 307 307 309 308 310 308 311 308 308 309 310 309 309 309 311 310 312 310 313 310 310 311 312 311 311 311 313 312 314 312 315 312 312 313 314 313 313 313 315 314 316 314 317 314 314 315 316 315 315 315 317 316 318 316 319 316 316 317 318 317 317 317 319 318 320 318 321 318 318 319 320 319 319 319 321 320 322 320 323 320 320 321 322 321 321 321 323 322 324 322 325 322 322 323 324 323 323 323 324 324 326 324 325 324 325 325 326 325 327 325 326 326 328 326 327 326 327 327 328 327 329 327 328 328 330 328 329 328 329 329 330 329 331 329 330 330 332 330 331 330 331 331 332 331 333 331 332 332 334 332 333 332 333 333 334 333 335 333 334 334 336 334 335 334 335 335 336 335 337 335 336 336 338 336 337 336 337 337 338 337 339 337 338 338 340 338 339 338 339 339 340 339 341 339 340 340 342 340 341 340 341 341 342 341 343 341 342 342 344 342 343 342 343 343 344 343 345 343 344 344 346 344 345 344 345 345 346 345 347 345 347 346 348 346 349 346 346 347 348 347 347 347 349 348 350 348 351 348 348 349 350 349 349 349 351 350 352 350 353 350 350 351 352 351 351 351 353 352 354 352 355 352 352 353 354 353 353 353 355 354 356 354 357 354 354 355 356 355 355 355 357 356 358 356 359 356 356 357 358 357 357 357 359 358 360 358 361 358 358 359 360 359 359 359 361 360 362 360 363 360 360 361 362 361 361 361 363 362 364 362 365 362 362 363 364 363 363 363 365 364 366 364 367 364 364 365 366 365 365 365 367 366 368 366 369 366 366 367 368 367 367 367 369 368 370 368 371 368 368 369 370 369 369 369 371 370 372 370 373 370 370 371 372 371 371 371 373 372 374 372 375 372 372 373 374 373 373 373 374 374 376 374 375 374 375 375 376 375 377 375 376 376 378 376 377 376 377 377 378 377 379 377 378 378 380 378 379 378 379 379 380 379 381 379 380 380 382 380 381 380 381 381 382 381 383 381 382 382 384 382 383 382 383 383 384 383 385 383 384 384 386 384 385 384 385 385 386 385 387 385 386 386 388 386 387 386 387 387 388 387 389 387 388 388 390 388 389 388 389 389 390 389 391 389 390 390 392 390 391 390 391 391 392 391 393 391 392 392 394 392 393 392 393 393 394 393 395 393 394 394 396 394 395 394 395 395 396 395 397 395 396 396 398 396 397 396 397 397 398 397 399 397 398 398 400 398 399 398 399 399 400 399 401 399 400 400 402 400 401 400 401 401 402 401 403 401 402 402 404 402 403 402 403 403 404 403 405 403 404 404 406 404 405 404 405 405 406 405 407 405 406 406 408 406 407 406 407 407 408 407 409 407 408 408 410 408 409 408 409 409 410 409 411 409 410 410 412 410 411 410 411 411 412 411 413 411 412 412 414 412 413 412 413 413 414 413 415 413 414 414 416 414 415 414 415 415 416 415 417 415 417 416 418 416 419 416 416 417 418 417 417 417 419 418 420 418 421 418 418 419 420 419 419 419 421 420 422 420 423 420 420 421 422 421 421 421 423 422 424 422 425 422 422 423 424 423 423 423 425 424 426 424 427 424 424 425 426 425 425 425 426 426 428 426 427 426 427 427 428 427 429 427 428 428 430 428 429 428 429 429 430 429 431 429 430 430 432 430 431 430 431 431 432 431 433 431 432 432 434 432 433 432 433 433 434 433 435 433 434 434 436 434 435 434 435 435 436 435 437 435 436 436 438 436 437 436 437 437 438 437 439 437 438 438 440 438 439 438 439 439 440 439 441 439 440 440 442 440 441 440 441 441 442 441 443 441 442 442 444 442 443 442 443 443 444 443 445 443 444 444 446 444 445 444 445 445 446 445 447 445 446 446 448 446 447 446 447 447 448 447 449 447 448 448 450 448 449 448 449 449 450 449 451 449 451 450 452 450 453 450 450 451 452 451 451 451 453 452 454 452 455 452 452 453 454 453 453 453 455 454 456 454 457 454 454 455 456 455 455 455 457 456 458 456 459 456 456 457 458 457 457 457 459 458 460 458 461 458 458 459 460 459 459 459 461 460 462 460 463 460 460 461 462 461 461 461 463 462 464 462 465 462 462 463 464 463 463 463 465 464 466 464 467 464 464 465 466 465 465 465 467 466 468 466 469 466 466 467 468 467 467 467 469 468 470 468 471 468 471 469 470 469 472 469 468 470 470 470 469 470 470 471 473 471 472 471 472 472 474 472 475 472 473 473 474 473 472 473 475 474 476 474 477 474 474 475 476 475 475 475 476 476 478 476 477 476 477 477 478 477 479 477 478 478 480 478 479 478 479 479 480 479 481 479 480 480 482 480 481 480 481 481 482 481 483 481 482 482 484 482 483 482 483 483 484 483 485 483 485 484 486 484 487 484 484 485 486 485 485 485 487 486 488 486 489 486 486 487 488 487 487 487 489 488 490 488 491 488 488 489 490 489 489 489 491 490 492 490 493 490 490 491 492 491 491 491 493 492 494 492 495 492 492 493 494 493 493 493 495 494 496 494 497 494 494 495 496 495 495 495 497 496 498 496 499 496 496 497 498 497 497 497 499 498 500 498 501 498 498 499 500 499 499 499 501 500 502 500 503 500 500 501 502 501 501 501 503 502 252 502 254 502 502 503 252 503 503 503 284 504 504 504 505 504 282 505 504 505 284 505 282 506 506 506 504 506 286 507 284 507 505 507 286 508 505 508 507 508 280 509 508 509 506 509 280 510 506 510 282 510 288 511 286 511 507 511 288 512 507 512 509 512 278 513 510 513 508 513 278 514 508 514 280 514 290 515 288 515 509 515 290 516 509 516 511 516 276 517 512 517 510 517 276 518 510 518 278 518 292 519 290 519 511 519 292 520 511 520 513 520 274 521 514 521 512 521 274 522 512 522 276 522 294 523 292 523 513 523 294 524 513 524 515 524 272 525 514 525 274 525 272 526 516 526 514 526 296 527 294 527 515 527 296 528 515 528 517 528 270 529 516 529 272 529 270 530 518 530 516 530 298 531 296 531 517 531 298 532 517 532 519 532 268 533 518 533 270 533 268 534 520 534 518 534 300 535 298 535 519 535 300 536 519 536 521 536 266 537 520 537 268 537 266 538 522 538 520 538 302 539 300 539 521 539 302 540 521 540 523 540 264 541 522 541 266 541 264 542 524 542 522 542 304 543 302 543 523 543 304 544 523 544 525 544 262 545 524 545 264 545 526 546 524 546 262 546 306 547 304 547 525 547 306 548 525 548 527 548 260 549 526 549 262 549 528 550 526 550 260 550 308 551 306 551 527 551 308 552 527 552 529 552 258 553 528 553 260 553 530 554 528 554 258 554 310 555 308 555 529 555 310 556 529 556 531 556 256 557 530 557 258 557 532 558 530 558 256 558 312 559 310 559 531 559 312 560 531 560 533 560 253 561 532 561 256 561 534 562 532 562 253 562 314 563 312 563 533 563 314 564 533 564 535 564 252 565 534 565 253 565 536 566 534 566 252 566 316 567 314 567 535 567 316 568 535 568 537 568 502 569 536 569 252 569 538 570 536 570 502 570 318 571 316 571 537 571 318 572 537 572 539 572 500 573 538 573 502 573 320 574 318 574 539 574 320 575 539 575 540 575 541 576 538 576 500 576 498 577 541 577 500 577 322 578 320 578 540 578 322 579 540 579 542 579 543 580 541 580 498 580 496 581 543 581 498 581 324 582 542 582 544 582 324 583 322 583 542 583 545 584 543 584 496 584 494 585 545 585 496 585 326 586 324 586 544 586 326 587 544 587 546 587 547 588 545 588 494 588 492 589 547 589 494 589 328 590 546 590 548 590 328 591 326 591 546 591 549 592 547 592 492 592 490 593 549 593 492 593 330 594 548 594 550 594 330 595 328 595 548 595 551 596 549 596 490 596 488 597 551 597 490 597 332 598 550 598 552 598 332 599 330 599 550 599 486 600 551 600 488 600 486 601 553 601 551 601 334 602 552 602 554 602 334 603 332 603 552 603 555 604 553 604 486 604 484 605 555 605 486 605 336 606 554 606 556 606 336 607 334 607 554 607 557 608 555 608 484 608 482 609 557 609 484 609 338 610 556 610 558 610 338 611 336 611 556 611 559 612 557 612 482 612 480 613 559 613 482 613 340 614 558 614 560 614 340 615 338 615 558 615 561 616 559 616 480 616 478 617 561 617 480 617 342 618 560 618 562 618 342 619 340 619 560 619 563 620 561 620 478 620 476 621 563 621 478 621 344 622 562 622 564 622 344 623 342 623 562 623 565 624 563 624 476 624 474 625 565 625 476 625 346 626 564 626 566 626 346 627 344 627 564 627 567 628 565 628 474 628 567 629 474 629 473 629 348 630 346 630 566 630 568 631 348 631 566 631 569 632 567 632 473 632 569 633 473 633 470 633 350 634 348 634 568 634 570 635 350 635 568 635 468 636 569 636 470 636 571 637 569 637 468 637 352 638 350 638 570 638 572 639 352 639 570 639 573 640 571 640 468 640 573 641 468 641 466 641 354 642 352 642 572 642 574 643 354 643 572 643 575 644 573 644 466 644 575 645 466 645 464 645 356 646 354 646 574 646 576 647 356 647 574 647 577 648 575 648 464 648 577 649 464 649 462 649 358 650 356 650 576 650 578 651 358 651 576 651 579 652 577 652 462 652 579 653 462 653 460 653 360 654 358 654 578 654 580 655 360 655 578 655 581 656 460 656 458 656 581 657 579 657 460 657 362 658 360 658 580 658 582 659 362 659 580 659 583 660 458 660 456 660 583 661 581 661 458 661 364 662 362 662 582 662 584 663 364 663 582 663 585 664 456 664 454 664 585 665 583 665 456 665 366 666 364 666 584 666 586 667 366 667 584 667 587 668 454 668 452 668 587 669 585 669 454 669 368 670 366 670 586 670 588 671 368 671 586 671 589 672 452 672 450 672 589 673 587 673 452 673 370 674 368 674 588 674 590 675 370 675 588 675 591 676 450 676 448 676 591 677 589 677 450 677 372 678 370 678 590 678 592 679 372 679 590 679 593 680 591 680 448 680 593 681 448 681 446 681 374 682 372 682 592 682 594 683 374 683 592 683 376 684 374 684 594 684 595 685 446 685 444 685 595 686 593 686 446 686 596 687 376 687 594 687 597 688 444 688 442 688 597 689 595 689 444 689 598 690 378 690 376 690 598 691 376 691 596 691 380 692 378 692 598 692 599 693 597 693 442 693 599 694 442 694 440 694 600 695 380 695 598 695 601 696 440 696 438 696 601 697 599 697 440 697 602 698 380 698 600 698 602 699 382 699 380 699 384 700 382 700 602 700 603 701 601 701 438 701 603 702 438 702 436 702 604 703 384 703 602 703 605 704 603 704 436 704 605 705 436 705 434 705 606 706 384 706 604 706 606 707 386 707 384 707 607 708 605 708 434 708 607 709 434 709 432 709 608 710 386 710 606 710 608 711 388 711 386 711 609 712 432 712 430 712 609 713 607 713 432 713 610 714 388 714 608 714 610 715 392 715 390 715 610 716 390 716 388 716 611 717 430 717 428 717 611 718 609 718 430 718 612 719 392 719 610 719 613 720 428 720 426 720 613 721 611 721 428 721 614 722 396 722 394 722 614 723 394 723 392 723 614 724 392 724 612 724 615 725 426 725 424 725 615 726 613 726 426 726 616 727 396 727 614 727 617 728 615 728 424 728 617 729 424 729 422 729 617 730 422 730 420 730 618 731 396 731 616 731 618 732 398 732 396 732 619 733 617 733 420 733 620 734 398 734 618 734 620 735 402 735 400 735 620 736 400 736 398 736 621 737 619 737 420 737 621 738 420 738 418 738 622 739 402 739 620 739 622 740 404 740 402 740 623 741 621 741 418 741 623 742 418 742 416 742 624 743 404 743 622 743 624 744 406 744 404 744 625 745 623 745 416 745 625 746 416 746 414 746 626 747 406 747 624 747 627 748 625 748 414 748 627 749 414 749 412 749 628 750 406 750 626 750 628 751 408 751 406 751 629 752 627 752 412 752 629 753 408 753 628 753 629 754 412 754 410 754 629 755 410 755 408 755 630 756 222 756 220 756 631 757 222 757 630 757 220 758 218 758 630 758 631 759 224 759 222 759 218 760 216 760 630 760 631 761 226 761 224 761 216 762 214 762 630 762 630 763 214 763 632 763 631 764 228 764 226 764 214 765 212 765 632 765 631 766 230 766 228 766 633 767 230 767 631 767 212 768 210 768 632 768 633 769 232 769 230 769 210 770 208 770 632 770 633 771 234 771 232 771 208 772 206 772 632 772 632 773 206 773 634 773 635 774 236 774 633 774 633 775 236 775 234 775 206 776 204 776 634 776 635 777 238 777 236 777 204 778 202 778 634 778 635 779 240 779 238 779 202 780 200 780 634 780 636 781 242 781 635 781 635 782 242 782 240 782 200 783 198 783 634 783 634 784 198 784 637 784 636 785 244 785 242 785 198 786 196 786 637 786 636 787 246 787 244 787 196 788 194 788 637 788 638 789 248 789 636 789 636 790 248 790 246 790 194 791 192 791 637 791 638 792 251 792 248 792 192 793 190 793 637 793 637 794 190 794 639 794 640 795 0 795 638 795 638 796 0 796 251 796 190 797 188 797 639 797 640 798 1 798 0 798 188 799 186 799 639 799 640 800 4 800 1 800 186 801 184 801 639 801 641 802 6 802 640 802 640 803 6 803 4 803 184 804 182 804 639 804 641 805 8 805 6 805 182 806 180 806 639 806 639 807 180 807 642 807 643 808 10 808 641 808 641 809 10 809 8 809 180 810 178 810 642 810 644 811 12 811 643 811 643 812 12 812 10 812 178 813 176 813 642 813 644 814 14 814 12 814 176 815 174 815 642 815 645 816 16 816 644 816 644 817 16 817 14 817 174 818 172 818 642 818 642 819 172 819 646 819 647 820 18 820 645 820 645 821 18 821 16 821 172 822 170 822 646 822 647 823 20 823 18 823 170 824 168 824 646 824 648 825 22 825 647 825 647 826 22 826 20 826 168 827 166 827 646 827 649 828 24 828 648 828 648 829 24 829 22 829 166 830 164 830 646 830 646 831 164 831 650 831 651 832 26 832 649 832 649 833 26 833 24 833 164 834 162 834 650 834 652 835 28 835 651 835 651 836 28 836 26 836 162 837 160 837 650 837 653 838 30 838 652 838 652 839 30 839 28 839 160 840 158 840 650 840 654 841 32 841 653 841 653 842 32 842 30 842 158 843 156 843 650 843 650 844 156 844 655 844 656 845 34 845 654 845 657 846 34 846 656 846 654 847 34 847 32 847 156 848 154 848 655 848 658 849 36 849 657 849 657 850 36 850 34 850 154 851 152 851 655 851 659 852 38 852 658 852 660 853 38 853 659 853 658 854 38 854 36 854 152 855 150 855 655 855 661 856 40 856 660 856 660 857 40 857 38 857 150 858 148 858 655 858 655 859 148 859 662 859 663 860 42 860 661 860 664 861 42 861 663 861 661 862 42 862 40 862 148 863 146 863 662 863 665 864 44 864 664 864 666 865 44 865 665 865 667 866 44 866 666 866 664 867 44 867 42 867 146 868 144 868 662 868 668 869 46 869 667 869 669 870 46 870 668 870 667 871 46 871 44 871 144 872 142 872 662 872 670 873 48 873 669 873 671 874 48 874 670 874 672 875 48 875 671 875 669 876 48 876 46 876 673 877 50 877 672 877 672 878 50 878 48 878 140 879 674 879 142 879 138 880 674 880 140 880 142 881 674 881 662 881 138 882 136 882 674 882 673 883 675 883 50 883 134 884 676 884 136 884 132 885 676 885 134 885 130 886 676 886 132 886 136 887 676 887 674 887 50 888 677 888 52 888 675 889 677 889 50 889 130 890 678 890 676 890 128 891 678 891 130 891 126 892 678 892 128 892 677 893 679 893 52 893 126 894 680 894 678 894 124 895 680 895 126 895 122 896 680 896 124 896 120 897 680 897 122 897 679 898 681 898 52 898 120 899 682 899 680 899 118 900 682 900 120 900 116 901 682 901 118 901 681 902 683 902 52 902 52 903 683 903 54 903 116 904 684 904 682 904 114 905 684 905 116 905 683 906 685 906 54 906 114 907 686 907 684 907 112 908 686 908 114 908 110 909 686 909 112 909 685 910 687 910 54 910 110 911 688 911 686 911 108 912 688 912 110 912 687 913 689 913 54 913 108 914 690 914 688 914 106 915 690 915 108 915 104 916 690 916 106 916 54 917 691 917 56 917 689 918 691 918 54 918 104 919 692 919 690 919 102 920 692 920 104 920 691 921 693 921 56 921 100 922 694 922 102 922 102 923 694 923 692 923 693 924 695 924 56 924 98 925 696 925 100 925 100 926 696 926 694 926 695 927 697 927 56 927 56 928 697 928 58 928 96 929 698 929 98 929 98 930 698 930 696 930 697 931 699 931 58 931 94 932 700 932 96 932 96 933 700 933 698 933 699 934 701 934 58 934 92 935 702 935 94 935 94 936 702 936 700 936 701 937 703 937 58 937 92 938 704 938 702 938 703 939 705 939 58 939 90 940 706 940 92 940 92 941 706 941 704 941 58 942 707 942 60 942 705 943 707 943 58 943 88 944 708 944 90 944 90 945 708 945 706 945 707 946 709 946 60 946 88 947 710 947 708 947 709 948 711 948 60 948 86 949 712 949 88 949 88 950 712 950 710 950 711 951 713 951 60 951 84 952 714 952 86 952 86 953 714 953 712 953 60 954 715 954 62 954 713 955 715 955 60 955 84 956 716 956 714 956 715 957 717 957 62 957 82 958 718 958 84 958 84 959 718 959 716 959 717 960 719 960 62 960 82 961 720 961 718 961 719 962 721 962 62 962 82 963 722 963 720 963 721 964 723 964 62 964 80 965 724 965 82 965 82 966 724 966 722 966 62 967 725 967 64 967 723 968 725 968 62 968 80 969 726 969 724 969 725 970 727 970 64 970 78 971 728 971 80 971 80 972 728 972 726 972 727 973 729 973 64 973 78 974 730 974 728 974 729 975 731 975 64 975 78 976 732 976 730 976 731 977 733 977 64 977 64 978 733 978 66 978 76 979 734 979 78 979 78 980 734 980 732 980 733 981 735 981 66 981 76 982 736 982 734 982 735 983 737 983 66 983 76 984 738 984 736 984 737 985 739 985 66 985 76 986 740 986 738 986 74 987 740 987 76 987 66 988 741 988 68 988 739 989 741 989 66 989 74 990 742 990 740 990 741 991 743 991 68 991 74 992 744 992 742 992 743 993 745 993 68 993 72 994 746 994 74 994 74 995 746 995 744 995 745 996 747 996 68 996 72 997 748 997 746 997 747 998 749 998 68 998 72 999 750 999 748 999 68 1000 751 1000 70 1000 749 1001 751 1001 68 1001 72 1002 752 1002 750 1002 751 1003 753 1003 70 1003 70 1004 754 1004 72 1004 72 1005 754 1005 752 1005 753 1006 755 1006 70 1006 70 1007 755 1007 754 1007 317 1008 756 1008 315 1008 319 1009 756 1009 317 1009 321 1010 756 1010 319 1010 323 1011 756 1011 321 1011 325 1012 756 1012 323 1012 327 1013 756 1013 325 1013 329 1014 756 1014 327 1014 331 1015 756 1015 329 1015 333 1016 756 1016 331 1016 335 1017 756 1017 333 1017 337 1018 756 1018 335 1018 339 1019 756 1019 337 1019 341 1020 756 1020 339 1020 343 1021 756 1021 341 1021 345 1022 756 1022 343 1022 347 1023 756 1023 345 1023 349 1024 757 1024 347 1024 351 1025 757 1025 349 1025 353 1026 757 1026 351 1026 355 1027 757 1027 353 1027 357 1028 757 1028 355 1028 359 1029 757 1029 357 1029 361 1030 757 1030 359 1030 363 1031 757 1031 361 1031 365 1032 757 1032 363 1032 367 1033 757 1033 365 1033 369 1034 757 1034 367 1034 371 1035 757 1035 369 1035 373 1036 757 1036 371 1036 375 1037 757 1037 373 1037 377 1038 757 1038 375 1038 379 1039 757 1039 377 1039 347 1040 757 1040 756 1040 379 1041 758 1041 757 1041 381 1042 758 1042 379 1042 383 1043 758 1043 381 1043 385 1044 758 1044 383 1044 387 1045 758 1045 385 1045 389 1046 758 1046 387 1046 391 1047 758 1047 389 1047 393 1048 758 1048 391 1048 395 1049 758 1049 393 1049 397 1050 758 1050 395 1050 399 1051 758 1051 397 1051 756 1052 759 1052 315 1052 299 1053 759 1053 297 1053 301 1054 759 1054 299 1054 303 1055 759 1055 301 1055 305 1056 759 1056 303 1056 307 1057 759 1057 305 1057 309 1058 759 1058 307 1058 311 1059 759 1059 309 1059 313 1060 759 1060 311 1060 315 1061 759 1061 313 1061 759 1062 295 1062 297 1062 399 1063 401 1063 758 1063 759 1064 293 1064 295 1064 401 1065 403 1065 758 1065 759 1066 291 1066 293 1066 403 1067 405 1067 758 1067 759 1068 289 1068 291 1068 405 1069 407 1069 758 1069 759 1070 287 1070 289 1070 407 1071 409 1071 758 1071 759 1072 285 1072 287 1072 409 1073 411 1073 758 1073 277 1074 760 1074 275 1074 279 1075 760 1075 277 1075 281 1076 760 1076 279 1076 283 1077 760 1077 281 1077 285 1078 760 1078 283 1078 759 1079 760 1079 285 1079 411 1080 761 1080 758 1080 413 1081 761 1081 411 1081 415 1082 761 1082 413 1082 417 1083 761 1083 415 1083 419 1084 761 1084 417 1084 421 1085 761 1085 419 1085 760 1086 273 1086 275 1086 421 1087 423 1087 761 1087 760 1088 271 1088 273 1088 423 1089 425 1089 761 1089 760 1090 269 1090 271 1090 425 1091 427 1091 761 1091 760 1092 267 1092 269 1092 427 1093 429 1093 761 1093 760 1094 265 1094 267 1094 429 1095 431 1095 761 1095 760 1096 263 1096 265 1096 431 1097 433 1097 761 1097 760 1098 261 1098 263 1098 433 1099 435 1099 761 1099 760 1100 259 1100 261 1100 435 1101 437 1101 761 1101 760 1102 257 1102 259 1102 437 1103 439 1103 761 1103 760 1104 255 1104 257 1104 761 1105 441 1105 762 1105 439 1106 441 1106 761 1106 760 1107 254 1107 255 1107 763 1108 254 1108 760 1108 441 1109 443 1109 762 1109 763 1110 503 1110 254 1110 443 1111 445 1111 762 1111 763 1112 501 1112 503 1112 445 1113 447 1113 762 1113 763 1114 499 1114 501 1114 447 1115 449 1115 762 1115 763 1116 497 1116 499 1116 449 1117 451 1117 762 1117 763 1118 495 1118 497 1118 451 1119 453 1119 762 1119 763 1120 493 1120 495 1120 453 1121 455 1121 762 1121 763 1122 491 1122 493 1122 455 1123 457 1123 762 1123 763 1124 489 1124 491 1124 457 1125 459 1125 762 1125 763 1126 487 1126 489 1126 459 1127 461 1127 762 1127 763 1128 485 1128 487 1128 461 1129 463 1129 762 1129 763 1130 483 1130 485 1130 463 1131 465 1131 762 1131 763 1132 481 1132 483 1132 465 1133 467 1133 762 1133 763 1134 479 1134 481 1134 467 1135 469 1135 762 1135 763 1136 477 1136 479 1136 469 1137 471 1137 762 1137 763 1138 475 1138 477 1138 762 1139 472 1139 763 1139 763 1140 472 1140 475 1140 471 1141 472 1141 762 1141 764 1142 598 1142 596 1142 765 1143 596 1143 594 1143 765 1144 764 1144 596 1144 766 1145 594 1145 592 1145 766 1146 765 1146 594 1146 767 1147 592 1147 590 1147 767 1148 766 1148 592 1148 768 1149 590 1149 588 1149 768 1150 767 1150 590 1150 769 1151 588 1151 586 1151 769 1152 768 1152 588 1152 770 1153 586 1153 584 1153 770 1154 769 1154 586 1154 771 1155 584 1155 582 1155 771 1156 770 1156 584 1156 772 1157 582 1157 580 1157 772 1158 771 1158 582 1158 773 1159 580 1159 578 1159 773 1160 772 1160 580 1160 774 1161 578 1161 576 1161 774 1162 773 1162 578 1162 775 1163 774 1163 576 1163 775 1164 576 1164 574 1164 776 1165 775 1165 574 1165 776 1166 574 1166 572 1166 777 1167 776 1167 572 1167 777 1168 572 1168 570 1168 778 1169 777 1169 570 1169 778 1170 570 1170 568 1170 779 1171 778 1171 568 1171 779 1172 568 1172 566 1172 780 1173 779 1173 566 1173 780 1174 566 1174 564 1174 781 1175 780 1175 564 1175 781 1176 564 1176 562 1176 782 1177 781 1177 562 1177 782 1178 562 1178 560 1178 783 1179 560 1179 558 1179 783 1180 782 1180 560 1180 784 1181 783 1181 558 1181 784 1182 558 1182 556 1182 785 1183 556 1183 554 1183 785 1184 784 1184 556 1184 786 1185 554 1185 552 1185 786 1186 785 1186 554 1186 787 1187 552 1187 550 1187 787 1188 786 1188 552 1188 788 1189 550 1189 548 1189 788 1190 787 1190 550 1190 789 1191 548 1191 546 1191 789 1192 788 1192 548 1192 790 1193 546 1193 544 1193 790 1194 789 1194 546 1194 791 1195 544 1195 542 1195 791 1196 790 1196 544 1196 792 1197 542 1197 540 1197 792 1198 791 1198 542 1198 793 1199 540 1199 539 1199 793 1200 792 1200 540 1200 794 1201 539 1201 537 1201 794 1202 793 1202 539 1202 795 1203 537 1203 535 1203 795 1204 794 1204 537 1204 796 1205 535 1205 533 1205 796 1206 795 1206 535 1206 797 1207 533 1207 531 1207 797 1208 796 1208 533 1208 798 1209 531 1209 529 1209 798 1210 797 1210 531 1210 799 1211 529 1211 527 1211 799 1212 798 1212 529 1212 800 1213 799 1213 527 1213 800 1214 527 1214 525 1214 801 1215 800 1215 525 1215 801 1216 525 1216 523 1216 802 1217 801 1217 523 1217 802 1218 523 1218 521 1218 803 1219 521 1219 519 1219 803 1220 802 1220 521 1220 804 1221 519 1221 517 1221 804 1222 803 1222 519 1222 805 1223 517 1223 515 1223 805 1224 804 1224 517 1224 806 1225 515 1225 513 1225 806 1226 805 1226 515 1226 807 1227 806 1227 513 1227 808 1228 511 1228 509 1228 808 1229 513 1229 511 1229 808 1230 807 1230 513 1230 809 1231 509 1231 507 1231 809 1232 808 1232 509 1232 810 1233 507 1233 505 1233 810 1234 809 1234 507 1234 811 1235 505 1235 504 1235 811 1236 810 1236 505 1236 812 1237 504 1237 506 1237 812 1238 811 1238 504 1238 813 1239 506 1239 508 1239 813 1240 812 1240 506 1240 814 1241 508 1241 510 1241 814 1242 813 1242 508 1242 815 1243 510 1243 512 1243 815 1244 814 1244 510 1244 816 1245 815 1245 512 1245 817 1246 816 1246 512 1246 817 1247 514 1247 516 1247 817 1248 512 1248 514 1248 818 1249 817 1249 516 1249 818 1250 516 1250 518 1250 819 1251 818 1251 518 1251 820 1252 819 1252 518 1252 820 1253 520 1253 522 1253 820 1254 518 1254 520 1254 821 1255 820 1255 522 1255 821 1256 522 1256 524 1256 822 1257 821 1257 524 1257 823 1258 822 1258 524 1258 823 1259 526 1259 528 1259 823 1260 524 1260 526 1260 824 1261 823 1261 528 1261 825 1262 824 1262 528 1262 825 1263 530 1263 532 1263 825 1264 528 1264 530 1264 826 1265 532 1265 534 1265 826 1266 825 1266 532 1266 827 1267 826 1267 534 1267 828 1268 827 1268 534 1268 828 1269 536 1269 538 1269 828 1270 534 1270 536 1270 829 1271 828 1271 538 1271 830 1272 829 1272 538 1272 830 1273 541 1273 543 1273 830 1274 538 1274 541 1274 831 1275 830 1275 543 1275 832 1276 831 1276 543 1276 832 1277 545 1277 547 1277 832 1278 543 1278 545 1278 833 1279 832 1279 547 1279 833 1280 547 1280 549 1280 834 1281 833 1281 549 1281 834 1282 549 1282 551 1282 835 1283 834 1283 551 1283 835 1284 551 1284 553 1284 836 1285 835 1285 553 1285 836 1286 553 1286 555 1286 837 1287 836 1287 555 1287 837 1288 555 1288 557 1288 838 1289 837 1289 557 1289 838 1290 557 1290 559 1290 839 1291 838 1291 559 1291 839 1292 559 1292 561 1292 840 1293 839 1293 561 1293 840 1294 561 1294 563 1294 841 1295 840 1295 563 1295 841 1296 563 1296 565 1296 842 1297 841 1297 565 1297 842 1298 565 1298 567 1298 843 1299 567 1299 569 1299 843 1300 842 1300 567 1300 844 1301 569 1301 571 1301 844 1302 843 1302 569 1302 845 1303 571 1303 573 1303 845 1304 844 1304 571 1304 846 1305 573 1305 575 1305 846 1306 845 1306 573 1306 847 1307 575 1307 577 1307 847 1308 846 1308 575 1308 848 1309 577 1309 579 1309 848 1310 847 1310 577 1310 849 1311 848 1311 579 1311 850 1312 581 1312 583 1312 850 1313 579 1313 581 1313 850 1314 849 1314 579 1314 851 1315 583 1315 585 1315 851 1316 850 1316 583 1316 852 1317 851 1317 585 1317 853 1318 852 1318 585 1318 853 1319 585 1319 587 1319 854 1320 853 1320 587 1320 854 1321 587 1321 589 1321 855 1322 854 1322 589 1322 855 1323 591 1323 593 1323 855 1324 589 1324 591 1324 856 1325 855 1325 593 1325 857 1326 856 1326 593 1326 857 1327 595 1327 597 1327 857 1328 593 1328 595 1328 858 1329 857 1329 597 1329 858 1330 597 1330 599 1330 859 1331 858 1331 599 1331 860 1332 859 1332 599 1332 860 1333 601 1333 603 1333 860 1334 599 1334 601 1334 861 1335 860 1335 603 1335 862 1336 861 1336 603 1336 862 1337 603 1337 605 1337 863 1338 862 1338 605 1338 863 1339 605 1339 607 1339 864 1340 609 1340 611 1340 864 1341 607 1341 609 1341 864 1342 863 1342 607 1342 865 1343 611 1343 613 1343 865 1344 864 1344 611 1344 866 1345 865 1345 613 1345 867 1346 615 1346 617 1346 867 1347 613 1347 615 1347 867 1348 866 1348 613 1348 868 1349 867 1349 617 1349 869 1350 617 1350 619 1350 869 1351 868 1351 617 1351 870 1352 619 1352 621 1352 870 1353 869 1353 619 1353 871 1354 621 1354 623 1354 871 1355 870 1355 621 1355 872 1356 623 1356 625 1356 872 1357 871 1357 623 1357 873 1358 625 1358 627 1358 873 1359 872 1359 625 1359 874 1360 629 1360 628 1360 874 1361 627 1361 629 1361 874 1362 873 1362 627 1362 875 1363 628 1363 626 1363 875 1364 874 1364 628 1364 876 1365 875 1365 626 1365 877 1366 876 1366 626 1366 877 1367 624 1367 622 1367 877 1368 626 1368 624 1368 878 1369 877 1369 622 1369 879 1370 878 1370 622 1370 879 1371 620 1371 618 1371 879 1372 622 1372 620 1372 880 1373 879 1373 618 1373 881 1374 880 1374 618 1374 881 1375 616 1375 614 1375 881 1376 618 1376 616 1376 882 1377 881 1377 614 1377 882 1378 614 1378 612 1378 883 1379 882 1379 612 1379 884 1380 883 1380 612 1380 884 1381 612 1381 610 1381 885 1382 608 1382 606 1382 885 1383 610 1383 608 1383 885 1384 884 1384 610 1384 886 1385 885 1385 606 1385 887 1386 604 1386 602 1386 887 1387 606 1387 604 1387 887 1388 886 1388 606 1388 888 1389 887 1389 602 1389 889 1390 600 1390 598 1390 889 1391 602 1391 600 1391 889 1392 888 1392 602 1392 764 1393 889 1393 598 1393 221 1394 788 1394 789 1394 223 1395 788 1395 221 1395 219 1396 221 1396 789 1396 225 1397 787 1397 788 1397 225 1398 788 1398 223 1398 217 1399 789 1399 790 1399 217 1400 219 1400 789 1400 227 1401 787 1401 225 1401 215 1402 217 1402 790 1402 229 1403 786 1403 787 1403 229 1404 787 1404 227 1404 213 1405 790 1405 791 1405 213 1406 215 1406 790 1406 231 1407 786 1407 229 1407 211 1408 213 1408 791 1408 233 1409 785 1409 786 1409 233 1410 786 1410 231 1410 209 1411 791 1411 792 1411 209 1412 211 1412 791 1412 235 1413 785 1413 233 1413 207 1414 209 1414 792 1414 237 1415 784 1415 785 1415 237 1416 785 1416 235 1416 205 1417 792 1417 793 1417 205 1418 207 1418 792 1418 239 1419 784 1419 237 1419 203 1420 205 1420 793 1420 241 1421 783 1421 784 1421 241 1422 784 1422 239 1422 201 1423 203 1423 793 1423 243 1424 782 1424 783 1424 243 1425 783 1425 241 1425 199 1426 793 1426 794 1426 199 1427 201 1427 793 1427 245 1428 782 1428 243 1428 197 1429 199 1429 794 1429 247 1430 781 1430 782 1430 247 1431 782 1431 245 1431 195 1432 794 1432 795 1432 195 1433 197 1433 794 1433 249 1434 781 1434 247 1434 193 1435 195 1435 795 1435 250 1436 781 1436 249 1436 250 1437 780 1437 781 1437 191 1438 193 1438 795 1438 2 1439 779 1439 780 1439 2 1440 780 1440 250 1440 189 1441 795 1441 796 1441 189 1442 191 1442 795 1442 3 1443 778 1443 779 1443 3 1444 779 1444 2 1444 187 1445 189 1445 796 1445 5 1446 778 1446 3 1446 185 1447 796 1447 797 1447 185 1448 187 1448 796 1448 7 1449 777 1449 778 1449 7 1450 778 1450 5 1450 183 1451 185 1451 797 1451 9 1452 776 1452 777 1452 9 1453 777 1453 7 1453 181 1454 797 1454 798 1454 181 1455 183 1455 797 1455 11 1456 775 1456 776 1456 11 1457 776 1457 9 1457 179 1458 181 1458 798 1458 13 1459 774 1459 775 1459 13 1460 775 1460 11 1460 177 1461 179 1461 798 1461 15 1462 773 1462 774 1462 15 1463 774 1463 13 1463 175 1464 798 1464 799 1464 175 1465 177 1465 798 1465 17 1466 772 1466 773 1466 17 1467 773 1467 15 1467 173 1468 175 1468 799 1468 19 1469 771 1469 772 1469 19 1470 772 1470 17 1470 171 1471 799 1471 800 1471 171 1472 173 1472 799 1472 21 1473 770 1473 771 1473 21 1474 771 1474 19 1474 169 1475 171 1475 800 1475 23 1476 769 1476 770 1476 23 1477 770 1477 21 1477 167 1478 800 1478 801 1478 167 1479 169 1479 800 1479 25 1480 768 1480 769 1480 25 1481 769 1481 23 1481 165 1482 167 1482 801 1482 27 1483 767 1483 768 1483 27 1484 768 1484 25 1484 163 1485 801 1485 802 1485 163 1486 165 1486 801 1486 29 1487 765 1487 766 1487 29 1488 766 1488 767 1488 29 1489 767 1489 27 1489 161 1490 163 1490 802 1490 31 1491 764 1491 765 1491 31 1492 765 1492 29 1492 159 1493 802 1493 803 1493 159 1494 161 1494 802 1494 33 1495 889 1495 764 1495 33 1496 764 1496 31 1496 157 1497 159 1497 803 1497 35 1498 887 1498 888 1498 35 1499 888 1499 889 1499 35 1500 889 1500 33 1500 155 1501 803 1501 804 1501 155 1502 157 1502 803 1502 37 1503 886 1503 887 1503 37 1504 887 1504 35 1504 153 1505 155 1505 804 1505 39 1506 884 1506 885 1506 39 1507 885 1507 886 1507 39 1508 886 1508 37 1508 151 1509 804 1509 805 1509 151 1510 153 1510 804 1510 41 1511 882 1511 883 1511 41 1512 883 1512 884 1512 41 1513 884 1513 39 1513 149 1514 151 1514 805 1514 43 1515 881 1515 882 1515 43 1516 882 1516 41 1516 147 1517 149 1517 805 1517 880 1518 43 1518 45 1518 880 1519 881 1519 43 1519 806 1520 147 1520 805 1520 806 1521 143 1521 145 1521 806 1522 145 1522 147 1522 879 1523 880 1523 45 1523 807 1524 143 1524 806 1524 807 1525 139 1525 141 1525 807 1526 141 1526 143 1526 878 1527 45 1527 47 1527 878 1528 879 1528 45 1528 808 1529 139 1529 807 1529 808 1530 137 1530 139 1530 877 1531 878 1531 47 1531 809 1532 137 1532 808 1532 809 1533 133 1533 135 1533 809 1534 135 1534 137 1534 876 1535 877 1535 47 1535 876 1536 47 1536 49 1536 810 1537 133 1537 809 1537 810 1538 129 1538 131 1538 810 1539 131 1539 133 1539 875 1540 876 1540 49 1540 811 1541 129 1541 810 1541 811 1542 127 1542 129 1542 874 1543 875 1543 49 1543 874 1544 49 1544 51 1544 812 1545 127 1545 811 1545 812 1546 125 1546 127 1546 873 1547 874 1547 51 1547 813 1548 125 1548 812 1548 813 1549 121 1549 123 1549 813 1550 123 1550 125 1550 872 1551 51 1551 53 1551 872 1552 873 1552 51 1552 814 1553 121 1553 813 1553 814 1554 119 1554 121 1554 871 1555 872 1555 53 1555 815 1556 119 1556 814 1556 815 1557 117 1557 119 1557 870 1558 53 1558 55 1558 870 1559 871 1559 53 1559 816 1560 117 1560 815 1560 816 1561 115 1561 117 1561 869 1562 870 1562 55 1562 817 1563 115 1563 816 1563 817 1564 113 1564 115 1564 868 1565 869 1565 55 1565 868 1566 55 1566 57 1566 818 1567 113 1567 817 1567 818 1568 111 1568 113 1568 867 1569 868 1569 57 1569 819 1570 111 1570 818 1570 819 1571 109 1571 111 1571 866 1572 57 1572 59 1572 866 1573 867 1573 57 1573 820 1574 109 1574 819 1574 820 1575 107 1575 109 1575 865 1576 866 1576 59 1576 821 1577 107 1577 820 1577 821 1578 105 1578 107 1578 864 1579 865 1579 59 1579 822 1580 105 1580 821 1580 822 1581 103 1581 105 1581 863 1582 59 1582 61 1582 863 1583 864 1583 59 1583 823 1584 103 1584 822 1584 823 1585 101 1585 103 1585 862 1586 863 1586 61 1586 824 1587 99 1587 101 1587 824 1588 101 1588 823 1588 861 1589 61 1589 63 1589 861 1590 862 1590 61 1590 825 1591 99 1591 824 1591 860 1592 861 1592 63 1592 826 1593 99 1593 825 1593 826 1594 97 1594 99 1594 859 1595 860 1595 63 1595 827 1596 95 1596 97 1596 827 1597 97 1597 826 1597 858 1598 63 1598 65 1598 858 1599 859 1599 63 1599 828 1600 93 1600 95 1600 828 1601 95 1601 827 1601 857 1602 858 1602 65 1602 829 1603 93 1603 828 1603 856 1604 65 1604 67 1604 856 1605 857 1605 65 1605 830 1606 91 1606 93 1606 830 1607 93 1607 829 1607 855 1608 856 1608 67 1608 831 1609 91 1609 830 1609 831 1610 89 1610 91 1610 854 1611 855 1611 67 1611 854 1612 67 1612 69 1612 832 1613 89 1613 831 1613 853 1614 854 1614 69 1614 833 1615 89 1615 832 1615 833 1616 87 1616 89 1616 852 1617 853 1617 69 1617 834 1618 87 1618 833 1618 851 1619 852 1619 69 1619 851 1620 69 1620 71 1620 835 1621 87 1621 834 1621 835 1622 85 1622 87 1622 850 1623 851 1623 71 1623 836 1624 85 1624 835 1624 849 1625 850 1625 71 1625 849 1626 71 1626 73 1626 837 1627 85 1627 836 1627 837 1628 83 1628 85 1628 848 1629 849 1629 73 1629 838 1630 83 1630 837 1630 847 1631 848 1631 73 1631 847 1632 73 1632 75 1632 839 1633 83 1633 838 1633 839 1634 81 1634 83 1634 846 1635 847 1635 75 1635 840 1636 81 1636 839 1636 845 1637 846 1637 75 1637 845 1638 75 1638 77 1638 841 1639 81 1639 840 1639 841 1640 79 1640 81 1640 844 1641 845 1641 77 1641 842 1642 79 1642 841 1642 843 1643 844 1643 77 1643 843 1644 79 1644 842 1644 843 1645 77 1645 79 1645 757 1646 890 1646 891 1646 756 1647 757 1647 891 1647 757 1648 758 1648 892 1648 757 1649 892 1649 890 1649 758 1650 761 1650 893 1650 758 1651 893 1651 892 1651 761 1652 762 1652 894 1652 761 1653 894 1653 893 1653 895 1654 667 1654 896 1654 667 1655 666 1655 896 1655 896 1656 665 1656 897 1656 666 1657 665 1657 896 1657 897 1658 664 1658 898 1658 665 1659 664 1659 897 1659 899 1660 663 1660 900 1660 898 1661 663 1661 899 1661 664 1662 663 1662 898 1662 663 1663 661 1663 900 1663 901 1664 660 1664 902 1664 900 1665 660 1665 901 1665 661 1666 660 1666 900 1666 660 1667 659 1667 902 1667 902 1668 658 1668 903 1668 659 1669 658 1669 902 1669 903 1670 657 1670 904 1670 658 1671 657 1671 903 1671 905 1672 656 1672 906 1672 904 1673 656 1673 905 1673 657 1674 656 1674 904 1674 656 1675 654 1675 906 1675 654 1676 653 1676 906 1676 906 1677 653 1677 907 1677 653 1678 652 1678 907 1678 908 1679 652 1679 909 1679 907 1680 652 1680 908 1680 652 1681 651 1681 909 1681 910 1682 649 1682 911 1682 909 1683 649 1683 910 1683 651 1684 649 1684 909 1684 649 1685 648 1685 911 1685 911 1686 647 1686 912 1686 648 1687 647 1687 911 1687 912 1688 645 1688 913 1688 647 1689 645 1689 912 1689 913 1690 644 1690 914 1690 645 1691 644 1691 913 1691 915 1692 643 1692 916 1692 914 1693 643 1693 915 1693 644 1694 643 1694 914 1694 643 1695 641 1695 916 1695 916 1696 640 1696 917 1696 641 1697 640 1697 916 1697 917 1698 638 1698 918 1698 640 1699 638 1699 917 1699 919 1700 636 1700 920 1700 918 1701 636 1701 919 1701 638 1702 636 1702 918 1702 636 1703 635 1703 920 1703 921 1704 633 1704 922 1704 920 1705 633 1705 921 1705 635 1706 633 1706 920 1706 633 1707 631 1707 922 1707 631 1708 630 1708 922 1708 923 1709 630 1709 924 1709 922 1710 630 1710 923 1710 630 1711 632 1711 924 1711 632 1712 634 1712 924 1712 924 1713 634 1713 925 1713 634 1714 637 1714 925 1714 926 1715 637 1715 927 1715 925 1716 637 1716 926 1716 637 1717 639 1717 927 1717 639 1718 642 1718 927 1718 927 1719 642 1719 928 1719 929 1720 646 1720 930 1720 928 1721 646 1721 929 1721 642 1722 646 1722 928 1722 646 1723 650 1723 930 1723 650 1724 655 1724 930 1724 930 1725 655 1725 931 1725 655 1726 662 1726 931 1726 931 1727 662 1727 932 1727 662 1728 674 1728 932 1728 933 1729 674 1729 934 1729 932 1730 674 1730 933 1730 674 1731 676 1731 934 1731 676 1732 678 1732 934 1732 934 1733 678 1733 935 1733 678 1734 680 1734 935 1734 936 1735 680 1735 937 1735 935 1736 680 1736 936 1736 680 1737 682 1737 937 1737 682 1738 684 1738 937 1738 937 1739 684 1739 938 1739 684 1740 686 1740 938 1740 938 1741 686 1741 939 1741 686 1742 688 1742 939 1742 939 1743 688 1743 940 1743 688 1744 690 1744 940 1744 941 1745 690 1745 942 1745 940 1746 690 1746 941 1746 690 1747 692 1747 942 1747 942 1748 692 1748 943 1748 692 1749 694 1749 943 1749 943 1750 694 1750 944 1750 694 1751 696 1751 944 1751 696 1752 698 1752 944 1752 944 1753 698 1753 945 1753 698 1754 700 1754 945 1754 945 1755 700 1755 946 1755 700 1756 702 1756 946 1756 946 1757 702 1757 947 1757 702 1758 704 1758 947 1758 947 1759 704 1759 948 1759 948 1760 706 1760 949 1760 704 1761 706 1761 948 1761 949 1762 708 1762 950 1762 706 1763 708 1763 949 1763 951 1764 710 1764 952 1764 950 1765 710 1765 951 1765 708 1766 710 1766 950 1766 710 1767 712 1767 952 1767 952 1768 714 1768 953 1768 712 1769 714 1769 952 1769 954 1770 716 1770 955 1770 953 1771 716 1771 954 1771 714 1772 716 1772 953 1772 716 1773 718 1773 955 1773 718 1774 720 1774 955 1774 955 1775 720 1775 956 1775 720 1776 722 1776 956 1776 956 1777 722 1777 957 1777 722 1778 724 1778 957 1778 957 1779 724 1779 958 1779 724 1780 726 1780 958 1780 958 1781 726 1781 959 1781 726 1782 728 1782 959 1782 959 1783 728 1783 960 1783 728 1784 730 1784 960 1784 960 1785 730 1785 961 1785 730 1786 732 1786 961 1786 961 1787 732 1787 962 1787 732 1788 734 1788 962 1788 962 1789 734 1789 963 1789 734 1790 736 1790 963 1790 963 1791 736 1791 964 1791 736 1792 738 1792 964 1792 964 1793 738 1793 965 1793 738 1794 740 1794 965 1794 965 1795 740 1795 966 1795 740 1796 742 1796 966 1796 967 1797 742 1797 968 1797 966 1798 742 1798 967 1798 742 1799 744 1799 968 1799 968 1800 744 1800 969 1800 744 1801 746 1801 969 1801 969 1802 748 1802 970 1802 746 1803 748 1803 969 1803 970 1804 750 1804 971 1804 748 1805 750 1805 970 1805 971 1806 752 1806 972 1806 750 1807 752 1807 971 1807 972 1808 754 1808 973 1808 752 1809 754 1809 972 1809 973 1810 755 1810 974 1810 754 1811 755 1811 973 1811 974 1812 753 1812 975 1812 755 1813 753 1813 974 1813 975 1814 751 1814 976 1814 753 1815 751 1815 975 1815 976 1816 749 1816 977 1816 751 1817 749 1817 976 1817 977 1818 747 1818 978 1818 749 1819 747 1819 977 1819 978 1820 745 1820 979 1820 747 1821 745 1821 978 1821 979 1822 743 1822 980 1822 745 1823 743 1823 979 1823 980 1824 741 1824 981 1824 743 1825 741 1825 980 1825 741 1826 739 1826 981 1826 981 1827 739 1827 982 1827 739 1828 737 1828 982 1828 982 1829 737 1829 983 1829 737 1830 735 1830 983 1830 983 1831 735 1831 984 1831 735 1832 733 1832 984 1832 984 1833 733 1833 985 1833 733 1834 731 1834 985 1834 985 1835 731 1835 986 1835 731 1836 729 1836 986 1836 986 1837 729 1837 987 1837 729 1838 727 1838 987 1838 987 1839 727 1839 988 1839 727 1840 725 1840 988 1840 988 1841 725 1841 989 1841 989 1842 723 1842 990 1842 725 1843 723 1843 989 1843 990 1844 721 1844 991 1844 723 1845 721 1845 990 1845 991 1846 719 1846 992 1846 721 1847 719 1847 991 1847 992 1848 717 1848 993 1848 719 1849 717 1849 992 1849 993 1850 715 1850 994 1850 717 1851 715 1851 993 1851 995 1852 713 1852 996 1852 994 1853 713 1853 995 1853 715 1854 713 1854 994 1854 713 1855 711 1855 996 1855 996 1856 709 1856 997 1856 711 1857 709 1857 996 1857 997 1858 707 1858 998 1858 709 1859 707 1859 997 1859 999 1860 705 1860 1000 1860 998 1861 705 1861 999 1861 707 1862 705 1862 998 1862 705 1863 703 1863 1000 1863 1001 1864 701 1864 1002 1864 1000 1865 701 1865 1001 1865 703 1866 701 1866 1000 1866 701 1867 699 1867 1002 1867 1002 1868 697 1868 1003 1868 699 1869 697 1869 1002 1869 1004 1870 695 1870 1005 1870 1003 1871 695 1871 1004 1871 697 1872 695 1872 1003 1872 695 1873 693 1873 1005 1873 1005 1874 691 1874 1006 1874 693 1875 691 1875 1005 1875 1007 1876 689 1876 1008 1876 1006 1877 689 1877 1007 1877 691 1878 689 1878 1006 1878 689 1879 687 1879 1008 1879 687 1880 685 1880 1008 1880 1008 1881 685 1881 1009 1881 1009 1882 683 1882 1010 1882 685 1883 683 1883 1009 1883 683 1884 681 1884 1010 1884 1011 1885 681 1885 1012 1885 1010 1886 681 1886 1011 1886 681 1887 679 1887 1012 1887 1012 1888 677 1888 1013 1888 679 1889 677 1889 1012 1889 1013 1890 675 1890 1014 1890 677 1891 675 1891 1013 1891 1014 1892 673 1892 1015 1892 675 1893 673 1893 1014 1893 1016 1894 672 1894 1017 1894 1015 1895 672 1895 1016 1895 673 1896 672 1896 1015 1896 672 1897 671 1897 1017 1897 1017 1898 670 1898 1018 1898 671 1899 670 1899 1017 1899 1018 1900 669 1900 1019 1900 670 1901 669 1901 1018 1901 1019 1902 668 1902 1020 1902 669 1903 668 1903 1019 1903 1020 1904 667 1904 895 1904 668 1905 667 1905 1020 1905 763 1906 1021 1906 894 1906 762 1907 763 1907 894 1907 763 1908 760 1908 1022 1908 763 1909 1022 1909 1021 1909 759 1910 1023 1910 1022 1910 760 1911 759 1911 1022 1911 759 1912 756 1912 891 1912 759 1913 891 1913 1023 1913 890 1914 911 1914 891 1914 890 1915 910 1915 911 1915 911 1916 912 1916 891 1916 890 1917 909 1917 910 1917 912 1918 913 1918 891 1918 890 1919 908 1919 909 1919 913 1920 914 1920 891 1920 890 1921 907 1921 908 1921 914 1922 915 1922 891 1922 890 1923 906 1923 907 1923 915 1924 916 1924 891 1924 890 1925 905 1925 906 1925 916 1926 917 1926 891 1926 890 1927 904 1927 905 1927 917 1928 918 1928 891 1928 890 1929 903 1929 904 1929 918 1930 919 1930 891 1930 890 1931 902 1931 903 1931 919 1932 920 1932 891 1932 890 1933 901 1933 902 1933 920 1934 921 1934 891 1934 890 1935 900 1935 901 1935 921 1936 922 1936 891 1936 890 1937 899 1937 900 1937 922 1938 923 1938 891 1938 890 1939 898 1939 899 1939 923 1940 924 1940 891 1940 890 1941 897 1941 898 1941 924 1942 925 1942 891 1942 890 1943 896 1943 897 1943 925 1944 926 1944 891 1944 890 1945 895 1945 896 1945 926 1946 927 1946 891 1946 895 1947 892 1947 1020 1947 1020 1948 892 1948 1019 1948 1019 1949 892 1949 1018 1949 1018 1950 892 1950 1017 1950 1017 1951 892 1951 1016 1951 1016 1952 892 1952 1015 1952 890 1953 892 1953 895 1953 929 1954 1023 1954 928 1954 928 1955 1023 1955 927 1955 927 1956 1023 1956 891 1956 933 1957 1023 1957 932 1957 932 1958 1023 1958 931 1958 931 1959 1023 1959 930 1959 930 1960 1023 1960 929 1960 892 1961 1014 1961 1015 1961 933 1962 934 1962 1023 1962 892 1963 1013 1963 1014 1963 934 1964 935 1964 1023 1964 892 1965 1012 1965 1013 1965 935 1966 936 1966 1023 1966 892 1967 1011 1967 1012 1967 936 1968 937 1968 1023 1968 892 1969 1010 1969 1011 1969 937 1970 938 1970 1023 1970 892 1971 1009 1971 1010 1971 938 1972 939 1972 1023 1972 892 1973 1008 1973 1009 1973 939 1974 940 1974 1023 1974 892 1975 1007 1975 1008 1975 940 1976 941 1976 1023 1976 892 1977 1006 1977 1007 1977 941 1978 942 1978 1023 1978 892 1979 1005 1979 1006 1979 942 1980 1022 1980 1023 1980 951 1981 1022 1981 950 1981 950 1982 1022 1982 949 1982 949 1983 1022 1983 948 1983 948 1984 1022 1984 947 1984 947 1985 1022 1985 946 1985 946 1986 1022 1986 945 1986 945 1987 1022 1987 944 1987 944 1988 1022 1988 943 1988 943 1989 1022 1989 942 1989 1005 1990 893 1990 1004 1990 1004 1991 893 1991 1003 1991 1003 1992 893 1992 1002 1992 1002 1993 893 1993 1001 1993 1001 1994 893 1994 1000 1994 1000 1995 893 1995 999 1995 999 1996 893 1996 998 1996 998 1997 893 1997 997 1997 892 1998 893 1998 1005 1998 893 1999 996 1999 997 1999 951 2000 952 2000 1022 2000 893 2001 995 2001 996 2001 952 2002 953 2002 1022 2002 893 2003 994 2003 995 2003 953 2004 954 2004 1022 2004 893 2005 993 2005 994 2005 954 2006 955 2006 1022 2006 893 2007 992 2007 993 2007 955 2008 956 2008 1022 2008 893 2009 991 2009 992 2009 956 2010 957 2010 1022 2010 893 2011 990 2011 991 2011 957 2012 958 2012 1022 2012 958 2013 1021 2013 1022 2013 974 2014 1021 2014 973 2014 973 2015 1021 2015 972 2015 972 2016 1021 2016 971 2016 971 2017 1021 2017 970 2017 970 2018 1021 2018 969 2018 969 2019 1021 2019 968 2019 968 2020 1021 2020 967 2020 967 2021 1021 2021 966 2021 966 2022 1021 2022 965 2022 965 2023 1021 2023 964 2023 964 2024 1021 2024 963 2024 963 2025 1021 2025 962 2025 962 2026 1021 2026 961 2026 961 2027 1021 2027 960 2027 960 2028 1021 2028 959 2028 959 2029 1021 2029 958 2029 989 2030 894 2030 988 2030 988 2031 894 2031 987 2031 987 2032 894 2032 986 2032 986 2033 894 2033 985 2033 985 2034 894 2034 984 2034 984 2035 894 2035 983 2035 983 2036 894 2036 982 2036 982 2037 894 2037 981 2037 981 2038 894 2038 980 2038 980 2039 894 2039 979 2039 979 2040 894 2040 978 2040 978 2041 894 2041 977 2041 977 2042 894 2042 976 2042 976 2043 894 2043 975 2043 975 2044 894 2044 974 2044 974 2045 894 2045 1021 2045 893 2046 894 2046 989 2046 893 2047 989 2047 990 2047</p>
        </triangles>
      </mesh>
    </geometry>
    <geometry id="geometry1" name="Base and Green Fins">
      <mesh>
        <source id="cubeverts-array1">
          <float_array count="17466" id="cubeverts-array1-array">0.02744957 -0.00145 -0.03778109 0.02744957 -0.009 -0.03778109 0.02752856 -0.00145 -0.03772008 0.02752856 -0.009 -0.03772008 0.02760384 -0.00145 -0.03765454 0.02760384 -0.009 -0.03765454 0.02767514 -0.00145 -0.03758469 0.02767514 -0.009 -0.03758469 0.02774222 -0.00145 -0.03751078 0.02774222 -0.009 -0.03751078 0.02780484 -0.00145 -0.03743305 0.02780484 -0.009 -0.03743305 0.02786279 -0.00145 -0.03735179 0.02786279 -0.009 -0.03735179 0.02791588 -0.00145 -0.03726727 0.02791588 -0.009 -0.03726727 0.02796391 -0.00145 -0.03717977 0.02796391 -0.009 -0.03717977 0.02800673 -0.00145 -0.03708961 0.02800673 -0.009 -0.03708961 0.02804418 -0.00145 -0.03699709 0.02804418 -0.009 -0.03699709 0.02807614 -0.00145 -0.03690253 0.02807614 -0.009 -0.03690253 0.02810249 -0.00145 -0.03680626 0.02810249 -0.009 -0.03680626 0.02812314 -0.00145 -0.03670861 0.02812314 -0.009 -0.03670861 0.02813803 -0.00145 -0.03660992 0.02813803 -0.009 -0.03660992 0.02814711 -0.00145 -0.03651052 0.02814711 -0.009 -0.03651052 0.02815033 -0.00145 -0.03641076 0.02815033 -0.009 -0.03641076 0.02814769 -0.00145 -0.03631098 0.02814769 -0.009 -0.03631098 0.0281392 -0.00145 -0.03621153 0.0281392 -0.009 -0.03621153 0.02812489 -0.00145 -0.03611275 0.02812489 -0.009 -0.03611275 0.02810481 -0.00145 -0.03601498 0.02810481 -0.009 -0.03601498 0.02807903 -0.00145 -0.03591855 0.02807903 -0.009 -0.03591855 0.02804762 -0.00145 -0.03582381 0.02804762 -0.009 -0.03582381 0.02801072 -0.00145 -0.03573107 0.02801072 -0.009 -0.03573107 0.02796843 -0.00145 -0.03564066 0.02796843 -0.009 -0.03564066 0.02792091 -0.00145 -0.03555288 0.02792091 -0.009 -0.03555288 0.02786832 -0.00145 -0.03546805 0.02786832 -0.009 -0.03546805 0.02781085 -0.00145 -0.03538645 0.02781085 -0.009 -0.03538645 0.02774868 -0.00145 -0.03530836 0.02774868 -0.009 -0.03530836 0.02768204 -0.00145 -0.03523405 0.02768204 -0.009 -0.03523405 0.02761115 -0.00145 -0.03516379 0.02761115 -0.009 -0.03516379 0.02753626 -0.00145 -0.03509781 0.02753626 -0.009 -0.03509781 0.02745763 -0.00145 -0.03503633 0.02745763 -0.009 -0.03503633 0.02737552 -0.00145 -0.03497957 0.02737552 -0.009 -0.03497957 0.02729023 -0.00145 -0.03492773 0.02729023 -0.009 -0.03492773 0.02720204 -0.00145 -0.03488099 0.02720204 -0.009 -0.03488099 0.02711126 -0.00145 -0.0348395 0.02711126 -0.009 -0.0348395 0.0270182 -0.00145 -0.03480341 0.0270182 -0.009 -0.03480341 0.02692318 -0.00145 -0.03477285 0.02692318 -0.009 -0.03477285 0.02682654 -0.00145 -0.03474791 0.02682654 -0.009 -0.03474791 0.02672859 -0.00145 -0.03472869 0.02672859 -0.009 -0.03472869 0.02662969 -0.00145 -0.03471525 0.02662969 -0.009 -0.03471525 0.02653017 -0.00145 -0.03470764 0.02653017 -0.009 -0.03470764 0.02643037 -0.00145 -0.03470588 0.02643037 -0.009 -0.03470588 0.02633064 -0.00145 -0.03470998 0.02633064 -0.009 -0.03470998 0.02623133 -0.00145 -0.03471993 0.02623133 -0.009 -0.03471993 0.02613277 -0.00145 -0.03473569 0.02613277 -0.009 -0.03473569 0.0260353 -0.00145 -0.03475721 0.0260353 -0.009 -0.03475721 0.02593927 -0.00145 -0.0347844 0.02593927 -0.009 -0.0347844 0.025845 -0.00145 -0.03481719 0.025845 -0.009 -0.03481719 0.02575281 -0.00145 -0.03485546 0.02575281 -0.009 -0.03485546 0.02566303 -0.00145 -0.03489906 0.02566303 -0.009 -0.03489906 0.02557596 -0.00145 -0.03494787 0.02557596 -0.009 -0.03494787 0.02549191 -0.00145 -0.03500169 0.02549191 -0.009 -0.03500169 0.02541116 -0.00145 -0.03506036 0.02541116 -0.009 -0.03506036 0.02533399 -0.00145 -0.03512367 0.02533399 -0.009 -0.03512367 0.02526067 -0.00145 -0.03519139 0.02526067 -0.009 -0.03519139 0.02519145 -0.00145 -0.03526331 0.02519145 -0.009 -0.03526331 0.02512658 -0.00145 -0.03533916 0.02512658 -0.009 -0.03533916 0.02506626 -0.00145 -0.03541868 0.02506626 -0.009 -0.03541868 0.02501072 -0.00145 -0.03550161 0.02501072 -0.009 -0.03550161 0.02496013 -0.00145 -0.03558766 0.02496013 -0.009 -0.03558766 0.02491469 -0.00145 -0.03567653 0.02491469 -0.009 -0.03567653 0.02487454 -0.00145 -0.03576791 0.02487454 -0.009 -0.03576791 0.02483982 -0.00145 -0.03586148 0.02483982 -0.009 -0.03586148 0.02481065 -0.009 -0.03595694 0.02481065 -0.00145 -0.03595694 0.02478714 -0.00145 -0.03605394 0.02478714 -0.009 -0.03605394 0.02476936 -0.00145 -0.03615216 0.02476936 -0.009 -0.03615216 0.02475737 -0.00145 -0.03625125 0.02475737 -0.009 -0.03625125 0.02475122 -0.00145 -0.03635087 0.02475122 -0.009 -0.03635087 0.02475093 -0.00145 -0.03645068 0.02475093 -0.009 -0.03645068 0.02475649 -0.00145 -0.03655034 0.02475649 -0.009 -0.03655034 0.0247679 -0.00145 -0.0366495 0.0247679 -0.009 -0.0366495 0.0247851 -0.00145 -0.03674781 0.0247851 -0.009 -0.03674781 0.02480805 -0.00145 -0.03684495 0.02480805 -0.009 -0.03684495 0.02483665 -0.00145 -0.03694058 0.02483665 -0.009 -0.03694058 0.02487082 -0.00145 -0.03703436 0.02487082 -0.009 -0.03703436 0.02491043 -0.00145 -0.03712597 0.02491043 -0.009 -0.03712597 0.02495536 -0.00145 -0.03721511 0.02495536 -0.009 -0.03721511 0.02500543 -0.00145 -0.03730145 0.02500543 -0.009 -0.03730145 0.02506049 -0.00145 -0.0373847 0.02506049 -0.009 -0.0373847 0.02512033 -0.009 -0.03746458 0.02512033 -0.00145 -0.03746458 0.02518477 -0.00145 -0.03754081 0.02518477 -0.009 -0.03754081 0.02525356 -0.00145 -0.03761313 0.02525356 -0.009 -0.03761313 0.02532648 -0.00145 -0.03768128 0.02532648 -0.009 -0.03768128 0.02540327 -0.00145 -0.03774504 0.02540327 -0.009 -0.03774504 0.02548368 -0.009 -0.03780418 0.02548368 -0.00145 -0.03780418 0.02556742 -0.00145 -0.0378585 0.02556742 -0.009 -0.0378585 0.02565419 -0.009 -0.03790781 0.02565419 -0.00145 -0.03790781 0.02574372 -0.00145 -0.03795195 0.02574372 -0.009 -0.03795195 0.02583568 -0.00145 -0.03799076 0.02583568 -0.009 -0.03799076 0.02592976 -0.009 -0.0380241 0.02592976 -0.00145 -0.0380241 0.02602563 -0.00145 -0.03805186 0.02602563 -0.009 -0.03805186 0.02612297 -0.00145 -0.03807395 0.02612297 -0.009 -0.03807395 0.02622143 -0.00145 -0.03809028 0.02622143 -0.009 -0.03809028 0.02632069 -0.00145 -0.03810081 0.02632069 -0.009 -0.03810081 0.02642039 -0.009 -0.0381055 0.02642039 -0.00145 -0.0381055 0.0265202 -0.00145 -0.03810433 0.0265202 -0.009 -0.03810433 0.02661976 -0.009 -0.0380973 0.02661976 -0.00145 -0.0380973 0.02671874 -0.00145 -0.03808444 0.02671874 -0.009 -0.03808444 0.0268168 -0.00145 -0.0380658 0.0268168 -0.009 -0.0380658 0.02691359 -0.00145 -0.03804143 0.02691359 -0.009 -0.03804143 0.02700878 -0.00145 -0.03801143 0.02700878 -0.009 -0.03801143 0.02710205 -0.009 -0.03797588 0.02710205 -0.00145 -0.03797588 0.02719307 -0.00145 -0.03793493 0.02719307 -0.009 -0.03793493 0.02728154 -0.00145 -0.0378887 0.02728154 -0.009 -0.0378887 0.02736713 -0.00145 -0.03783736 0.02736713 -0.009 -0.03783736 0.04441434 -0.00145 -0.01443109 0.04441434 -0.009 -0.01443109 0.04444238 -0.00145 -0.0143353 0.04444238 -0.009 -0.0143353 0.04446476 -0.00145 -0.01423803 0.04446476 -0.009 -0.01423803 0.04448138 -0.00145 -0.01413961 0.04448138 -0.009 -0.01413961 0.0444922 -0.00145 -0.01404039 0.0444922 -0.009 -0.01404039 0.04449718 -0.00145 -0.0139407 0.04449718 -0.009 -0.0139407 0.0444963 -0.00145 -0.01384089 0.0444963 -0.009 -0.01384089 0.04448957 -0.00145 -0.01374131 0.04448957 -0.009 -0.01374131 0.044477 -0.00145 -0.01364229 0.044477 -0.009 -0.01364229 0.04445864 -0.00145 -0.01354418 0.04445864 -0.009 -0.01354418 0.04443456 -0.00145 -0.01344732 0.04443456 -0.009 -0.01344732 0.04440483 -0.00145 -0.01335204 0.04440483 -0.009 -0.01335204 0.04436957 -0.00145 -0.01325866 0.04436957 -0.009 -0.01325866 0.04432888 -0.00145 -0.01316752 0.04432888 -0.009 -0.01316752 0.04428292 -0.00145 -0.01307892 0.04428292 -0.009 -0.01307892 0.04423183 -0.00145 -0.01299317 0.04423183 -0.009 -0.01299317 0.0441758 -0.00145 -0.01291057 0.0441758 -0.009 -0.01291057 0.04411502 -0.00145 -0.0128314 0.04411502 -0.009 -0.0128314 0.0440497 -0.00145 -0.01275593 0.0440497 -0.009 -0.01275593 0.04398006 -0.00145 -0.01268443 0.04398006 -0.009 -0.01268443 0.04390634 -0.00145 -0.01261714 0.04390634 -0.009 -0.01261714 0.0438288 -0.00145 -0.01255428 0.0438288 -0.009 -0.01255428 0.04374771 -0.00145 -0.01249609 0.04374771 -0.009 -0.01249609 0.04366334 -0.00145 -0.01244276 0.04366334 -0.009 -0.01244276 0.04357599 -0.00145 -0.01239447 0.04357599 -0.009 -0.01239447 0.04348595 -0.00145 -0.01235139 0.04348595 -0.009 -0.01235139 0.04339354 -0.00145 -0.01231367 0.04339354 -0.009 -0.01231367 0.04329908 -0.00145 -0.01228143 0.04329908 -0.009 -0.01228143 0.04320289 -0.00145 -0.0122548 0.04320289 -0.009 -0.0122548 0.0431053 -0.00145 -0.01223385 0.0431053 -0.009 -0.01223385 0.04300665 -0.00145 -0.01221867 0.04300665 -0.009 -0.01221867 0.04290728 -0.00145 -0.01220931 0.04290728 -0.009 -0.01220931 0.04280753 -0.00145 -0.01220579 0.04280753 -0.009 -0.01220579 0.04270774 -0.00145 -0.01220814 0.04270774 -0.009 -0.01220814 0.04260826 -0.00145 -0.01221633 0.04260826 -0.009 -0.01221633 0.04250945 -0.00145 -0.01223035 0.04250945 -0.009 -0.01223035 0.04241161 -0.00145 -0.01225015 0.04241161 -0.009 -0.01225015 0.04231512 -0.00145 -0.01227565 0.04231512 -0.009 -0.01227565 0.04222028 -0.00145 -0.01230678 0.04222028 -0.009 -0.01230678 0.04212743 -0.00145 -0.01234341 0.04212743 -0.009 -0.01234341 0.0420369 -0.00145 -0.01238543 0.0420369 -0.009 -0.01238543 0.04194899 -0.00145 -0.01243269 0.04194899 -0.009 -0.01243269 0.04186399 -0.00145 -0.01248503 0.04186399 -0.009 -0.01248503 0.04178223 -0.00145 -0.01254227 0.04178223 -0.009 -0.01254227 0.04170396 -0.00145 -0.0126042 0.04170396 -0.009 -0.0126042 0.04162946 -0.00145 -0.01267063 0.04162946 -0.009 -0.01267063 0.04155898 -0.00145 -0.01274131 0.04155898 -0.009 -0.01274131 0.04149277 -0.00145 -0.012816 0.04149277 -0.009 -0.012816 0.04143107 -0.00145 -0.01289445 0.04143107 -0.009 -0.01289445 0.04137407 -0.00145 -0.01297639 0.04137407 -0.009 -0.01297639 0.04132198 -0.00145 -0.01306153 0.04132198 -0.009 -0.01306153 0.04127498 -0.00145 -0.01314959 0.04127498 -0.009 -0.01314959 0.04123323 -0.00145 -0.01324025 0.04123323 -0.009 -0.01324025 0.04119687 -0.00145 -0.0133332 0.04119687 -0.009 -0.0133332 0.04116602 -0.00145 -0.01342813 0.04116602 -0.009 -0.01342813 0.0411408 -0.00145 -0.0135247 0.0411408 -0.009 -0.0135247 0.0411213 -0.00145 -0.01362259 0.0411213 -0.009 -0.01362259 0.04110756 -0.00145 -0.01372145 0.04110756 -0.009 -0.01372145 0.04109966 -0.00145 -0.01382095 0.04109966 -0.009 -0.01382095 0.04109761 -0.00145 -0.01392074 0.04109761 -0.009 -0.01392074 0.04110142 -0.00145 -0.01402048 0.04110142 -0.009 -0.01402048 0.04111107 -0.00145 -0.01411982 0.04111107 -0.009 -0.01411982 0.04112654 -0.00145 -0.01421843 0.04112654 -0.009 -0.01421843 0.04114777 -0.009 -0.01431596 0.04114777 -0.00145 -0.01431596 0.04117469 -0.00145 -0.01441207 0.04117469 -0.009 -0.01441207 0.0412072 -0.009 -0.01450644 0.0412072 -0.00145 -0.01450644 0.04124519 -0.00145 -0.01459874 0.04124519 -0.009 -0.01459874 0.04128854 -0.00145 -0.01468865 0.04128854 -0.009 -0.01468865 0.04133709 -0.00145 -0.01477586 0.04133709 -0.009 -0.01477586 0.04139067 -0.00145 -0.01486007 0.04139067 -0.009 -0.01486007 0.0414491 -0.00145 -0.01494099 0.0414491 -0.009 -0.01494099 0.04151218 -0.00145 -0.01501834 0.04151218 -0.009 -0.01501834 0.04157969 -0.00145 -0.01509186 0.04157969 -0.009 -0.01509186 0.04165139 -0.00145 -0.01516129 0.04165139 -0.009 -0.01516129 0.04172705 -0.00145 -0.01522639 0.04172705 -0.009 -0.01522639 0.0418064 -0.00145 -0.01528694 0.0418064 -0.009 -0.01528694 0.04188917 -0.00145 -0.01534272 0.04188917 -0.009 -0.01534272 0.04197506 -0.00145 -0.01539356 0.04197506 -0.009 -0.01539356 0.0420638 -0.00145 -0.01543926 0.0420638 -0.009 -0.01543926 0.04215506 -0.00145 -0.01547968 0.04215506 -0.009 -0.01547968 0.04224854 -0.00145 -0.01551468 0.04224854 -0.009 -0.01551468 0.04234391 -0.009 -0.01554412 0.04234391 -0.00145 -0.01554412 0.04244084 -0.00145 -0.01556792 0.04244084 -0.009 -0.01556792 0.042539 -0.009 -0.01558599 0.042539 -0.00145 -0.01558599 0.04263806 -0.009 -0.01559827 0.04263806 -0.00145 -0.01559827 0.04273766 -0.00145 -0.01560471 0.04273766 -0.009 -0.01560471 0.04283747 -0.009 -0.0156053 0.04283747 -0.00145 -0.0156053 0.04293714 -0.009 -0.01560002 0.04293714 -0.00145 -0.01560002 0.04303633 -0.009 -0.01558891 0.04303633 -0.00145 -0.01558891 0.0431347 -0.00145 -0.01557199 0.0431347 -0.009 -0.01557199 0.04323191 -0.00145 -0.01554934 0.04323191 -0.009 -0.01554934 0.04332762 -0.009 -0.01552101 0.04332762 -0.00145 -0.01552101 0.0434215 -0.00145 -0.01548712 0.0434215 -0.009 -0.01548712 0.04351323 -0.00145 -0.01544777 0.04351323 -0.009 -0.01544777 0.04360249 -0.00145 -0.01540312 0.04360249 -0.009 -0.01540312 0.04368898 -0.00145 -0.01535329 0.04368898 -0.009 -0.01535329 0.0437724 -0.009 -0.01529848 0.0437724 -0.00145 -0.01529848 0.04385245 -0.00145 -0.01523887 0.04385245 -0.009 -0.01523887 0.04392887 -0.009 -0.01517466 0.04392887 -0.00145 -0.01517466 0.04400139 -0.00145 -0.01510608 0.04400139 -0.009 -0.01510608 0.04406976 -0.00145 -0.01503336 0.04406976 -0.009 -0.01503336 0.04413374 -0.00145 -0.01495675 0.04413374 -0.009 -0.01495675 0.04419312 -0.009 -0.01487652 0.04419312 -0.00145 -0.01487652 0.04424768 -0.009 -0.01479295 0.04424768 -0.00145 -0.01479295 0.04429725 -0.00145 -0.01470631 0.04429725 -0.009 -0.01470631 0.04434165 -0.00145 -0.01461692 0.04434165 -0.009 -0.01461692 0.04438072 -0.00145 -0.01452507 0.04438072 -0.009 -0.01452507 0.04441434 -0.00145 0.01443109 0.04441434 -0.009 0.01443109 0.04438072 -0.00145 0.01452507 0.04438072 -0.009 0.01452507 0.04434165 -0.00145 0.01461692 0.04434165 -0.009 0.01461692 0.04429725 -0.00145 0.01470631 0.04429725 -0.009 0.01470631 0.04424768 -0.00145 0.01479295 0.04424768 -0.009 0.01479295 0.04419312 -0.00145 0.01487652 0.04419312 -0.009 0.01487652 0.04413374 -0.00145 0.01495675 0.04413374 -0.009 0.01495675 0.04406976 -0.00145 0.01503336 0.04406976 -0.009 0.01503336 0.04400139 -0.00145 0.01510608 0.04400139 -0.009 0.01510608 0.04392887 -0.00145 0.01517466 0.04392887 -0.009 0.01517466 0.04385245 -0.00145 0.01523887 0.04385245 -0.009 0.01523887 0.0437724 -0.00145 0.01529848 0.0437724 -0.009 0.01529848 0.04368898 -0.00145 0.01535329 0.04368898 -0.009 0.01535329 0.04360249 -0.00145 0.01540312 0.04360249 -0.009 0.01540312 0.04351323 -0.00145 0.01544777 0.04351323 -0.009 0.01544777 0.0434215 -0.00145 0.01548712 0.0434215 -0.009 0.01548712 0.04332762 -0.00145 0.01552101 0.04332762 -0.009 0.01552101 0.04323191 -0.00145 0.01554934 0.04323191 -0.009 0.01554934 0.0431347 -0.00145 0.01557199 0.0431347 -0.009 0.01557199 0.04303633 -0.00145 0.01558891 0.04303633 -0.009 0.01558891 0.04293714 -0.00145 0.01560002 0.04293714 -0.009 0.01560002 0.04283747 -0.00145 0.0156053 0.04283747 -0.009 0.0156053 0.04273766 -0.00145 0.01560471 0.04273766 -0.009 0.01560471 0.04263806 -0.00145 0.01559827 0.04263806 -0.009 0.01559827 0.042539 -0.00145 0.01558599 0.042539 -0.009 0.01558599 0.04244084 -0.00145 0.01556792 0.04244084 -0.009 0.01556792 0.04234391 -0.00145 0.01554412 0.04234391 -0.009 0.01554412 0.04224854 -0.00145 0.01551468 0.04224854 -0.009 0.01551468 0.04215506 -0.00145 0.01547968 0.04215506 -0.009 0.01547968 0.0420638 -0.00145 0.01543926 0.0420638 -0.009 0.01543926 0.04197506 -0.00145 0.01539356 0.04197506 -0.009 0.01539356 0.04188917 -0.00145 0.01534272 0.04188917 -0.009 0.01534272 0.0418064 -0.00145 0.01528694 0.0418064 -0.009 0.01528694 0.04172705 -0.00145 0.01522639 0.04172705 -0.009 0.01522639 0.04165139 -0.00145 0.01516129 0.04165139 -0.009 0.01516129 0.04157969 -0.00145 0.01509186 0.04157969 -0.009 0.01509186 0.04151218 -0.00145 0.01501834 0.04151218 -0.009 0.01501834 0.0414491 -0.00145 0.01494099 0.0414491 -0.009 0.01494099 0.04139067 -0.00145 0.01486007 0.04139067 -0.009 0.01486007 0.04133709 -0.00145 0.01477586 0.04133709 -0.009 0.01477586 0.04128854 -0.00145 0.01468865 0.04128854 -0.009 0.01468865 0.04124519 -0.00145 0.01459874 0.04124519 -0.009 0.01459874 0.0412072 -0.00145 0.01450644 0.0412072 -0.009 0.01450644 0.04117469 -0.00145 0.01441207 0.04117469 -0.009 0.01441207 0.04114777 -0.00145 0.01431596 0.04114777 -0.009 0.01431596 0.04112654 -0.00145 0.01421843 0.04112654 -0.009 0.01421843 0.04111107 -0.00145 0.01411982 0.04111107 -0.009 0.01411982 0.04110142 -0.00145 0.01402048 0.04110142 -0.009 0.01402048 0.04109761 -0.00145 0.01392074 0.04109761 -0.009 0.01392074 0.04109966 -0.00145 0.01382095 0.04109966 -0.009 0.01382095 0.04110756 -0.00145 0.01372145 0.04110756 -0.009 0.01372145 0.0411213 -0.00145 0.01362259 0.0411213 -0.009 0.01362259 0.0411408 -0.00145 0.0135247 0.0411408 -0.009 0.0135247 0.04116602 -0.00145 0.01342813 0.04116602 -0.009 0.01342813 0.04119687 -0.00145 0.0133332 0.04119687 -0.009 0.0133332 0.04123323 -0.00145 0.01324025 0.04123323 -0.009 0.01324025 0.04127498 -0.00145 0.01314959 0.04127498 -0.009 0.01314959 0.04132198 -0.00145 0.01306153 0.04132198 -0.009 0.01306153 0.04137407 -0.00145 0.01297639 0.04137407 -0.009 0.01297639 0.04143107 -0.00145 0.01289445 0.04143107 -0.009 0.01289445 0.04149277 -0.00145 0.012816 0.04149277 -0.009 0.012816 0.04155898 -0.00145 0.01274131 0.04155898 -0.009 0.01274131 0.04162946 -0.00145 0.01267063 0.04162946 -0.009 0.01267063 0.04170396 -0.00145 0.0126042 0.04170396 -0.009 0.0126042 0.04178223 -0.00145 0.01254227 0.04178223 -0.009 0.01254227 0.04186399 -0.009 0.01248503 0.04186399 -0.00145 0.01248503 0.04194899 -0.00145 0.01243269 0.04194899 -0.009 0.01243269 0.0420369 -0.00145 0.01238543 0.0420369 -0.009 0.01238543 0.04212743 -0.00145 0.01234341 0.04212743 -0.009 0.01234341 0.04222028 -0.00145 0.01230678 0.04222028 -0.009 0.01230678 0.04231512 -0.00145 0.01227565 0.04231512 -0.009 0.01227565 0.04241161 -0.00145 0.01225015 0.04241161 -0.009 0.01225015 0.04250945 -0.00145 0.01223035 0.04250945 -0.009 0.01223035 0.04260826 -0.00145 0.01221633 0.04260826 -0.009 0.01221633 0.04270774 -0.00145 0.01220814 0.04270774 -0.009 0.01220814 0.04280753 -0.00145 0.01220579 0.04280753 -0.009 0.01220579 0.04290728 -0.00145 0.01220931 0.04290728 -0.009 0.01220931 0.04300665 -0.00145 0.01221867 0.04300665 -0.009 0.01221867 0.0431053 -0.00145 0.01223385 0.0431053 -0.009 0.01223385 0.04320289 -0.00145 0.0122548 0.04320289 -0.009 0.0122548 0.04329908 -0.00145 0.01228143 0.04329908 -0.009 0.01228143 0.04339354 -0.009 0.01231367 0.04339354 -0.00145 0.01231367 0.04348595 -0.00145 0.01235139 0.04348595 -0.009 0.01235139 0.04357599 -0.00145 0.01239447 0.04357599 -0.009 0.01239447 0.04366334 -0.00145 0.01244276 0.04366334 -0.009 0.01244276 0.04374771 -0.00145 0.01249609 0.04374771 -0.009 0.01249609 0.0438288 -0.009 0.01255428 0.0438288 -0.00145 0.01255428 0.04390634 -0.00145 0.01261714 0.04390634 -0.009 0.01261714 0.04398006 -0.009 0.01268443 0.04398006 -0.00145 0.01268443 0.0440497 -0.00145 0.01275593 0.0440497 -0.009 0.01275593 0.04411502 -0.00145 0.0128314 0.04411502 -0.009 0.0128314 0.0441758 -0.009 0.01291057 0.0441758 -0.00145 0.01291057 0.04423183 -0.00145 0.01299317 0.04423183 -0.009 0.01299317 0.04428292 -0.00145 0.01307892 0.04428292 -0.009 0.01307892 0.04432888 -0.00145 0.01316752 0.04432888 -0.009 0.01316752 0.04436957 -0.00145 0.01325866 0.04436957 -0.009 0.01325866 0.04440483 -0.009 0.01335204 0.04440483 -0.00145 0.01335204 0.04443456 -0.00145 0.01344732 0.04443456 -0.009 0.01344732 0.04445864 -0.009 0.01354418 0.04445864 -0.00145 0.01354418 0.044477 -0.00145 0.01364229 0.044477 -0.009 0.01364229 0.04448957 -0.00145 0.01374131 0.04448957 -0.009 0.01374131 0.0444963 -0.00145 0.01384089 0.0444963 -0.009 0.01384089 0.04449718 -0.00145 0.0139407 0.04449718 -0.009 0.0139407 0.0444922 -0.009 0.01404039 0.0444922 -0.00145 0.01404039 0.04448138 -0.00145 0.01413961 0.04448138 -0.009 0.01413961 0.04446476 -0.00145 0.01423803 0.04446476 -0.009 0.01423803 0.04444238 -0.00145 0.0143353 0.04444238 -0.009 0.0143353 0.02744957 -0.00145 0.03778109 0.02744957 -0.009 0.03778109 0.02736713 -0.00145 0.03783736 0.02736713 -0.009 0.03783736 0.02728154 -0.00145 0.0378887 0.02728154 -0.009 0.0378887 0.02719307 -0.00145 0.03793493 0.02719307 -0.009 0.03793493 0.02710205 -0.00145 0.03797588 0.02710205 -0.009 0.03797588 0.02700878 -0.00145 0.03801143 0.02700878 -0.009 0.03801143 0.02691359 -0.00145 0.03804143 0.02691359 -0.009 0.03804143 0.0268168 -0.00145 0.0380658 0.0268168 -0.009 0.0380658 0.02671874 -0.00145 0.03808444 0.02671874 -0.009 0.03808444 0.02661976 -0.00145 0.0380973 0.02661976 -0.009 0.0380973 0.0265202 -0.00145 0.03810433 0.0265202 -0.009 0.03810433 0.02642039 -0.00145 0.0381055 0.02642039 -0.009 0.0381055 0.02632069 -0.00145 0.03810081 0.02632069 -0.009 0.03810081 0.02622143 -0.00145 0.03809028 0.02622143 -0.009 0.03809028 0.02612297 -0.00145 0.03807395 0.02612297 -0.009 0.03807395 0.02602563 -0.00145 0.03805186 0.02602563 -0.009 0.03805186 0.02592976 -0.00145 0.0380241 0.02592976 -0.009 0.0380241 0.02583568 -0.00145 0.03799076 0.02583568 -0.009 0.03799076 0.02574372 -0.00145 0.03795195 0.02574372 -0.009 0.03795195 0.02565419 -0.00145 0.03790781 0.02565419 -0.009 0.03790781 0.02556742 -0.00145 0.0378585 0.02556742 -0.009 0.0378585 0.02548368 -0.00145 0.03780418 0.02548368 -0.009 0.03780418 0.02540327 -0.00145 0.03774504 0.02540327 -0.009 0.03774504 0.02532648 -0.00145 0.03768128 0.02532648 -0.009 0.03768128 0.02525356 -0.00145 0.03761313 0.02525356 -0.009 0.03761313 0.02518477 -0.00145 0.03754081 0.02518477 -0.009 0.03754081 0.02512033 -0.00145 0.03746458 0.02512033 -0.009 0.03746458 0.02506049 -0.00145 0.0373847 0.02506049 -0.009 0.0373847 0.02500543 -0.00145 0.03730145 0.02500543 -0.009 0.03730145 0.02495536 -0.00145 0.03721511 0.02495536 -0.009 0.03721511 0.02491043 -0.00145 0.03712597 0.02491043 -0.009 0.03712597 0.02487082 -0.00145 0.03703436 0.02487082 -0.009 0.03703436 0.02483665 -0.00145 0.03694058 0.02483665 -0.009 0.03694058 0.02480805 -0.00145 0.03684495 0.02480805 -0.009 0.03684495 0.0247851 -0.00145 0.03674781 0.0247851 -0.009 0.03674781 0.0247679 -0.00145 0.0366495 0.0247679 -0.009 0.0366495 0.02475649 -0.00145 0.03655034 0.02475649 -0.009 0.03655034 0.02475093 -0.00145 0.03645068 0.02475093 -0.009 0.03645068 0.02475122 -0.00145 0.03635087 0.02475122 -0.009 0.03635087 0.02475737 -0.00145 0.03625125 0.02475737 -0.009 0.03625125 0.02476936 -0.00145 0.03615216 0.02476936 -0.009 0.03615216 0.02478714 -0.00145 0.03605394 0.02478714 -0.009 0.03605394 0.02481065 -0.00145 0.03595694 0.02481065 -0.009 0.03595694 0.02483982 -0.00145 0.03586148 0.02483982 -0.009 0.03586148 0.02487454 -0.00145 0.03576791 0.02487454 -0.009 0.03576791 0.02491469 -0.00145 0.03567653 0.02491469 -0.009 0.03567653 0.02496013 -0.00145 0.03558766 0.02496013 -0.009 0.03558766 0.02501072 -0.00145 0.03550161 0.02501072 -0.009 0.03550161 0.02506626 -0.00145 0.03541868 0.02506626 -0.009 0.03541868 0.02512658 -0.00145 0.03533916 0.02512658 -0.009 0.03533916 0.02519145 -0.00145 0.03526331 0.02519145 -0.009 0.03526331 0.02526067 -0.00145 0.03519139 0.02526067 -0.009 0.03519139 0.02533399 -0.00145 0.03512367 0.02533399 -0.009 0.03512367 0.02541116 -0.00145 0.03506036 0.02541116 -0.009 0.03506036 0.02549191 -0.00145 0.03500169 0.02549191 -0.009 0.03500169 0.02557596 -0.00145 0.03494787 0.02557596 -0.009 0.03494787 0.02566303 -0.00145 0.03489906 0.02566303 -0.009 0.03489906 0.02575281 -0.00145 0.03485546 0.02575281 -0.009 0.03485546 0.025845 -0.00145 0.03481719 0.025845 -0.009 0.03481719 0.02593927 -0.00145 0.0347844 0.02593927 -0.009 0.0347844 0.0260353 -0.00145 0.03475721 0.0260353 -0.009 0.03475721 0.02613277 -0.00145 0.03473569 0.02613277 -0.009 0.03473569 0.02623133 -0.00145 0.03471993 0.02623133 -0.009 0.03471993 0.02633064 -0.00145 0.03470998 0.02633064 -0.009 0.03470998 0.02643037 -0.00145 0.03470588 0.02643037 -0.009 0.03470588 0.02653017 -0.009 0.03470764 0.02653017 -0.00145 0.03470764 0.02662969 -0.00145 0.03471525 0.02662969 -0.009 0.03471525 0.02672859 -0.00145 0.03472869 0.02672859 -0.009 0.03472869 0.02682654 -0.00145 0.03474791 0.02682654 -0.009 0.03474791 0.02692318 -0.00145 0.03477285 0.02692318 -0.009 0.03477285 0.0270182 -0.00145 0.03480341 0.0270182 -0.009 0.03480341 0.02711126 -0.00145 0.0348395 0.02711126 -0.009 0.0348395 0.02720204 -0.00145 0.03488099 0.02720204 -0.009 0.03488099 0.02729023 -0.00145 0.03492773 0.02729023 -0.009 0.03492773 0.02737552 -0.00145 0.03497957 0.02737552 -0.009 0.03497957 0.02745763 -0.00145 0.03503633 0.02745763 -0.009 0.03503633 0.02753626 -0.00145 0.03509781 0.02753626 -0.009 0.03509781 0.02761115 -0.00145 0.03516379 0.02761115 -0.009 0.03516379 0.02768204 -0.00145 0.03523405 0.02768204 -0.009 0.03523405 0.02774868 -0.00145 0.03530836 0.02774868 -0.009 0.03530836 0.02781085 -0.00145 0.03538645 0.02781085 -0.009 0.03538645 0.02786832 -0.009 0.03546805 0.02786832 -0.00145 0.03546805 0.02792091 -0.00145 0.03555288 0.02792091 -0.009 0.03555288 0.02796843 -0.00145 0.03564066 0.02796843 -0.009 0.03564066 0.02801072 -0.00145 0.03573107 0.02801072 -0.009 0.03573107 0.02804762 -0.00145 0.03582381 0.02804762 -0.009 0.03582381 0.02807903 -0.009 0.03591855 0.02807903 -0.00145 0.03591855 0.02810481 -0.00145 0.03601498 0.02810481 -0.009 0.03601498 0.02812489 -0.009 0.03611275 0.02812489 -0.00145 0.03611275 0.0281392 -0.00145 0.03621153 0.0281392 -0.009 0.03621153 0.02814769 -0.00145 0.03631098 0.02814769 -0.009 0.03631098 0.02815033 -0.009 0.03641076 0.02815033 -0.00145 0.03641076 0.02814711 -0.00145 0.03651052 0.02814711 -0.009 0.03651052 0.02813803 -0.00145 0.03660992 0.02813803 -0.009 0.03660992 0.02812314 -0.00145 0.03670861 0.02812314 -0.009 0.03670861 0.02810249 -0.00145 0.03680626 0.02810249 -0.009 0.03680626 0.02807614 -0.009 0.03690253 0.02807614 -0.00145 0.03690253 0.02804418 -0.00145 0.03699709 0.02804418 -0.009 0.03699709 0.02800673 -0.009 0.03708961 0.02800673 -0.00145 0.03708961 0.02796391 -0.00145 0.03717977 0.02796391 -0.009 0.03717977 0.02791588 -0.00145 0.03726727 0.02791588 -0.009 0.03726727 0.02786279 -0.00145 0.03735179 0.02786279 -0.009 0.03735179 0.02780484 -0.00145 0.03743305 0.02780484 -0.009 0.03743305 0.02774222 -0.009 0.03751078 0.02774222 -0.00145 0.03751078 0.02767514 -0.00145 0.03758469 0.02767514 -0.009 0.03758469 0.02760384 -0.00145 0.03765454 0.02760384 -0.009 0.03765454 0.02752856 -0.00145 0.03772008 0.02752856 -0.009 0.03772008 0.002424246 -0.000725 0.04493954 0.00240618 -0.000725 0.04469847 0.002061859 -0.0010875 0.04494858 0.002046493 -0.0010875 0.04474354 0.002010789 -0.0010875 0.04454105 0.002745152 -0.0003625 0.04548404 0.002779706 -0.0003625 0.04520831 0.002388159 -0.000725 0.0454211 0.003125554 0 0.04539168 0.002418219 -0.000725 0.04518122 0.003149021 0 0.04507853 0.003141192 0 0.0452354 0.0019551 -0.0010875 0.04434312 0.001879981 -0.0010875 0.04415172 0.001586788 -0.00145 0.04439 -5.927291e-18 -0.00145 0.0467 -6.016077e-18 -0.0010875 0.0470625 9.976895e-05 -0.00145 0.04669707 0.001548254 -0.00145 0.04429792 0.001504382 -0.00145 0.04420827 0.0023642 -0.000725 0.04446039 0.003141192 0 0.0447646 0.002786633 -0.0003625 0.0449305 0.003149021 0 0.04492147 0.001455325 -0.00145 0.04412135 0.001786177 -0.0010875 0.04396875 0.00140125 -0.00145 0.04403745 0.002298724 -0.000725 0.04422767 0.003102144 0 0.04445301 0.002765867 -0.0003625 0.04465339 0.003125554 0 0.04460832 0.001674622 -0.0010875 0.04379603 0.001342345 -0.00145 0.04395687 -6.282438e-18 1.249001e-18 0.04815 0.0001570145 0 0.04814608 -6.193651e-18 -0.0003625 0.0477875 0.002210402 -0.000725 0.04400263 0.003032266 0 0.04414685 0.002717612 -0.0003625 0.04437972 0.003071023 0 0.04429906 0.001546424 -0.0010875 0.04363527 0.001278813 -0.00145 0.04387989 0.001210873 -0.00145 0.04380677 0.002100112 -0.000725 0.0437875 0.002932252 0 0.04384917 0.002642348 -0.0003625 0.04411222 0.002985971 0 0.04399677 0.001402856 -0.0010875 0.04348808 0.001138758 -0.00145 0.04373777 0.001062718 -0.00145 0.04367311 0.00196895 -0.000725 0.04358442 0.002871243 0 0.04370444 0.002540823 -0.0003625 0.04385354 0.002803096 0 0.04356293 0.001245347 -0.0010875 0.04335592 0.0009830142 -0.00145 0.04361303 0.001818219 -0.000725 0.04339541 0.002414046 -0.0003625 0.04360625 0.002646082 0 0.04329098 0.00272798 0 0.043425 0.00107546 -0.0010875 0.04324009 0.0008999219 -0.00145 0.04355773 0.0008137274 -0.00145 0.0435074 0.001649419 -0.000725 0.04322235 0.002263277 -0.0003625 0.04337281 0.002462769 0 0.04303601 0.002557605 0 0.04316121 0.0007247279 -0.00145 0.04346222 0.0008948852 -0.0010875 0.04314175 0.0006332301 -0.00145 0.04342234 0.001464226 -0.000725 0.04306696 0.002090015 -0.0003625 0.04315555 0.002254981 0 0.04280055 0.002361811 0 0.04291569 0.0007054166 -0.0010875 0.04306189 0.0005395494 -0.00145 0.04338789 0.00126448 -0.000725 0.04293077 0.001895982 -0.0003625 0.04295662 0.002024781 0 0.04258696 0.002142544 0 0.04269089 0.0005089371 -0.0010875 0.04300128 0.0004440088 -0.00145 0.04335901 0.0003469375 -0.00145 0.04333578 0.001052168 -0.000725 0.04281515 0.001683105 -0.0003625 0.04277799 0.001774458 0 0.04239735 0.001901984 0 0.04248903 0.0002486703 -0.00145 0.04331829 0.0003073997 -0.0010875 0.04296054 0.0001495459 -0.00145 0.04330659 0.0008293989 -0.000725 0.04272124 0.001453501 -0.0003625 0.04262145 0.0015065 0 0.0422336 0.001642521 0 0.04231213 0.0001028071 -0.0010875 0.04294006 4.990598e-05 -0.00145 0.04330073 0.0005983867 -0.000725 0.04264999 0.001209451 -0.0003625 0.04248855 0.00122357 0 0.04209735 0.001366734 0 0.04216195 -4.990598e-05 -0.00145 0.04330073 -0.0001028071 -0.0010875 0.04294006 -0.0001495459 -0.00145 0.04330659 0.0003614275 -0.000725 0.04260209 0.0009533811 -0.0003625 0.04238061 0.0009284788 0 0.04198994 0.001077363 0 0.04203997 -0.0003073997 -0.0010875 0.04296054 -0.0002486703 -0.00145 0.04331829 -0.0003469375 -0.00145 0.04333578 0.0001208763 -0.000725 0.04257801 0.0006878362 -0.0003625 0.0422987 0.0006241603 0 0.04191246 0.0007772858 0 0.04194741 -0.0004440088 -0.00145 0.04335901 -0.0005089371 -0.0010875 0.04300128 -0.0005395494 -0.00145 0.04338789 -0.0001208763 -0.000725 0.04257801 0.0004154553 -0.0003625 0.04224363 0.0003136387 0 0.04186565 0.0004694831 0 0.04188518 -0.0007054166 -0.0010875 0.04306189 -0.0006332301 -0.00145 0.04342234 -0.0003614275 -0.000725 0.04260209 0.0001389454 -0.0003625 0.04221597 3.327199e-17 0 0.04185 0.0001570145 0 0.04185392 -0.0008948852 -0.0010875 0.04314175 -0.0007247279 -0.00145 0.04346222 -0.0008137274 -0.00145 0.0435074 -0.0005983867 -0.000725 0.04264999 -0.0001389454 -0.0003625 0.04221597 -0.0003136387 0 0.04186565 -0.0001570145 0 0.04185392 -0.00107546 -0.0010875 0.04324009 -0.0008999219 -0.00145 0.04355773 -0.0009830142 -0.00145 0.04361303 -0.0008293989 -0.000725 0.04272124 -0.0004154553 -0.0003625 0.04224363 -0.0006241603 0 0.04191246 -0.0004694831 0 0.04188518 -0.001245347 -0.0010875 0.04335592 -0.001062718 -0.00145 0.04367311 -0.001052168 -0.000725 0.04281515 -0.0006878362 -0.0003625 0.0422987 -0.0009284788 0 0.04198994 -0.0007772858 0 0.04194741 -0.001138758 -0.00145 0.04373777 -0.001402856 -0.0010875 0.04348808 -0.001210873 -0.00145 0.04380677 -0.00126448 -0.000725 0.04293077 -0.00122357 0 0.04209735 -0.0009533811 -0.0003625 0.04238061 -0.001077363 0 0.04203997 -0.001546424 -0.0010875 0.04363527 -0.001278813 -0.00145 0.04387989 -0.001342345 -0.00145 0.04395687 -0.001464226 -0.000725 0.04306696 -0.001209451 -0.0003625 0.04248855 -0.0015065 0 0.0422336 -0.001366734 0 0.04216195 -0.001674622 -0.0010875 0.04379603 -0.00140125 -0.00145 0.04403745 -0.001649419 -0.000725 0.04322235 -0.001453501 -0.0003625 0.04262145 -0.001774458 0 0.04239735 -0.001642521 0 0.04231213 -0.001786177 -0.0010875 0.04396875 -0.001455325 -0.00145 0.04412135 -0.001504382 -0.00145 0.04420827 -0.001818219 -0.000725 0.04339541 -0.001683105 -0.0003625 0.04277799 -0.002024781 0 0.04258696 -0.001901984 0 0.04248903 -0.001879981 -0.0010875 0.04415172 -0.001548254 -0.00145 0.04429792 -0.001586788 -0.00145 0.04439 -0.00196895 -0.000725 0.04358442 -0.001895982 -0.0003625 0.04295662 -0.002254981 0 0.04280055 -0.002142544 0 0.04269089 -0.0019551 -0.0010875 0.04434312 -0.001619853 -0.00145 0.04448417 -0.001647334 -0.00145 0.04458013 -0.002100112 -0.000725 0.0437875 -0.002090015 -0.0003625 0.04315555 -0.002462769 0 0.04303601 -0.002361811 0 0.04291569 -0.002010789 -0.0010875 0.04454105 -0.001669135 -0.00145 0.04467753 -0.002210402 -0.000725 0.04400263 -0.002263277 -0.0003625 0.04337281 -0.002646082 0 0.04329098 -0.002557605 0 0.04316121 -0.002046493 -0.0010875 0.04474354 -0.001685184 -0.00145 0.04477604 -0.001695422 -0.00145 0.04487533 -0.002298724 -0.000725 0.04422767 -0.002414046 -0.0003625 0.04360625 -0.002803096 0 0.04356293 -0.00272798 0 0.043425 -0.001699817 -0.00145 0.04497504 -0.002061859 -0.0010875 0.04494858 -0.001698352 -0.00145 0.04507484 -0.0023642 -0.000725 0.04446039 -0.002540823 -0.0003625 0.04385354 -0.002932252 0 0.04384917 -0.002871243 0 0.04370444 -0.002056733 -0.0010875 0.04515413 -0.001691032 -0.00145 0.04517439 -0.00240618 -0.000725 0.04469847 -0.003032266 0 0.04414685 -0.002642348 -0.0003625 0.04411222 -0.002985971 0 0.04399677 -0.001677883 -0.00145 0.04527333 -0.002031166 -0.0010875 0.04535815 -0.001658949 -0.00145 0.04537133 -0.002424246 -0.000725 0.04493954 -0.002717612 -0.0003625 0.04437972 -0.003102144 0 0.04445301 -0.003071023 0 0.04429906 -0.001634298 -0.00145 0.04546805 -0.001985412 -0.0010875 0.04555861 -0.001604012 -0.00145 0.04556316 -0.002418219 -0.000725 0.04518122 -0.002765867 -0.0003625 0.04465339 -0.003141192 0 0.0447646 -0.003125554 0 0.04460832 -0.001919927 -0.0010875 0.04575352 -0.001568197 -0.00145 0.04565632 -0.002388159 -0.000725 0.0454211 -0.003149021 0 0.04507853 -0.002786633 -0.0003625 0.0449305 -0.003149021 0 0.04492147 -0.001526976 -0.00145 0.04574722 -0.001835361 -0.0010875 0.04594093 -0.001480491 -0.00145 0.04583555 -0.002334364 -0.000725 0.04565679 -0.002779706 -0.0003625 0.04520831 -0.003125554 0 0.04539168 -0.003141192 0 0.0452354 -0.001428903 -0.00145 0.045921 -0.001732553 -0.0010875 0.046119 -0.001372389 -0.00145 0.04600327 -0.002257369 -0.000725 0.04588595 -0.002745152 -0.0003625 0.04548404 -0.003071023 0 0.04570094 -0.003102144 0 0.04554699 -0.001311144 -0.00145 0.04608208 -0.001612527 -0.0010875 0.04628595 -0.00124538 -0.00145 0.04615717 -0.002157939 -0.000725 0.04610631 -0.002683315 -0.0003625 0.04575497 -0.002985971 0 0.04600323 -0.003032266 0 0.04585315 -0.001476475 -0.0010875 0.04644011 -0.001175322 -0.00145 0.04622826 -0.002037063 -0.000725 0.04631567 -0.00259481 -0.0003625 0.04601839 -0.002871243 0 0.04629556 -0.002932252 0 0.04615083 -0.001101212 -0.00145 0.04629512 -0.001325749 -0.0010875 0.04657997 -0.001023307 -0.00145 0.04635751 -0.001895941 -0.000725 0.04651196 -0.002480518 -0.0003625 0.04627169 -0.00272798 0 0.046575 -0.002803096 0 0.04643707 -0.000941874 -0.00145 0.04641523 -0.001161848 -0.0010875 0.04670412 -0.0008571941 -0.00145 0.04646807 -0.001735977 -0.000725 0.04669323 -0.002557605 0 0.04683879 -0.002341572 -0.0003625 0.04651235 -0.002646082 0 0.04670902 -0.0009863988 -0.0010875 0.04681133 -0.0007695594 -0.00145 0.04651584 -0.00155876 -0.000725 0.04685766 -0.002179355 -0.0003625 0.04673798 -0.002361811 0 0.04708431 -0.002462769 0 0.04696399 -0.0006792718 -0.00145 0.04655839 -0.0008011467 -0.0010875 0.04690054 -0.0005866426 -0.00145 0.04659557 -0.001366051 -0.000725 0.04700363 -0.002142544 0 0.04730911 -0.001995479 -0.0003625 0.04694633 -0.002254981 0 0.04719945 -0.0004919911 -0.00145 0.04662725 -0.0006079326 -0.0010875 0.04697087 -0.0003956437 -0.00145 0.04665332 -0.001159766 -0.000725 0.04712969 -0.001901984 0 0.04751097 -0.00179177 -0.0003625 0.04713535 -0.002024781 0 0.04741304 -0.0004086764 -0.0010875 0.04702161 -0.0002979323 -0.00145 0.04667369 -0.0009419544 -0.000725 0.04723458 -0.001642521 0 0.04768787 -0.001570255 -0.0003625 0.04730314 -0.001774458 0 0.04760265 -0.000199194 -0.00145 0.04668829 -0.0002053587 -0.0010875 0.04705225 -9.976895e-05 -0.00145 0.04669707 -0.0007147813 -0.000725 0.04731726 -0.001333133 -0.0003625 0.04744804 -0.001366734 0 0.04783805 -0.0015065 0 0.0477664 -0.0004805044 -0.000725 0.04737692 -0.001082762 -0.0003625 0.04756861 -0.001077363 0 0.04796003 -0.00122357 0 0.04790265 -0.000241452 -0.000725 0.04741295 -6.104864e-18 -0.000725 0.047425 -0.0008216301 -0.0003625 0.04766366 -0.0007772858 0 0.04805259 -0.0009284788 0 0.04801006 -0.0005523324 -0.0003625 0.04773223 -0.0004694831 0 0.04811482 -0.0006241603 0 0.04808754 -0.0002775454 -0.0003625 0.04777365 -0.0001570145 0 0.04814608 -0.0003136387 0 0.04813435 0.0002053587 -0.0010875 0.04705225 0.000199194 -0.00145 0.04668829 0.0002979323 -0.00145 0.04667369 0.0004086764 -0.0010875 0.04702161 0.0003956437 -0.00145 0.04665332 0.0004919911 -0.00145 0.04662725 0.0006079326 -0.0010875 0.04697087 0.0005866426 -0.00145 0.04659557 0.000241452 -0.000725 0.04741295 0.0006792718 -0.00145 0.04655839 0.0008011467 -0.0010875 0.04690054 0.0007695594 -0.00145 0.04651584 0.0004805044 -0.000725 0.04737692 0.0009863988 -0.0010875 0.04681133 0.0008571941 -0.00145 0.04646807 0.0007147813 -0.000725 0.04731726 0.0004694831 0 0.04811482 0.0002775454 -0.0003625 0.04777365 0.0003136387 0 0.04813435 0.000941874 -0.00145 0.04641523 0.001161848 -0.0010875 0.04670412 0.001023307 -0.00145 0.04635751 0.0009419544 -0.000725 0.04723458 0.0005523324 -0.0003625 0.04773223 0.0007772858 0 0.04805259 0.0006241603 0 0.04808754 0.001325749 -0.0010875 0.04657997 0.001101212 -0.00145 0.04629512 0.001175322 -0.00145 0.04622826 0.001159766 -0.000725 0.04712969 0.001077363 0 0.04796003 0.0008216301 -0.0003625 0.04766366 0.0009284788 0 0.04801006 0.001476475 -0.0010875 0.04644011 0.00124538 -0.00145 0.04615717 0.001366051 -0.000725 0.04700363 0.001366734 0 0.04783805 0.001082762 -0.0003625 0.04756861 0.00122357 0 0.04790265 0.001311144 -0.00145 0.04608208 0.001612527 -0.0010875 0.04628595 0.001372389 -0.00145 0.04600327 0.00155876 -0.000725 0.04685766 0.001333133 -0.0003625 0.04744804 0.001642521 0 0.04768787 0.0015065 0 0.0477664 0.001732553 -0.0010875 0.046119 0.001428903 -0.00145 0.045921 0.001480491 -0.00145 0.04583555 0.001735977 -0.000725 0.04669323 0.001570255 -0.0003625 0.04730314 0.001901984 0 0.04751097 0.001774458 0 0.04760265 0.001835361 -0.0010875 0.04594093 0.001526976 -0.00145 0.04574722 0.001568197 -0.00145 0.04565632 0.001895941 -0.000725 0.04651196 0.002142544 0 0.04730911 0.00179177 -0.0003625 0.04713535 0.002024781 0 0.04741304 0.001919927 -0.0010875 0.04575352 0.001604012 -0.00145 0.04556316 0.002037063 -0.000725 0.04631567 0.001995479 -0.0003625 0.04694633 0.002361811 0 0.04708431 0.002254981 0 0.04719945 0.001985412 -0.0010875 0.04555861 0.001634298 -0.00145 0.04546805 0.001658949 -0.00145 0.04537133 0.002157939 -0.000725 0.04610631 0.002179355 -0.0003625 0.04673798 0.002557605 0 0.04683879 0.002462769 0 0.04696399 0.002031166 -0.0010875 0.04535815 0.001677883 -0.00145 0.04527333 0.001691032 -0.00145 0.04517439 0.002257369 -0.000725 0.04588595 0.002341572 -0.0003625 0.04651235 0.00272798 0 0.046575 0.002646082 0 0.04670902 0.002056733 -0.0010875 0.04515413 0.001698352 -0.00145 0.04507484 0.002334364 -0.000725 0.04565679 0.002871243 0 0.04629556 0.002480518 -0.0003625 0.04627169 0.002803096 0 0.04643707 0.001699817 -0.00145 0.04497504 0.001695422 -0.00145 0.04487533 0.00259481 -0.0003625 0.04601839 0.002985971 0 0.04600323 0.002932252 0 0.04615083 0.001685184 -0.00145 0.04477604 0.001669135 -0.00145 0.04467753 0.002683315 -0.0003625 0.04575497 0.003071023 0 0.04570094 0.003032266 0 0.04585315 0.001647334 -0.00145 0.04458013 0.003102144 0 0.04554699 0.001619853 -0.00145 0.04448417 -5.510911e-18 -0.009 0.0467 -9.976895e-05 -0.009 0.04669707 -0.000199194 -0.009 0.04668829 -0.0002979323 -0.009 0.04667369 -0.0003956437 -0.009 0.04665332 -0.0004919911 -0.009 0.04662725 -0.0005866426 -0.009 0.04659557 -0.0006792718 -0.009 0.04655839 -0.0007695594 -0.009 0.04651584 -0.0008571941 -0.009 0.04646807 -0.000941874 -0.009 0.04641523 -0.001023307 -0.009 0.04635751 -0.001101212 -0.009 0.04629512 -0.001175322 -0.009 0.04622826 -0.00124538 -0.009 0.04615717 -0.001311144 -0.009 0.04608208 -0.001372389 -0.009 0.04600327 -0.001428903 -0.009 0.045921 -0.001480491 -0.009 0.04583555 -0.001526976 -0.009 0.04574722 -0.001568197 -0.009 0.04565632 -0.001604012 -0.009 0.04556316 -0.001634298 -0.009 0.04546805 -0.001658949 -0.009 0.04537133 -0.001677883 -0.009 0.04527333 -0.001691032 -0.009 0.04517439 -0.001698352 -0.009 0.04507484 -0.001699817 -0.009 0.04497504 -0.001695422 -0.009 0.04487533 -0.001685184 -0.009 0.04477604 -0.001669135 -0.009 0.04467753 -0.001647334 -0.009 0.04458013 -0.001619853 -0.009 0.04448417 -0.001586788 -0.009 0.04439 -0.001548254 -0.009 0.04429792 -0.001504382 -0.009 0.04420827 -0.001455325 -0.009 0.04412135 -0.00140125 -0.009 0.04403745 -0.001342345 -0.009 0.04395687 -0.001278813 -0.009 0.04387989 -0.001210873 -0.009 0.04380677 -0.001138758 -0.009 0.04373777 -0.001062718 -0.009 0.04367311 -0.0009830142 -0.009 0.04361303 -0.0008999219 -0.009 0.04355773 -0.0008137274 -0.009 0.0435074 -0.0007247279 -0.009 0.04346222 -0.0006332301 -0.009 0.04342234 -0.0005395494 -0.009 0.04338789 -0.0004440088 -0.009 0.04335901 -0.0003469375 -0.009 0.04333578 -0.0002486703 -0.009 0.04331829 -0.0001495459 -0.009 0.04330659 -4.990598e-05 -0.009 0.04330073 4.990598e-05 -0.009 0.04330073 0.0001495459 -0.009 0.04330659 0.0002486703 -0.009 0.04331829 0.0003469375 -0.009 0.04333578 0.0004440088 -0.009 0.04335901 0.0005395494 -0.009 0.04338789 0.0006332301 -0.009 0.04342234 0.0007247279 -0.009 0.04346222 0.0008137274 -0.009 0.0435074 0.0008999219 -0.009 0.04355773 0.0009830142 -0.009 0.04361303 0.001062718 -0.009 0.04367311 0.001138758 -0.009 0.04373777 0.001210873 -0.009 0.04380677 0.001278813 -0.009 0.04387989 0.001342345 -0.009 0.04395687 0.00140125 -0.009 0.04403745 0.001455325 -0.009 0.04412135 0.001504382 -0.009 0.04420827 0.001548254 -0.009 0.04429792 0.001586788 -0.009 0.04439 0.001619853 -0.009 0.04448417 0.001647334 -0.009 0.04458013 0.001669135 -0.009 0.04467753 0.001685184 -0.009 0.04477604 0.001695422 -0.009 0.04487533 0.001699817 -0.009 0.04497504 0.001698352 -0.009 0.04507484 0.001691032 -0.009 0.04517439 0.001677883 -0.009 0.04527333 0.001658949 -0.009 0.04537133 0.001634298 -0.009 0.04546805 0.001604012 -0.009 0.04556316 0.001568197 -0.009 0.04565632 0.001526976 -0.009 0.04574722 0.001480491 -0.009 0.04583555 0.001428903 -0.009 0.045921 0.001372389 -0.009 0.04600327 0.001311144 -0.009 0.04608208 0.00124538 -0.009 0.04615717 0.001175322 -0.009 0.04622826 0.001101212 -0.009 0.04629512 0.001023307 -0.009 0.04635751 0.000941874 -0.009 0.04641523 0.0008571941 -0.009 0.04646807 0.0007695594 -0.009 0.04651584 0.0006792718 -0.009 0.04655839 0.0005866426 -0.009 0.04659557 0.0004919911 -0.009 0.04662725 0.0003956437 -0.009 0.04665332 0.0002979323 -0.009 0.04667369 0.000199194 -0.009 0.04668829 9.976895e-05 -0.009 0.04669707 -0.02744957 -0.00145 0.03778109 -0.02744957 -0.009 0.03778109 -0.02752856 -0.00145 0.03772008 -0.02752856 -0.009 0.03772008 -0.02760384 -0.00145 0.03765454 -0.02760384 -0.009 0.03765454 -0.02767514 -0.00145 0.03758469 -0.02767514 -0.009 0.03758469 -0.02774222 -0.00145 0.03751078 -0.02774222 -0.009 0.03751078 -0.02780484 -0.00145 0.03743305 -0.02780484 -0.009 0.03743305 -0.02786279 -0.00145 0.03735179 -0.02786279 -0.009 0.03735179 -0.02791588 -0.00145 0.03726727 -0.02791588 -0.009 0.03726727 -0.02796391 -0.00145 0.03717977 -0.02796391 -0.009 0.03717977 -0.02800673 -0.00145 0.03708961 -0.02800673 -0.009 0.03708961 -0.02804418 -0.00145 0.03699709 -0.02804418 -0.009 0.03699709 -0.02807614 -0.00145 0.03690253 -0.02807614 -0.009 0.03690253 -0.02810249 -0.00145 0.03680626 -0.02810249 -0.009 0.03680626 -0.02812314 -0.00145 0.03670861 -0.02812314 -0.009 0.03670861 -0.02813803 -0.00145 0.03660992 -0.02813803 -0.009 0.03660992 -0.02814711 -0.00145 0.03651052 -0.02814711 -0.009 0.03651052 -0.02815033 -0.00145 0.03641076 -0.02815033 -0.009 0.03641076 -0.02814769 -0.00145 0.03631098 -0.02814769 -0.009 0.03631098 -0.0281392 -0.00145 0.03621153 -0.0281392 -0.009 0.03621153 -0.02812489 -0.00145 0.03611275 -0.02812489 -0.009 0.03611275 -0.02810481 -0.00145 0.03601498 -0.02810481 -0.009 0.03601498 -0.02807903 -0.00145 0.03591855 -0.02807903 -0.009 0.03591855 -0.02804762 -0.00145 0.03582381 -0.02804762 -0.009 0.03582381 -0.02801072 -0.00145 0.03573107 -0.02801072 -0.009 0.03573107 -0.02796843 -0.00145 0.03564066 -0.02796843 -0.009 0.03564066 -0.02792091 -0.00145 0.03555288 -0.02792091 -0.009 0.03555288 -0.02786832 -0.00145 0.03546805 -0.02786832 -0.009 0.03546805 -0.02781085 -0.00145 0.03538645 -0.02781085 -0.009 0.03538645 -0.02774868 -0.00145 0.03530836 -0.02774868 -0.009 0.03530836 -0.02768204 -0.00145 0.03523405 -0.02768204 -0.009 0.03523405 -0.02761115 -0.00145 0.03516379 -0.02761115 -0.009 0.03516379 -0.02753626 -0.00145 0.03509781 -0.02753626 -0.009 0.03509781 -0.02745763 -0.00145 0.03503633 -0.02745763 -0.009 0.03503633 -0.02737552 -0.00145 0.03497957 -0.02737552 -0.009 0.03497957 -0.02729023 -0.00145 0.03492773 -0.02729023 -0.009 0.03492773 -0.02720204 -0.00145 0.03488099 -0.02720204 -0.009 0.03488099 -0.02711126 -0.00145 0.0348395 -0.02711126 -0.009 0.0348395 -0.0270182 -0.00145 0.03480341 -0.0270182 -0.009 0.03480341 -0.02692318 -0.00145 0.03477285 -0.02692318 -0.009 0.03477285 -0.02682654 -0.00145 0.03474791 -0.02682654 -0.009 0.03474791 -0.02672859 -0.00145 0.03472869 -0.02672859 -0.009 0.03472869 -0.02662969 -0.00145 0.03471525 -0.02662969 -0.009 0.03471525 -0.02653017 -0.00145 0.03470764 -0.02653017 -0.009 0.03470764 -0.02643037 -0.00145 0.03470588 -0.02643037 -0.009 0.03470588 -0.02633064 -0.00145 0.03470998 -0.02633064 -0.009 0.03470998 -0.02623133 -0.00145 0.03471993 -0.02623133 -0.009 0.03471993 -0.02613277 -0.00145 0.03473569 -0.02613277 -0.009 0.03473569 -0.0260353 -0.00145 0.03475721 -0.0260353 -0.009 0.03475721 -0.02593927 -0.00145 0.0347844 -0.02593927 -0.009 0.0347844 -0.025845 -0.00145 0.03481719 -0.025845 -0.009 0.03481719 -0.02575281 -0.00145 0.03485546 -0.02575281 -0.009 0.03485546 -0.02566303 -0.00145 0.03489906 -0.02566303 -0.009 0.03489906 -0.02557596 -0.00145 0.03494787 -0.02557596 -0.009 0.03494787 -0.02549191 -0.00145 0.03500169 -0.02549191 -0.009 0.03500169 -0.02541116 -0.00145 0.03506036 -0.02541116 -0.009 0.03506036 -0.02533399 -0.00145 0.03512367 -0.02533399 -0.009 0.03512367 -0.02526067 -0.00145 0.03519139 -0.02526067 -0.009 0.03519139 -0.02519145 -0.00145 0.03526331 -0.02519145 -0.009 0.03526331 -0.02512658 -0.00145 0.03533916 -0.02512658 -0.009 0.03533916 -0.02506626 -0.00145 0.03541868 -0.02506626 -0.009 0.03541868 -0.02501072 -0.00145 0.03550161 -0.02501072 -0.009 0.03550161 -0.02496013 -0.00145 0.03558766 -0.02496013 -0.009 0.03558766 -0.02491469 -0.00145 0.03567653 -0.02491469 -0.009 0.03567653 -0.02487454 -0.00145 0.03576791 -0.02487454 -0.009 0.03576791 -0.02483982 -0.00145 0.03586148 -0.02483982 -0.009 0.03586148 -0.02481065 -0.009 0.03595694 -0.02481065 -0.00145 0.03595694 -0.02478714 -0.00145 0.03605394 -0.02478714 -0.009 0.03605394 -0.02476936 -0.00145 0.03615216 -0.02476936 -0.009 0.03615216 -0.02475737 -0.00145 0.03625125 -0.02475737 -0.009 0.03625125 -0.02475122 -0.00145 0.03635087 -0.02475122 -0.009 0.03635087 -0.02475093 -0.00145 0.03645068 -0.02475093 -0.009 0.03645068 -0.02475649 -0.00145 0.03655034 -0.02475649 -0.009 0.03655034 -0.0247679 -0.00145 0.0366495 -0.0247679 -0.009 0.0366495 -0.0247851 -0.00145 0.03674781 -0.0247851 -0.009 0.03674781 -0.02480805 -0.00145 0.03684495 -0.02480805 -0.009 0.03684495 -0.02483665 -0.00145 0.03694058 -0.02483665 -0.009 0.03694058 -0.02487082 -0.00145 0.03703436 -0.02487082 -0.009 0.03703436 -0.02491043 -0.00145 0.03712597 -0.02491043 -0.009 0.03712597 -0.02495536 -0.00145 0.03721511 -0.02495536 -0.009 0.03721511 -0.02500543 -0.00145 0.03730145 -0.02500543 -0.009 0.03730145 -0.02506049 -0.00145 0.0373847 -0.02506049 -0.009 0.0373847 -0.02512033 -0.009 0.03746458 -0.02512033 -0.00145 0.03746458 -0.02518477 -0.00145 0.03754081 -0.02518477 -0.009 0.03754081 -0.02525356 -0.00145 0.03761313 -0.02525356 -0.009 0.03761313 -0.02532648 -0.00145 0.03768128 -0.02532648 -0.009 0.03768128 -0.02540327 -0.00145 0.03774504 -0.02540327 -0.009 0.03774504 -0.02548368 -0.009 0.03780418 -0.02548368 -0.00145 0.03780418 -0.02556742 -0.00145 0.0378585 -0.02556742 -0.009 0.0378585 -0.02565419 -0.009 0.03790781 -0.02565419 -0.00145 0.03790781 -0.02574372 -0.00145 0.03795195 -0.02574372 -0.009 0.03795195 -0.02583568 -0.00145 0.03799076 -0.02583568 -0.009 0.03799076 -0.02592976 -0.009 0.0380241 -0.02592976 -0.00145 0.0380241 -0.02602563 -0.00145 0.03805186 -0.02602563 -0.009 0.03805186 -0.02612297 -0.00145 0.03807395 -0.02612297 -0.009 0.03807395 -0.02622143 -0.00145 0.03809028 -0.02622143 -0.009 0.03809028 -0.02632069 -0.00145 0.03810081 -0.02632069 -0.009 0.03810081 -0.02642039 -0.009 0.0381055 -0.02642039 -0.00145 0.0381055 -0.0265202 -0.00145 0.03810433 -0.0265202 -0.009 0.03810433 -0.02661976 -0.009 0.0380973 -0.02661976 -0.00145 0.0380973 -0.02671874 -0.00145 0.03808444 -0.02671874 -0.009 0.03808444 -0.0268168 -0.00145 0.0380658 -0.0268168 -0.009 0.0380658 -0.02691359 -0.00145 0.03804143 -0.02691359 -0.009 0.03804143 -0.02700878 -0.00145 0.03801143 -0.02700878 -0.009 0.03801143 -0.02710205 -0.009 0.03797588 -0.02710205 -0.00145 0.03797588 -0.02719307 -0.00145 0.03793493 -0.02719307 -0.009 0.03793493 -0.02728154 -0.00145 0.0378887 -0.02728154 -0.009 0.0378887 -0.02736713 -0.00145 0.03783736 -0.02736713 -0.009 0.03783736 -0.04441434 -0.00145 0.01443109 -0.04441434 -0.009 0.01443109 -0.04444238 -0.00145 0.0143353 -0.04444238 -0.009 0.0143353 -0.04446476 -0.00145 0.01423803 -0.04446476 -0.009 0.01423803 -0.04448138 -0.00145 0.01413961 -0.04448138 -0.009 0.01413961 -0.0444922 -0.00145 0.01404039 -0.0444922 -0.009 0.01404039 -0.04449718 -0.00145 0.0139407 -0.04449718 -0.009 0.0139407 -0.0444963 -0.00145 0.01384089 -0.0444963 -0.009 0.01384089 -0.04448957 -0.00145 0.01374131 -0.04448957 -0.009 0.01374131 -0.044477 -0.00145 0.01364229 -0.044477 -0.009 0.01364229 -0.04445864 -0.00145 0.01354418 -0.04445864 -0.009 0.01354418 -0.04443456 -0.00145 0.01344732 -0.04443456 -0.009 0.01344732 -0.04440483 -0.00145 0.01335204 -0.04440483 -0.009 0.01335204 -0.04436957 -0.00145 0.01325866 -0.04436957 -0.009 0.01325866 -0.04432888 -0.00145 0.01316752 -0.04432888 -0.009 0.01316752 -0.04428292 -0.00145 0.01307892 -0.04428292 -0.009 0.01307892 -0.04423183 -0.00145 0.01299317 -0.04423183 -0.009 0.01299317 -0.0441758 -0.00145 0.01291057 -0.0441758 -0.009 0.01291057 -0.04411502 -0.00145 0.0128314 -0.04411502 -0.009 0.0128314 -0.0440497 -0.00145 0.01275593 -0.0440497 -0.009 0.01275593 -0.04398006 -0.00145 0.01268443 -0.04398006 -0.009 0.01268443 -0.04390634 -0.00145 0.01261714 -0.04390634 -0.009 0.01261714 -0.0438288 -0.00145 0.01255428 -0.0438288 -0.009 0.01255428 -0.04374771 -0.00145 0.01249609 -0.04374771 -0.009 0.01249609 -0.04366334 -0.00145 0.01244276 -0.04366334 -0.009 0.01244276 -0.04357599 -0.00145 0.01239447 -0.04357599 -0.009 0.01239447 -0.04348595 -0.00145 0.01235139 -0.04348595 -0.009 0.01235139 -0.04339354 -0.00145 0.01231367 -0.04339354 -0.009 0.01231367 -0.04329908 -0.00145 0.01228143 -0.04329908 -0.009 0.01228143 -0.04320289 -0.00145 0.0122548 -0.04320289 -0.009 0.0122548 -0.0431053 -0.00145 0.01223385 -0.0431053 -0.009 0.01223385 -0.04300665 -0.00145 0.01221867 -0.04300665 -0.009 0.01221867 -0.04290728 -0.00145 0.01220931 -0.04290728 -0.009 0.01220931 -0.04280753 -0.00145 0.01220579 -0.04280753 -0.009 0.01220579 -0.04270774 -0.00145 0.01220814 -0.04270774 -0.009 0.01220814 -0.04260826 -0.00145 0.01221633 -0.04260826 -0.009 0.01221633 -0.04250945 -0.00145 0.01223035 -0.04250945 -0.009 0.01223035 -0.04241161 -0.00145 0.01225015 -0.04241161 -0.009 0.01225015 -0.04231512 -0.00145 0.01227565 -0.04231512 -0.009 0.01227565 -0.04222028 -0.00145 0.01230678 -0.04222028 -0.009 0.01230678 -0.04212743 -0.00145 0.01234341 -0.04212743 -0.009 0.01234341 -0.0420369 -0.00145 0.01238543 -0.0420369 -0.009 0.01238543 -0.04194899 -0.00145 0.01243269 -0.04194899 -0.009 0.01243269 -0.04186399 -0.00145 0.01248503 -0.04186399 -0.009 0.01248503 -0.04178223 -0.00145 0.01254227 -0.04178223 -0.009 0.01254227 -0.04170396 -0.00145 0.0126042 -0.04170396 -0.009 0.0126042 -0.04162946 -0.00145 0.01267063 -0.04162946 -0.009 0.01267063 -0.04155898 -0.00145 0.01274131 -0.04155898 -0.009 0.01274131 -0.04149277 -0.00145 0.012816 -0.04149277 -0.009 0.012816 -0.04143107 -0.00145 0.01289445 -0.04143107 -0.009 0.01289445 -0.04137407 -0.00145 0.01297639 -0.04137407 -0.009 0.01297639 -0.04132198 -0.00145 0.01306153 -0.04132198 -0.009 0.01306153 -0.04127498 -0.00145 0.01314959 -0.04127498 -0.009 0.01314959 -0.04123323 -0.00145 0.01324025 -0.04123323 -0.009 0.01324025 -0.04119687 -0.00145 0.0133332 -0.04119687 -0.009 0.0133332 -0.04116602 -0.00145 0.01342813 -0.04116602 -0.009 0.01342813 -0.0411408 -0.00145 0.0135247 -0.0411408 -0.009 0.0135247 -0.0411213 -0.00145 0.01362259 -0.0411213 -0.009 0.01362259 -0.04110756 -0.00145 0.01372145 -0.04110756 -0.009 0.01372145 -0.04109966 -0.00145 0.01382095 -0.04109966 -0.009 0.01382095 -0.04109761 -0.00145 0.01392074 -0.04109761 -0.009 0.01392074 -0.04110142 -0.00145 0.01402048 -0.04110142 -0.009 0.01402048 -0.04111107 -0.00145 0.01411982 -0.04111107 -0.009 0.01411982 -0.04112654 -0.00145 0.01421843 -0.04112654 -0.009 0.01421843 -0.04114777 -0.009 0.01431596 -0.04114777 -0.00145 0.01431596 -0.04117469 -0.00145 0.01441207 -0.04117469 -0.009 0.01441207 -0.0412072 -0.009 0.01450644 -0.0412072 -0.00145 0.01450644 -0.04124519 -0.00145 0.01459874 -0.04124519 -0.009 0.01459874 -0.04128854 -0.00145 0.01468865 -0.04128854 -0.009 0.01468865 -0.04133709 -0.00145 0.01477586 -0.04133709 -0.009 0.01477586 -0.04139067 -0.00145 0.01486007 -0.04139067 -0.009 0.01486007 -0.0414491 -0.00145 0.01494099 -0.0414491 -0.009 0.01494099 -0.04151218 -0.00145 0.01501834 -0.04151218 -0.009 0.01501834 -0.04157969 -0.00145 0.01509186 -0.04157969 -0.009 0.01509186 -0.04165139 -0.00145 0.01516129 -0.04165139 -0.009 0.01516129 -0.04172705 -0.00145 0.01522639 -0.04172705 -0.009 0.01522639 -0.0418064 -0.00145 0.01528694 -0.0418064 -0.009 0.01528694 -0.04188917 -0.00145 0.01534272 -0.04188917 -0.009 0.01534272 -0.04197506 -0.00145 0.01539356 -0.04197506 -0.009 0.01539356 -0.0420638 -0.00145 0.01543926 -0.0420638 -0.009 0.01543926 -0.04215506 -0.00145 0.01547968 -0.04215506 -0.009 0.01547968 -0.04224854 -0.00145 0.01551468 -0.04224854 -0.009 0.01551468 -0.04234391 -0.009 0.01554412 -0.04234391 -0.00145 0.01554412 -0.04244084 -0.00145 0.01556792 -0.04244084 -0.009 0.01556792 -0.042539 -0.009 0.01558599 -0.042539 -0.00145 0.01558599 -0.04263806 -0.009 0.01559827 -0.04263806 -0.00145 0.01559827 -0.04273766 -0.00145 0.01560471 -0.04273766 -0.009 0.01560471 -0.04283747 -0.009 0.0156053 -0.04283747 -0.00145 0.0156053 -0.04293714 -0.009 0.01560002 -0.04293714 -0.00145 0.01560002 -0.04303633 -0.009 0.01558891 -0.04303633 -0.00145 0.01558891 -0.0431347 -0.00145 0.01557199 -0.0431347 -0.009 0.01557199 -0.04323191 -0.00145 0.01554934 -0.04323191 -0.009 0.01554934 -0.04332762 -0.009 0.01552101 -0.04332762 -0.00145 0.01552101 -0.0434215 -0.00145 0.01548712 -0.0434215 -0.009 0.01548712 -0.04351323 -0.00145 0.01544777 -0.04351323 -0.009 0.01544777 -0.04360249 -0.00145 0.01540312 -0.04360249 -0.009 0.01540312 -0.04368898 -0.00145 0.01535329 -0.04368898 -0.009 0.01535329 -0.0437724 -0.009 0.01529848 -0.0437724 -0.00145 0.01529848 -0.04385245 -0.00145 0.01523887 -0.04385245 -0.009 0.01523887 -0.04392887 -0.009 0.01517466 -0.04392887 -0.00145 0.01517466 -0.04400139 -0.00145 0.01510608 -0.04400139 -0.009 0.01510608 -0.04406976 -0.00145 0.01503336 -0.04406976 -0.009 0.01503336 -0.04413374 -0.00145 0.01495675 -0.04413374 -0.009 0.01495675 -0.04419312 -0.009 0.01487652 -0.04419312 -0.00145 0.01487652 -0.04424768 -0.009 0.01479295 -0.04424768 -0.00145 0.01479295 -0.04429725 -0.00145 0.01470631 -0.04429725 -0.009 0.01470631 -0.04434165 -0.00145 0.01461692 -0.04434165 -0.009 0.01461692 -0.04438072 -0.00145 0.01452507 -0.04438072 -0.009 0.01452507 -0.04441434 -0.00145 -0.01443109 -0.04441434 -0.009 -0.01443109 -0.04438072 -0.00145 -0.01452507 -0.04438072 -0.009 -0.01452507 -0.04434165 -0.00145 -0.01461692 -0.04434165 -0.009 -0.01461692 -0.04429725 -0.00145 -0.01470631 -0.04429725 -0.009 -0.01470631 -0.04424768 -0.00145 -0.01479295 -0.04424768 -0.009 -0.01479295 -0.04419312 -0.00145 -0.01487652 -0.04419312 -0.009 -0.01487652 -0.04413374 -0.00145 -0.01495675 -0.04413374 -0.009 -0.01495675 -0.04406976 -0.00145 -0.01503336 -0.04406976 -0.009 -0.01503336 -0.04400139 -0.00145 -0.01510608 -0.04400139 -0.009 -0.01510608 -0.04392887 -0.00145 -0.01517466 -0.04392887 -0.009 -0.01517466 -0.04385245 -0.00145 -0.01523887 -0.04385245 -0.009 -0.01523887 -0.0437724 -0.00145 -0.01529848 -0.0437724 -0.009 -0.01529848 -0.04368898 -0.00145 -0.01535329 -0.04368898 -0.009 -0.01535329 -0.04360249 -0.00145 -0.01540312 -0.04360249 -0.009 -0.01540312 -0.04351323 -0.00145 -0.01544777 -0.04351323 -0.009 -0.01544777 -0.0434215 -0.00145 -0.01548712 -0.0434215 -0.009 -0.01548712 -0.04332762 -0.00145 -0.01552101 -0.04332762 -0.009 -0.01552101 -0.04323191 -0.00145 -0.01554934 -0.04323191 -0.009 -0.01554934 -0.0431347 -0.00145 -0.01557199 -0.0431347 -0.009 -0.01557199 -0.04303633 -0.00145 -0.01558891 -0.04303633 -0.009 -0.01558891 -0.04293714 -0.00145 -0.01560002 -0.04293714 -0.009 -0.01560002 -0.04283747 -0.00145 -0.0156053 -0.04283747 -0.009 -0.0156053 -0.04273766 -0.00145 -0.01560471 -0.04273766 -0.009 -0.01560471 -0.04263806 -0.00145 -0.01559827 -0.04263806 -0.009 -0.01559827 -0.042539 -0.00145 -0.01558599 -0.042539 -0.009 -0.01558599 -0.04244084 -0.00145 -0.01556792 -0.04244084 -0.009 -0.01556792 -0.04234391 -0.00145 -0.01554412 -0.04234391 -0.009 -0.01554412 -0.04224854 -0.00145 -0.01551468 -0.04224854 -0.009 -0.01551468 -0.04215506 -0.00145 -0.01547968 -0.04215506 -0.009 -0.01547968 -0.0420638 -0.00145 -0.01543926 -0.0420638 -0.009 -0.01543926 -0.04197506 -0.00145 -0.01539356 -0.04197506 -0.009 -0.01539356 -0.04188917 -0.00145 -0.01534272 -0.04188917 -0.009 -0.01534272 -0.0418064 -0.00145 -0.01528694 -0.0418064 -0.009 -0.01528694 -0.04172705 -0.00145 -0.01522639 -0.04172705 -0.009 -0.01522639 -0.04165139 -0.00145 -0.01516129 -0.04165139 -0.009 -0.01516129 -0.04157969 -0.00145 -0.01509186 -0.04157969 -0.009 -0.01509186 -0.04151218 -0.00145 -0.01501834 -0.04151218 -0.009 -0.01501834 -0.0414491 -0.00145 -0.01494099 -0.0414491 -0.009 -0.01494099 -0.04139067 -0.00145 -0.01486007 -0.04139067 -0.009 -0.01486007 -0.04133709 -0.00145 -0.01477586 -0.04133709 -0.009 -0.01477586 -0.04128854 -0.00145 -0.01468865 -0.04128854 -0.009 -0.01468865 -0.04124519 -0.00145 -0.01459874 -0.04124519 -0.009 -0.01459874 -0.0412072 -0.00145 -0.01450644 -0.0412072 -0.009 -0.01450644 -0.04117469 -0.00145 -0.01441207 -0.04117469 -0.009 -0.01441207 -0.04114777 -0.00145 -0.01431596 -0.04114777 -0.009 -0.01431596 -0.04112654 -0.00145 -0.01421843 -0.04112654 -0.009 -0.01421843 -0.04111107 -0.009 -0.01411982 -0.04111107 -0.00145 -0.01411982 -0.04110142 -0.00145 -0.01402048 -0.04110142 -0.009 -0.01402048 -0.04109761 -0.00145 -0.01392074 -0.04109761 -0.009 -0.01392074 -0.04109966 -0.00145 -0.01382095 -0.04109966 -0.009 -0.01382095 -0.04110756 -0.00145 -0.01372145 -0.04110756 -0.009 -0.01372145 -0.0411213 -0.00145 -0.01362259 -0.0411213 -0.009 -0.01362259 -0.0411408 -0.00145 -0.0135247 -0.0411408 -0.009 -0.0135247 -0.04116602 -0.00145 -0.01342813 -0.04116602 -0.009 -0.01342813 -0.04119687 -0.00145 -0.0133332 -0.04119687 -0.009 -0.0133332 -0.04123323 -0.00145 -0.01324025 -0.04123323 -0.009 -0.01324025 -0.04127498 -0.00145 -0.01314959 -0.04127498 -0.009 -0.01314959 -0.04132198 -0.00145 -0.01306153 -0.04132198 -0.009 -0.01306153 -0.04137407 -0.00145 -0.01297639 -0.04137407 -0.009 -0.01297639 -0.04143107 -0.009 -0.01289445 -0.04143107 -0.00145 -0.01289445 -0.04149277 -0.00145 -0.012816 -0.04149277 -0.009 -0.012816 -0.04155898 -0.00145 -0.01274131 -0.04155898 -0.009 -0.01274131 -0.04162946 -0.00145 -0.01267063 -0.04162946 -0.009 -0.01267063 -0.04170396 -0.00145 -0.0126042 -0.04170396 -0.009 -0.0126042 -0.04178223 -0.00145 -0.01254227 -0.04178223 -0.009 -0.01254227 -0.04186399 -0.00145 -0.01248503 -0.04186399 -0.009 -0.01248503 -0.04194899 -0.00145 -0.01243269 -0.04194899 -0.009 -0.01243269 -0.0420369 -0.00145 -0.01238543 -0.0420369 -0.009 -0.01238543 -0.04212743 -0.00145 -0.01234341 -0.04212743 -0.009 -0.01234341 -0.04222028 -0.00145 -0.01230678 -0.04222028 -0.009 -0.01230678 -0.04231512 -0.00145 -0.01227565 -0.04231512 -0.009 -0.01227565 -0.04241161 -0.00145 -0.01225015 -0.04241161 -0.009 -0.01225015 -0.04250945 -0.00145 -0.01223035 -0.04250945 -0.009 -0.01223035 -0.04260826 -0.00145 -0.01221633 -0.04260826 -0.009 -0.01221633 -0.04270774 -0.009 -0.01220814 -0.04270774 -0.00145 -0.01220814 -0.04280753 -0.00145 -0.01220579 -0.04280753 -0.009 -0.01220579 -0.04290728 -0.00145 -0.01220931 -0.04290728 -0.009 -0.01220931 -0.04300665 -0.00145 -0.01221867 -0.04300665 -0.009 -0.01221867 -0.0431053 -0.00145 -0.01223385 -0.0431053 -0.009 -0.01223385 -0.04320289 -0.00145 -0.0122548 -0.04320289 -0.009 -0.0122548 -0.04329908 -0.00145 -0.01228143 -0.04329908 -0.009 -0.01228143 -0.04339354 -0.00145 -0.01231367 -0.04339354 -0.009 -0.01231367 -0.04348595 -0.00145 -0.01235139 -0.04348595 -0.009 -0.01235139 -0.04357599 -0.009 -0.01239447 -0.04357599 -0.00145 -0.01239447 -0.04366334 -0.00145 -0.01244276 -0.04366334 -0.009 -0.01244276 -0.04374771 -0.009 -0.01249609 -0.04374771 -0.00145 -0.01249609 -0.0438288 -0.009 -0.01255428 -0.0438288 -0.00145 -0.01255428 -0.04390634 -0.00145 -0.01261714 -0.04390634 -0.009 -0.01261714 -0.04398006 -0.00145 -0.01268443 -0.04398006 -0.009 -0.01268443 -0.0440497 -0.009 -0.01275593 -0.0440497 -0.00145 -0.01275593 -0.04411502 -0.00145 -0.0128314 -0.04411502 -0.009 -0.0128314 -0.0441758 -0.00145 -0.01291057 -0.0441758 -0.009 -0.01291057 -0.04423183 -0.00145 -0.01299317 -0.04423183 -0.009 -0.01299317 -0.04428292 -0.00145 -0.01307892 -0.04428292 -0.009 -0.01307892 -0.04432888 -0.009 -0.01316752 -0.04432888 -0.00145 -0.01316752 -0.04436957 -0.00145 -0.01325866 -0.04436957 -0.009 -0.01325866 -0.04440483 -0.00145 -0.01335204 -0.04440483 -0.009 -0.01335204 -0.04443456 -0.00145 -0.01344732 -0.04443456 -0.009 -0.01344732 -0.04445864 -0.00145 -0.01354418 -0.04445864 -0.009 -0.01354418 -0.044477 -0.009 -0.01364229 -0.044477 -0.00145 -0.01364229 -0.04448957 -0.009 -0.01374131 -0.04448957 -0.00145 -0.01374131 -0.0444963 -0.00145 -0.01384089 -0.0444963 -0.009 -0.01384089 -0.04449718 -0.00145 -0.0139407 -0.04449718 -0.009 -0.0139407 -0.0444922 -0.00145 -0.01404039 -0.0444922 -0.009 -0.01404039 -0.04448138 -0.00145 -0.01413961 -0.04448138 -0.009 -0.01413961 -0.04446476 -0.009 -0.01423803 -0.04446476 -0.00145 -0.01423803 -0.04444238 -0.00145 -0.0143353 -0.04444238 -0.009 -0.0143353 -0.02744957 -0.00145 -0.03778109 -0.02744957 -0.009 -0.03778109 -0.02736713 -0.00145 -0.03783736 -0.02736713 -0.009 -0.03783736 -0.02728154 -0.00145 -0.0378887 -0.02728154 -0.009 -0.0378887 -0.02719307 -0.00145 -0.03793493 -0.02719307 -0.009 -0.03793493 -0.02710205 -0.00145 -0.03797588 -0.02710205 -0.009 -0.03797588 -0.02700878 -0.00145 -0.03801143 -0.02700878 -0.009 -0.03801143 -0.02691359 -0.00145 -0.03804143 -0.02691359 -0.009 -0.03804143 -0.0268168 -0.00145 -0.0380658 -0.0268168 -0.009 -0.0380658 -0.02671874 -0.00145 -0.03808444 -0.02671874 -0.009 -0.03808444 -0.02661976 -0.00145 -0.0380973 -0.02661976 -0.009 -0.0380973 -0.0265202 -0.00145 -0.03810433 -0.0265202 -0.009 -0.03810433 -0.02642039 -0.00145 -0.0381055 -0.02642039 -0.009 -0.0381055 -0.02632069 -0.00145 -0.03810081 -0.02632069 -0.009 -0.03810081 -0.02622143 -0.00145 -0.03809028 -0.02622143 -0.009 -0.03809028 -0.02612297 -0.00145 -0.03807395 -0.02612297 -0.009 -0.03807395 -0.02602563 -0.00145 -0.03805186 -0.02602563 -0.009 -0.03805186 -0.02592976 -0.00145 -0.0380241 -0.02592976 -0.009 -0.0380241 -0.02583568 -0.00145 -0.03799076 -0.02583568 -0.009 -0.03799076 -0.02574372 -0.00145 -0.03795195 -0.02574372 -0.009 -0.03795195 -0.02565419 -0.00145 -0.03790781 -0.02565419 -0.009 -0.03790781 -0.02556742 -0.00145 -0.0378585 -0.02556742 -0.009 -0.0378585 -0.02548368 -0.00145 -0.03780418 -0.02548368 -0.009 -0.03780418 -0.02540327 -0.00145 -0.03774504 -0.02540327 -0.009 -0.03774504 -0.02532648 -0.00145 -0.03768128 -0.02532648 -0.009 -0.03768128 -0.02525356 -0.00145 -0.03761313 -0.02525356 -0.009 -0.03761313 -0.02518477 -0.00145 -0.03754081 -0.02518477 -0.009 -0.03754081 -0.02512033 -0.00145 -0.03746458 -0.02512033 -0.009 -0.03746458 -0.02506049 -0.00145 -0.0373847 -0.02506049 -0.009 -0.0373847 -0.02500543 -0.00145 -0.03730145 -0.02500543 -0.009 -0.03730145 -0.02495536 -0.00145 -0.03721511 -0.02495536 -0.009 -0.03721511 -0.02491043 -0.00145 -0.03712597 -0.02491043 -0.009 -0.03712597 -0.02487082 -0.00145 -0.03703436 -0.02487082 -0.009 -0.03703436 -0.02483665 -0.00145 -0.03694058 -0.02483665 -0.009 -0.03694058 -0.02480805 -0.00145 -0.03684495 -0.02480805 -0.009 -0.03684495 -0.0247851 -0.00145 -0.03674781 -0.0247851 -0.009 -0.03674781 -0.0247679 -0.00145 -0.0366495 -0.0247679 -0.009 -0.0366495 -0.02475649 -0.00145 -0.03655034 -0.02475649 -0.009 -0.03655034 -0.02475093 -0.00145 -0.03645068 -0.02475093 -0.009 -0.03645068 -0.02475122 -0.00145 -0.03635087 -0.02475122 -0.009 -0.03635087 -0.02475737 -0.00145 -0.03625125 -0.02475737 -0.009 -0.03625125 -0.02476936 -0.00145 -0.03615216 -0.02476936 -0.009 -0.03615216 -0.02478714 -0.00145 -0.03605394 -0.02478714 -0.009 -0.03605394 -0.02481065 -0.00145 -0.03595694 -0.02481065 -0.009 -0.03595694 -0.02483982 -0.00145 -0.03586148 -0.02483982 -0.009 -0.03586148 -0.02487454 -0.00145 -0.03576791 -0.02487454 -0.009 -0.03576791 -0.02491469 -0.00145 -0.03567653 -0.02491469 -0.009 -0.03567653 -0.02496013 -0.00145 -0.03558766 -0.02496013 -0.009 -0.03558766 -0.02501072 -0.00145 -0.03550161 -0.02501072 -0.009 -0.03550161 -0.02506626 -0.00145 -0.03541868 -0.02506626 -0.009 -0.03541868 -0.02512658 -0.00145 -0.03533916 -0.02512658 -0.009 -0.03533916 -0.02519145 -0.00145 -0.03526331 -0.02519145 -0.009 -0.03526331 -0.02526067 -0.00145 -0.03519139 -0.02526067 -0.009 -0.03519139 -0.02533399 -0.00145 -0.03512367 -0.02533399 -0.009 -0.03512367 -0.02541116 -0.00145 -0.03506036 -0.02541116 -0.009 -0.03506036 -0.02549191 -0.00145 -0.03500169 -0.02549191 -0.009 -0.03500169 -0.02557596 -0.00145 -0.03494787 -0.02557596 -0.009 -0.03494787 -0.02566303 -0.00145 -0.03489906 -0.02566303 -0.009 -0.03489906 -0.02575281 -0.00145 -0.03485546 -0.02575281 -0.009 -0.03485546 -0.025845 -0.00145 -0.03481719 -0.025845 -0.009 -0.03481719 -0.02593927 -0.00145 -0.0347844 -0.02593927 -0.009 -0.0347844 -0.0260353 -0.00145 -0.03475721 -0.0260353 -0.009 -0.03475721 -0.02613277 -0.00145 -0.03473569 -0.02613277 -0.009 -0.03473569 -0.02623133 -0.00145 -0.03471993 -0.02623133 -0.009 -0.03471993 -0.02633064 -0.00145 -0.03470998 -0.02633064 -0.009 -0.03470998 -0.02643037 -0.00145 -0.03470588 -0.02643037 -0.009 -0.03470588 -0.02653017 -0.009 -0.03470764 -0.02653017 -0.00145 -0.03470764 -0.02662969 -0.00145 -0.03471525 -0.02662969 -0.009 -0.03471525 -0.02672859 -0.00145 -0.03472869 -0.02672859 -0.009 -0.03472869 -0.02682654 -0.00145 -0.03474791 -0.02682654 -0.009 -0.03474791 -0.02692318 -0.00145 -0.03477285 -0.02692318 -0.009 -0.03477285 -0.0270182 -0.00145 -0.03480341 -0.0270182 -0.009 -0.03480341 -0.02711126 -0.00145 -0.0348395 -0.02711126 -0.009 -0.0348395 -0.02720204 -0.00145 -0.03488099 -0.02720204 -0.009 -0.03488099 -0.02729023 -0.00145 -0.03492773 -0.02729023 -0.009 -0.03492773 -0.02737552 -0.00145 -0.03497957 -0.02737552 -0.009 -0.03497957 -0.02745763 -0.00145 -0.03503633 -0.02745763 -0.009 -0.03503633 -0.02753626 -0.00145 -0.03509781 -0.02753626 -0.009 -0.03509781 -0.02761115 -0.00145 -0.03516379 -0.02761115 -0.009 -0.03516379 -0.02768204 -0.00145 -0.03523405 -0.02768204 -0.009 -0.03523405 -0.02774868 -0.00145 -0.03530836 -0.02774868 -0.009 -0.03530836 -0.02781085 -0.00145 -0.03538645 -0.02781085 -0.009 -0.03538645 -0.02786832 -0.009 -0.03546805 -0.02786832 -0.00145 -0.03546805 -0.02792091 -0.00145 -0.03555288 -0.02792091 -0.009 -0.03555288 -0.02796843 -0.00145 -0.03564066 -0.02796843 -0.009 -0.03564066 -0.02801072 -0.009 -0.03573107 -0.02801072 -0.00145 -0.03573107 -0.02804762 -0.00145 -0.03582381 -0.02804762 -0.009 -0.03582381 -0.02807903 -0.009 -0.03591855 -0.02807903 -0.00145 -0.03591855 -0.02810481 -0.00145 -0.03601498 -0.02810481 -0.009 -0.03601498 -0.02812489 -0.009 -0.03611275 -0.02812489 -0.00145 -0.03611275 -0.0281392 -0.00145 -0.03621153 -0.0281392 -0.009 -0.03621153 -0.02814769 -0.00145 -0.03631098 -0.02814769 -0.009 -0.03631098 -0.02815033 -0.009 -0.03641076 -0.02815033 -0.00145 -0.03641076 -0.02814711 -0.00145 -0.03651052 -0.02814711 -0.009 -0.03651052 -0.02813803 -0.00145 -0.03660992 -0.02813803 -0.009 -0.03660992 -0.02812314 -0.00145 -0.03670861 -0.02812314 -0.009 -0.03670861 -0.02810249 -0.00145 -0.03680626 -0.02810249 -0.009 -0.03680626 -0.02807614 -0.009 -0.03690253 -0.02807614 -0.00145 -0.03690253 -0.02804418 -0.00145 -0.03699709 -0.02804418 -0.009 -0.03699709 -0.02800673 -0.009 -0.03708961 -0.02800673 -0.00145 -0.03708961 -0.02796391 -0.00145 -0.03717977 -0.02796391 -0.009 -0.03717977 -0.02791588 -0.00145 -0.03726727 -0.02791588 -0.009 -0.03726727 -0.02786279 -0.00145 -0.03735179 -0.02786279 -0.009 -0.03735179 -0.02780484 -0.00145 -0.03743305 -0.02780484 -0.009 -0.03743305 -0.02774222 -0.009 -0.03751078 -0.02774222 -0.00145 -0.03751078 -0.02767514 -0.00145 -0.03758469 -0.02767514 -0.009 -0.03758469 -0.02760384 -0.00145 -0.03765454 -0.02760384 -0.009 -0.03765454 -0.02752856 -0.00145 -0.03772008 -0.02752856 -0.009 -0.03772008 -0.002424246 -0.000725 -0.04493954 -0.00240618 -0.000725 -0.04469847 -0.002061859 -0.0010875 -0.04494858 -0.002046493 -0.0010875 -0.04474354 -0.002010789 -0.0010875 -0.04454105 -0.002745152 -0.0003625 -0.04548404 -0.002779706 -0.0003625 -0.04520831 -0.002388159 -0.000725 -0.0454211 -0.003125554 0 -0.04539168 -0.002418219 -0.000725 -0.04518122 -0.003149021 0 -0.04507853 -0.003141192 0 -0.0452354 -0.0019551 -0.0010875 -0.04434312 -0.001879981 -0.0010875 -0.04415172 -0.001586788 -0.00145 -0.04439 2.0819e-19 -0.00145 -0.0467 2.525834e-19 -0.0010875 -0.0470625 -9.976895e-05 -0.00145 -0.04669707 -0.001548254 -0.00145 -0.04429792 -0.001504382 -0.00145 -0.04420827 -0.0023642 -0.000725 -0.04446039 -0.003141192 0 -0.0447646 -0.002786633 -0.0003625 -0.0449305 -0.003149021 0 -0.04492147 -0.001455325 -0.00145 -0.04412135 -0.001786177 -0.0010875 -0.04396875 -0.00140125 -0.00145 -0.04403745 -0.002298724 -0.000725 -0.04422767 -0.003102144 0 -0.04445301 -0.002765867 -0.0003625 -0.04465339 -0.003125554 0 -0.04460832 -0.001674622 -0.0010875 -0.04379603 -0.001342345 -0.00145 -0.04395687 3.857637e-19 1.249001e-18 -0.04815 -0.0001570145 0 -0.04814608 3.413703e-19 -0.0003625 -0.0477875 -0.002210402 -0.000725 -0.04400263 -0.003032266 0 -0.04414685 -0.002717612 -0.0003625 -0.04437972 -0.003071023 0 -0.04429906 -0.001546424 -0.0010875 -0.04363527 -0.001278813 -0.00145 -0.04387989 -0.001210873 -0.00145 -0.04380677 -0.002100112 -0.000725 -0.0437875 -0.002932252 0 -0.04384917 -0.002642348 -0.0003625 -0.04411222 -0.002985971 0 -0.04399677 -0.001402856 -0.0010875 -0.04348808 -0.001138758 -0.00145 -0.04373777 -0.001062718 -0.00145 -0.04367311 -0.00196895 -0.000725 -0.04358442 -0.002871243 0 -0.04370444 -0.002540823 -0.0003625 -0.04385354 -0.002803096 0 -0.04356293 -0.001245347 -0.0010875 -0.04335592 -0.0009830142 -0.00145 -0.04361303 -0.001818219 -0.000725 -0.04339541 -0.002414046 -0.0003625 -0.04360625 -0.002646082 0 -0.04329098 -0.00272798 0 -0.043425 -0.00107546 -0.0010875 -0.04324009 -0.0008999219 -0.00145 -0.04355773 -0.0008137274 -0.00145 -0.0435074 -0.001649419 -0.000725 -0.04322235 -0.002263277 -0.0003625 -0.04337281 -0.002462769 0 -0.04303601 -0.002557605 0 -0.04316121 -0.0007247279 -0.00145 -0.04346222 -0.0008948852 -0.0010875 -0.04314175 -0.0006332301 -0.00145 -0.04342234 -0.001464226 -0.000725 -0.04306696 -0.002090015 -0.0003625 -0.04315555 -0.002254981 0 -0.04280055 -0.002361811 0 -0.04291569 -0.0007054166 -0.0010875 -0.04306189 -0.0005395494 -0.00145 -0.04338789 -0.00126448 -0.000725 -0.04293077 -0.001895982 -0.0003625 -0.04295662 -0.002024781 0 -0.04258696 -0.002142544 0 -0.04269089 -0.0005089371 -0.0010875 -0.04300128 -0.0004440088 -0.00145 -0.04335901 -0.0003469375 -0.00145 -0.04333578 -0.001052168 -0.000725 -0.04281515 -0.001683105 -0.0003625 -0.04277799 -0.001774458 0 -0.04239735 -0.001901984 0 -0.04248903 -0.0002486703 -0.00145 -0.04331829 -0.0003073997 -0.0010875 -0.04296054 -0.0001495459 -0.00145 -0.04330659 -0.0008293989 -0.000725 -0.04272124 -0.001453501 -0.0003625 -0.04262145 -0.0015065 0 -0.0422336 -0.001642521 0 -0.04231213 -0.0001028071 -0.0010875 -0.04294006 -4.990598e-05 -0.00145 -0.04330073 -0.0005983867 -0.000725 -0.04264999 -0.001209451 -0.0003625 -0.04248855 -0.00122357 0 -0.04209735 -0.001366734 0 -0.04216195 4.990598e-05 -0.00145 -0.04330073 0.0001028071 -0.0010875 -0.04294006 0.0001495459 -0.00145 -0.04330659 -0.0003614275 -0.000725 -0.04260209 -0.0009533811 -0.0003625 -0.04238061 -0.0009284788 0 -0.04198994 -0.001077363 0 -0.04203997 0.0003073997 -0.0010875 -0.04296054 0.0002486703 -0.00145 -0.04331829 0.0003469375 -0.00145 -0.04333578 -0.0001208763 -0.000725 -0.04257801 -0.0006878362 -0.0003625 -0.0422987 -0.0006241603 0 -0.04191246 -0.0007772858 0 -0.04194741 0.0004440088 -0.00145 -0.04335901 0.0005089371 -0.0010875 -0.04300128 0.0005395494 -0.00145 -0.04338789 0.0001208763 -0.000725 -0.04257801 -0.0004154553 -0.0003625 -0.04224363 -0.0003136387 0 -0.04186565 -0.0004694831 0 -0.04188518 0.0007054166 -0.0010875 -0.04306189 0.0006332301 -0.00145 -0.04342234 0.0003614275 -0.000725 -0.04260209 -0.0001389454 -0.0003625 -0.04221597 -3.839714e-17 0 -0.04185 -0.0001570145 0 -0.04185392 0.0008948852 -0.0010875 -0.04314175 0.0007247279 -0.00145 -0.04346222 0.0008137274 -0.00145 -0.0435074 0.0005983867 -0.000725 -0.04264999 0.0001389454 -0.0003625 -0.04221597 0.0003136387 0 -0.04186565 0.0001570145 0 -0.04185392 0.00107546 -0.0010875 -0.04324009 0.0008999219 -0.00145 -0.04355773 0.0009830142 -0.00145 -0.04361303 0.0008293989 -0.000725 -0.04272124 0.0004154553 -0.0003625 -0.04224363 0.0006241603 0 -0.04191246 0.0004694831 0 -0.04188518 0.001245347 -0.0010875 -0.04335592 0.001062718 -0.00145 -0.04367311 0.001052168 -0.000725 -0.04281515 0.0006878362 -0.0003625 -0.0422987 0.0009284788 0 -0.04198994 0.0007772858 0 -0.04194741 0.001138758 -0.00145 -0.04373777 0.001402856 -0.0010875 -0.04348808 0.001210873 -0.00145 -0.04380677 0.00126448 -0.000725 -0.04293077 0.00122357 0 -0.04209735 0.0009533811 -0.0003625 -0.04238061 0.001077363 0 -0.04203997 0.001546424 -0.0010875 -0.04363527 0.001278813 -0.00145 -0.04387989 0.001342345 -0.00145 -0.04395687 0.001464226 -0.000725 -0.04306696 0.001209451 -0.0003625 -0.04248855 0.0015065 0 -0.0422336 0.001366734 0 -0.04216195 0.001674622 -0.0010875 -0.04379603 0.00140125 -0.00145 -0.04403745 0.001649419 -0.000725 -0.04322235 0.001453501 -0.0003625 -0.04262145 0.001774458 0 -0.04239735 0.001642521 0 -0.04231213 0.001786177 -0.0010875 -0.04396875 0.001455325 -0.00145 -0.04412135 0.001504382 -0.00145 -0.04420827 0.001818219 -0.000725 -0.04339541 0.001683105 -0.0003625 -0.04277799 0.002024781 0 -0.04258696 0.001901984 0 -0.04248903 0.001879981 -0.0010875 -0.04415172 0.001548254 -0.00145 -0.04429792 0.001586788 -0.00145 -0.04439 0.00196895 -0.000725 -0.04358442 0.001895982 -0.0003625 -0.04295662 0.002254981 0 -0.04280055 0.002142544 0 -0.04269089 0.0019551 -0.0010875 -0.04434312 0.001619853 -0.00145 -0.04448417 0.001647334 -0.00145 -0.04458013 0.002100112 -0.000725 -0.0437875 0.002090015 -0.0003625 -0.04315555 0.002462769 0 -0.04303601 0.002361811 0 -0.04291569 0.002010789 -0.0010875 -0.04454105 0.001669135 -0.00145 -0.04467753 0.002210402 -0.000725 -0.04400263 0.002263277 -0.0003625 -0.04337281 0.002646082 0 -0.04329098 0.002557605 0 -0.04316121 0.002046493 -0.0010875 -0.04474354 0.001685184 -0.00145 -0.04477604 0.001695422 -0.00145 -0.04487533 0.002298724 -0.000725 -0.04422767 0.002414046 -0.0003625 -0.04360625 0.002803096 0 -0.04356293 0.00272798 0 -0.043425 0.001699817 -0.00145 -0.04497504 0.002061859 -0.0010875 -0.04494858 0.001698352 -0.00145 -0.04507484 0.0023642 -0.000725 -0.04446039 0.002540823 -0.0003625 -0.04385354 0.002932252 0 -0.04384917 0.002871243 0 -0.04370444 0.002056733 -0.0010875 -0.04515413 0.001691032 -0.00145 -0.04517439 0.00240618 -0.000725 -0.04469847 0.003032266 0 -0.04414685 0.002642348 -0.0003625 -0.04411222 0.002985971 0 -0.04399677 0.001677883 -0.00145 -0.04527333 0.002031166 -0.0010875 -0.04535815 0.001658949 -0.00145 -0.04537133 0.002424246 -0.000725 -0.04493954 0.002717612 -0.0003625 -0.04437972 0.003102144 0 -0.04445301 0.003071023 0 -0.04429906 0.001634298 -0.00145 -0.04546805 0.001985412 -0.0010875 -0.04555861 0.001604012 -0.00145 -0.04556316 0.002418219 -0.000725 -0.04518122 0.002765867 -0.0003625 -0.04465339 0.003141192 0 -0.0447646 0.003125554 0 -0.04460832 0.001919927 -0.0010875 -0.04575352 0.001568197 -0.00145 -0.04565632 0.002388159 -0.000725 -0.0454211 0.003149021 0 -0.04507853 0.002786633 -0.0003625 -0.0449305 0.003149021 0 -0.04492147 0.001526976 -0.00145 -0.04574722 0.001835361 -0.0010875 -0.04594093 0.001480491 -0.00145 -0.04583555 0.002334364 -0.000725 -0.04565679 0.002779706 -0.0003625 -0.04520831 0.003125554 0 -0.04539168 0.003141192 0 -0.0452354 0.001428903 -0.00145 -0.045921 0.001732553 -0.0010875 -0.046119 0.001372389 -0.00145 -0.04600327 0.002257369 -0.000725 -0.04588595 0.002745152 -0.0003625 -0.04548404 0.003071023 0 -0.04570094 0.003102144 0 -0.04554699 0.001311144 -0.00145 -0.04608208 0.001612527 -0.0010875 -0.04628595 0.00124538 -0.00145 -0.04615717 0.002157939 -0.000725 -0.04610631 0.002683315 -0.0003625 -0.04575497 0.002985971 0 -0.04600323 0.003032266 0 -0.04585315 0.001476475 -0.0010875 -0.04644011 0.001175322 -0.00145 -0.04622826 0.002037063 -0.000725 -0.04631567 0.00259481 -0.0003625 -0.04601839 0.002871243 0 -0.04629556 0.002932252 0 -0.04615083 0.001101212 -0.00145 -0.04629512 0.001325749 -0.0010875 -0.04657997 0.001023307 -0.00145 -0.04635751 0.001895941 -0.000725 -0.04651196 0.002480518 -0.0003625 -0.04627169 0.00272798 0 -0.046575 0.002803096 0 -0.04643707 0.000941874 -0.00145 -0.04641523 0.001161848 -0.0010875 -0.04670412 0.0008571941 -0.00145 -0.04646807 0.001735977 -0.000725 -0.04669323 0.002557605 0 -0.04683879 0.002341572 -0.0003625 -0.04651235 0.002646082 0 -0.04670902 0.0009863988 -0.0010875 -0.04681133 0.0007695594 -0.00145 -0.04651584 0.00155876 -0.000725 -0.04685766 0.002179355 -0.0003625 -0.04673798 0.002361811 0 -0.04708431 0.002462769 0 -0.04696399 0.0006792718 -0.00145 -0.04655839 0.0008011467 -0.0010875 -0.04690054 0.0005866426 -0.00145 -0.04659557 0.001366051 -0.000725 -0.04700363 0.002142544 0 -0.04730911 0.001995479 -0.0003625 -0.04694633 0.002254981 0 -0.04719945 0.0004919911 -0.00145 -0.04662725 0.0006079326 -0.0010875 -0.04697087 0.0003956437 -0.00145 -0.04665332 0.001159766 -0.000725 -0.04712969 0.001901984 0 -0.04751097 0.00179177 -0.0003625 -0.04713535 0.002024781 0 -0.04741304 0.0004086764 -0.0010875 -0.04702161 0.0002979323 -0.00145 -0.04667369 0.0009419544 -0.000725 -0.04723458 0.001642521 0 -0.04768787 0.001570255 -0.0003625 -0.04730314 0.001774458 0 -0.04760265 0.000199194 -0.00145 -0.04668829 0.0002053587 -0.0010875 -0.04705225 9.976895e-05 -0.00145 -0.04669707 0.0007147813 -0.000725 -0.04731726 0.001333133 -0.0003625 -0.04744804 0.001366734 0 -0.04783805 0.0015065 0 -0.0477664 0.0004805044 -0.000725 -0.04737692 0.001082762 -0.0003625 -0.04756861 0.001077363 0 -0.04796003 0.00122357 0 -0.04790265 0.000241452 -0.000725 -0.04741295 2.969768e-19 -0.000725 -0.047425 0.0008216301 -0.0003625 -0.04766366 0.0007772858 0 -0.04805259 0.0009284788 0 -0.04801006 0.0005523324 -0.0003625 -0.04773223 0.0004694831 0 -0.04811482 0.0006241603 0 -0.04808754 0.0002775454 -0.0003625 -0.04777365 0.0001570145 0 -0.04814608 0.0003136387 0 -0.04813435 -0.0002053587 -0.0010875 -0.04705225 -0.000199194 -0.00145 -0.04668829 -0.0002979323 -0.00145 -0.04667369 -0.0004086764 -0.0010875 -0.04702161 -0.0003956437 -0.00145 -0.04665332 -0.0004919911 -0.00145 -0.04662725 -0.0006079326 -0.0010875 -0.04697087 -0.0005866426 -0.00145 -0.04659557 -0.000241452 -0.000725 -0.04741295 -0.0006792718 -0.00145 -0.04655839 -0.0008011467 -0.0010875 -0.04690054 -0.0007695594 -0.00145 -0.04651584 -0.0004805044 -0.000725 -0.04737692 -0.0009863988 -0.0010875 -0.04681133 -0.0008571941 -0.00145 -0.04646807 -0.0007147813 -0.000725 -0.04731726 -0.0004694831 0 -0.04811482 -0.0002775454 -0.0003625 -0.04777365 -0.0003136387 0 -0.04813435 -0.000941874 -0.00145 -0.04641523 -0.001161848 -0.0010875 -0.04670412 -0.001023307 -0.00145 -0.04635751 -0.0009419544 -0.000725 -0.04723458 -0.0005523324 -0.0003625 -0.04773223 -0.0007772858 0 -0.04805259 -0.0006241603 0 -0.04808754 -0.001325749 -0.0010875 -0.04657997 -0.001101212 -0.00145 -0.04629512 -0.001175322 -0.00145 -0.04622826 -0.001159766 -0.000725 -0.04712969 -0.001077363 0 -0.04796003 -0.0008216301 -0.0003625 -0.04766366 -0.0009284788 0 -0.04801006 -0.001476475 -0.0010875 -0.04644011 -0.00124538 -0.00145 -0.04615717 -0.001366051 -0.000725 -0.04700363 -0.001366734 0 -0.04783805 -0.001082762 -0.0003625 -0.04756861 -0.00122357 0 -0.04790265 -0.001311144 -0.00145 -0.04608208 -0.001612527 -0.0010875 -0.04628595 -0.001372389 -0.00145 -0.04600327 -0.00155876 -0.000725 -0.04685766 -0.001333133 -0.0003625 -0.04744804 -0.001642521 0 -0.04768787 -0.0015065 0 -0.0477664 -0.001732553 -0.0010875 -0.046119 -0.001428903 -0.00145 -0.045921 -0.001480491 -0.00145 -0.04583555 -0.001735977 -0.000725 -0.04669323 -0.001570255 -0.0003625 -0.04730314 -0.001901984 0 -0.04751097 -0.001774458 0 -0.04760265 -0.001835361 -0.0010875 -0.04594093 -0.001526976 -0.00145 -0.04574722 -0.001568197 -0.00145 -0.04565632 -0.001895941 -0.000725 -0.04651196 -0.002142544 0 -0.04730911 -0.00179177 -0.0003625 -0.04713535 -0.002024781 0 -0.04741304 -0.001919927 -0.0010875 -0.04575352 -0.001604012 -0.00145 -0.04556316 -0.002037063 -0.000725 -0.04631567 -0.001995479 -0.0003625 -0.04694633 -0.002361811 0 -0.04708431 -0.002254981 0 -0.04719945 -0.001985412 -0.0010875 -0.04555861 -0.001634298 -0.00145 -0.04546805 -0.001658949 -0.00145 -0.04537133 -0.002157939 -0.000725 -0.04610631 -0.002179355 -0.0003625 -0.04673798 -0.002557605 0 -0.04683879 -0.002462769 0 -0.04696399 -0.002031166 -0.0010875 -0.04535815 -0.001677883 -0.00145 -0.04527333 -0.001691032 -0.00145 -0.04517439 -0.002257369 -0.000725 -0.04588595 -0.002341572 -0.0003625 -0.04651235 -0.00272798 0 -0.046575 -0.002646082 0 -0.04670902 -0.002056733 -0.0010875 -0.04515413 -0.001698352 -0.00145 -0.04507484 -0.002334364 -0.000725 -0.04565679 -0.002871243 0 -0.04629556 -0.002480518 -0.0003625 -0.04627169 -0.002803096 0 -0.04643707 -0.001699817 -0.00145 -0.04497504 -0.001695422 -0.00145 -0.04487533 -0.00259481 -0.0003625 -0.04601839 -0.002985971 0 -0.04600323 -0.002932252 0 -0.04615083 -0.001685184 -0.00145 -0.04477604 -0.001669135 -0.00145 -0.04467753 -0.002683315 -0.0003625 -0.04575497 -0.003071023 0 -0.04570094 -0.003032266 0 -0.04585315 -0.001647334 -0.00145 -0.04458013 -0.003102144 0 -0.04554699 -0.001619853 -0.00145 -0.04448417 -2.0819e-19 -0.009 -0.0467 9.976895e-05 -0.009 -0.04669707 0.000199194 -0.009 -0.04668829 0.0002979323 -0.009 -0.04667369 0.0003956437 -0.009 -0.04665332 0.0004919911 -0.009 -0.04662725 0.0005866426 -0.009 -0.04659557 0.0006792718 -0.009 -0.04655839 0.0007695594 -0.009 -0.04651584 0.0008571941 -0.009 -0.04646807 0.000941874 -0.009 -0.04641523 0.001023307 -0.009 -0.04635751 0.001101212 -0.009 -0.04629512 0.001175322 -0.009 -0.04622826 0.00124538 -0.009 -0.04615717 0.001311144 -0.009 -0.04608208 0.001372389 -0.009 -0.04600327 0.001428903 -0.009 -0.045921 0.001480491 -0.009 -0.04583555 0.001526976 -0.009 -0.04574722 0.001568197 -0.009 -0.04565632 0.001604012 -0.009 -0.04556316 0.001634298 -0.009 -0.04546805 0.001658949 -0.009 -0.04537133 0.001677883 -0.009 -0.04527333 0.001691032 -0.009 -0.04517439 0.001698352 -0.009 -0.04507484 0.001699817 -0.009 -0.04497504 0.001695422 -0.009 -0.04487533 0.001685184 -0.009 -0.04477604 0.001669135 -0.009 -0.04467753 0.001647334 -0.009 -0.04458013 0.001619853 -0.009 -0.04448417 0.001586788 -0.009 -0.04439 0.001548254 -0.009 -0.04429792 0.001504382 -0.009 -0.04420827 0.001455325 -0.009 -0.04412135 0.00140125 -0.009 -0.04403745 0.001342345 -0.009 -0.04395687 0.001278813 -0.009 -0.04387989 0.001210873 -0.009 -0.04380677 0.001138758 -0.009 -0.04373777 0.001062718 -0.009 -0.04367311 0.0009830142 -0.009 -0.04361303 0.0008999219 -0.009 -0.04355773 0.0008137274 -0.009 -0.0435074 0.0007247279 -0.009 -0.04346222 0.0006332301 -0.009 -0.04342234 0.0005395494 -0.009 -0.04338789 0.0004440088 -0.009 -0.04335901 0.0003469375 -0.009 -0.04333578 0.0002486703 -0.009 -0.04331829 0.0001495459 -0.009 -0.04330659 4.990598e-05 -0.009 -0.04330073 -4.990598e-05 -0.009 -0.04330073 -0.0001495459 -0.009 -0.04330659 -0.0002486703 -0.009 -0.04331829 -0.0003469375 -0.009 -0.04333578 -0.0004440088 -0.009 -0.04335901 -0.0005395494 -0.009 -0.04338789 -0.0006332301 -0.009 -0.04342234 -0.0007247279 -0.009 -0.04346222 -0.0008137274 -0.009 -0.0435074 -0.0008999219 -0.009 -0.04355773 -0.0009830142 -0.009 -0.04361303 -0.001062718 -0.009 -0.04367311 -0.001138758 -0.009 -0.04373777 -0.001210873 -0.009 -0.04380677 -0.001278813 -0.009 -0.04387989 -0.001342345 -0.009 -0.04395687 -0.00140125 -0.009 -0.04403745 -0.001455325 -0.009 -0.04412135 -0.001504382 -0.009 -0.04420827 -0.001548254 -0.009 -0.04429792 -0.001586788 -0.009 -0.04439 -0.001619853 -0.009 -0.04448417 -0.001647334 -0.009 -0.04458013 -0.001669135 -0.009 -0.04467753 -0.001685184 -0.009 -0.04477604 -0.001695422 -0.009 -0.04487533 -0.001699817 -0.009 -0.04497504 -0.001698352 -0.009 -0.04507484 -0.001691032 -0.009 -0.04517439 -0.001677883 -0.009 -0.04527333 -0.001658949 -0.009 -0.04537133 -0.001634298 -0.009 -0.04546805 -0.001604012 -0.009 -0.04556316 -0.001568197 -0.009 -0.04565632 -0.001526976 -0.009 -0.04574722 -0.001480491 -0.009 -0.04583555 -0.001428903 -0.009 -0.045921 -0.001372389 -0.009 -0.04600327 -0.001311144 -0.009 -0.04608208 -0.00124538 -0.009 -0.04615717 -0.001175322 -0.009 -0.04622826 -0.001101212 -0.009 -0.04629512 -0.001023307 -0.009 -0.04635751 -0.000941874 -0.009 -0.04641523 -0.0008571941 -0.009 -0.04646807 -0.0007695594 -0.009 -0.04651584 -0.0006792718 -0.009 -0.04655839 -0.0005866426 -0.009 -0.04659557 -0.0004919911 -0.009 -0.04662725 -0.0003956437 -0.009 -0.04665332 -0.0002979323 -0.009 -0.04667369 -0.000199194 -0.009 -0.04668829 -9.976895e-05 -0.009 -0.04669707 0.0045 -0.00545 8.048715e-17 0.0045 -0.0072 8.856306e-17 0.004494406 -0.00545 0.0002243065 0.004494406 -0.0072 0.0002243065 0.004477639 -0.0072 0.0004480553 0.004477639 -0.00545 0.0004480553 0.004449739 -0.0072 0.0006706902 0.004449739 -0.00545 0.0006706902 0.004410776 -0.0072 0.0008916577 0.004410776 -0.00545 0.0008916577 0.004360848 -0.0072 0.001110408 0.004360848 -0.00545 0.001110408 0.004300077 -0.0072 0.001326398 0.004300077 -0.00545 0.001326398 0.004228617 -0.0072 0.001539091 0.004228617 -0.00545 0.001539091 0.004146643 -0.0072 0.001747957 0.004146643 -0.00545 0.001747957 0.00405436 -0.0072 0.001952477 0.00405436 -0.00545 0.001952477 0.003951997 -0.00545 0.002152143 0.003951997 -0.0072 0.002152143 0.003839809 -0.00545 0.002346458 0.003839809 -0.0072 0.002346458 0.003718075 -0.0072 0.00253494 0.003718075 -0.00545 0.00253494 0.003587096 -0.00545 0.00271712 0.003587096 -0.0072 0.00271712 0.0034472 -0.0072 0.002892544 0.0034472 -0.00545 0.002892544 0.003298733 -0.00545 0.003060777 0.003298733 -0.0072 0.003060777 0.003142066 -0.0072 0.003221401 0.003142066 -0.00545 0.003221401 0.002977586 -0.0072 0.003374015 0.002977586 -0.00545 0.003374015 0.002805704 -0.0072 0.003518242 0.002805704 -0.00545 0.003518242 0.002626847 -0.0072 0.003653721 0.002626847 -0.00545 0.003653721 0.002441458 -0.00545 0.003780117 0.002441458 -0.0072 0.003780117 0.00225 -0.00545 0.003897114 0.00225 -0.0072 0.003897114 0.002052948 -0.0072 0.004004423 0.002052948 -0.00545 0.004004423 0.001850792 -0.0072 0.004101776 0.001850792 -0.00545 0.004101776 0.001644035 -0.0072 0.004188932 0.001644035 -0.00545 0.004188932 0.00143319 -0.0072 0.004265673 0.00143319 -0.00545 0.004265673 0.001218782 -0.0072 0.004331809 0.001218782 -0.00545 0.004331809 0.001001344 -0.0072 0.004387176 0.001001344 -0.00545 0.004387176 0.0007814168 -0.00545 0.004431635 0.0007814168 -0.0072 0.004431635 0.0005595466 -0.0072 0.004465076 0.0005595466 -0.00545 0.004465076 0.0003362854 -0.0072 0.004487417 0.0003362854 -0.00545 0.004487417 0.0001121881 -0.0072 0.004498601 0.0001121881 -0.00545 0.004498601 -0.0001121881 -0.00545 0.004498601 -0.0001121881 -0.0072 0.004498601 -0.0003362854 -0.0072 0.004487417 -0.0003362854 -0.00545 0.004487417 -0.0005595466 -0.00545 0.004465076 -0.0005595466 -0.0072 0.004465076 -0.0007814168 -0.0072 0.004431635 -0.0007814168 -0.00545 0.004431635 -0.001001344 -0.0072 0.004387176 -0.001001344 -0.00545 0.004387176 -0.001218782 -0.0072 0.004331809 -0.001218782 -0.00545 0.004331809 -0.00143319 -0.0072 0.004265673 -0.00143319 -0.00545 0.004265673 -0.001644035 -0.0072 0.004188932 -0.001644035 -0.00545 0.004188932 -0.001850792 -0.0072 0.004101776 -0.001850792 -0.00545 0.004101776 -0.002052948 -0.0072 0.004004423 -0.002052948 -0.00545 0.004004423 -0.00225 -0.00545 0.003897114 -0.00225 -0.0072 0.003897114 -0.002441458 -0.0072 0.003780117 -0.002441458 -0.00545 0.003780117 -0.002626847 -0.0072 0.003653721 -0.002626847 -0.00545 0.003653721 -0.002805704 -0.0072 0.003518242 -0.002805704 -0.00545 0.003518242 -0.002977586 -0.0072 0.003374015 -0.002977586 -0.00545 0.003374015 -0.003142066 -0.0072 0.003221401 -0.003142066 -0.00545 0.003221401 -0.003298733 -0.0072 0.003060777 -0.003298733 -0.00545 0.003060777 -0.0034472 -0.0072 0.002892544 -0.0034472 -0.00545 0.002892544 -0.003587096 -0.00545 0.00271712 -0.003587096 -0.0072 0.00271712 -0.003718075 -0.0072 0.00253494 -0.003718075 -0.00545 0.00253494 -0.003839809 -0.0072 0.002346458 -0.003839809 -0.00545 0.002346458 -0.003951997 -0.0072 0.002152143 -0.003951997 -0.00545 0.002152143 -0.00405436 -0.00545 0.001952477 -0.00405436 -0.0072 0.001952477 -0.004146643 -0.0072 0.001747957 -0.004146643 -0.00545 0.001747957 -0.004228617 -0.0072 0.001539091 -0.004228617 -0.00545 0.001539091 -0.004300077 -0.00545 0.001326398 -0.004300077 -0.0072 0.001326398 -0.004360848 -0.0072 0.001110408 -0.004360848 -0.00545 0.001110408 -0.004410776 -0.00545 0.0008916577 -0.004410776 -0.0072 0.0008916577 -0.004449739 -0.0072 0.0006706902 -0.004449739 -0.00545 0.0006706902 -0.004477639 -0.0072 0.0004480553 -0.004477639 -0.00545 0.0004480553 -0.004494406 -0.0072 0.0002243065 -0.004494406 -0.00545 0.0002243065 -0.0045 -0.00545 2.5083e-17 -0.0045 -0.0072 3.315891e-17 -0.004494406 -0.00545 -0.0002243065 -0.004494406 -0.0072 -0.0002243065 -0.004477639 -0.00545 -0.0004480553 -0.004477639 -0.0072 -0.0004480553 -0.004449739 -0.0072 -0.0006706902 -0.004449739 -0.00545 -0.0006706902 -0.004410776 -0.00545 -0.0008916577 -0.004410776 -0.0072 -0.0008916577 -0.004360848 -0.0072 -0.001110408 -0.004360848 -0.00545 -0.001110408 -0.004300077 -0.0072 -0.001326398 -0.004300077 -0.00545 -0.001326398 -0.004228617 -0.0072 -0.001539091 -0.004228617 -0.00545 -0.001539091 -0.004146643 -0.00545 -0.001747957 -0.004146643 -0.0072 -0.001747957 -0.00405436 -0.0072 -0.001952477 -0.00405436 -0.00545 -0.001952477 -0.003951997 -0.0072 -0.002152143 -0.003951997 -0.00545 -0.002152143 -0.003839809 -0.0072 -0.002346458 -0.003839809 -0.00545 -0.002346458 -0.003718075 -0.0072 -0.00253494 -0.003718075 -0.00545 -0.00253494 -0.003587096 -0.0072 -0.00271712 -0.003587096 -0.00545 -0.00271712 -0.0034472 -0.00545 -0.002892544 -0.0034472 -0.0072 -0.002892544 -0.003298733 -0.0072 -0.003060777 -0.003298733 -0.00545 -0.003060777 -0.003142066 -0.0072 -0.003221401 -0.003142066 -0.00545 -0.003221401 -0.002977586 -0.0072 -0.003374015 -0.002977586 -0.00545 -0.003374015 -0.002805704 -0.0072 -0.003518242 -0.002805704 -0.00545 -0.003518242 -0.002626847 -0.0072 -0.003653721 -0.002626847 -0.00545 -0.003653721 -0.002441458 -0.00545 -0.003780117 -0.002441458 -0.0072 -0.003780117 -0.00225 -0.0072 -0.003897114 -0.00225 -0.00545 -0.003897114 -0.002052948 -0.0072 -0.004004423 -0.002052948 -0.00545 -0.004004423 -0.001850792 -0.0072 -0.004101776 -0.001850792 -0.00545 -0.004101776 -0.001644035 -0.0072 -0.004188932 -0.001644035 -0.00545 -0.004188932 -0.00143319 -0.00545 -0.004265673 -0.00143319 -0.0072 -0.004265673 -0.001218782 -0.0072 -0.004331809 -0.001218782 -0.00545 -0.004331809 -0.001001344 -0.0072 -0.004387176 -0.001001344 -0.00545 -0.004387176 -0.0007814168 -0.0072 -0.004431635 -0.0007814168 -0.00545 -0.004431635 -0.0005595466 -0.00545 -0.004465076 -0.0005595466 -0.0072 -0.004465076 -0.0003362854 -0.0072 -0.004487417 -0.0003362854 -0.00545 -0.004487417 -0.0001121881 -0.0072 -0.004498601 -0.0001121881 -0.00545 -0.004498601 0.0001121881 -0.00545 -0.004498601 0.0001121881 -0.0072 -0.004498601 0.0003362854 -0.0072 -0.004487417 0.0003362854 -0.00545 -0.004487417 0.0005595466 -0.00545 -0.004465076 0.0005595466 -0.0072 -0.004465076 0.0007814168 -0.0072 -0.004431635 0.0007814168 -0.00545 -0.004431635 0.001001344 -0.00545 -0.004387176 0.001001344 -0.0072 -0.004387176 0.001218782 -0.0072 -0.004331809 0.001218782 -0.00545 -0.004331809 0.00143319 -0.0072 -0.004265673 0.00143319 -0.00545 -0.004265673 0.001644035 -0.0072 -0.004188932 0.001644035 -0.00545 -0.004188932 0.001850792 -0.0072 -0.004101776 0.001850792 -0.00545 -0.004101776 0.002052948 -0.0072 -0.004004423 0.002052948 -0.00545 -0.004004423 0.00225 -0.0072 -0.003897114 0.00225 -0.00545 -0.003897114 0.002441458 -0.0072 -0.003780117 0.002441458 -0.00545 -0.003780117 0.002626847 -0.0072 -0.003653721 0.002626847 -0.00545 -0.003653721 0.002805704 -0.0072 -0.003518242 0.002805704 -0.00545 -0.003518242 0.002977586 -0.0072 -0.003374015 0.002977586 -0.00545 -0.003374015 0.003142066 -0.0072 -0.003221401 0.003142066 -0.00545 -0.003221401 0.003298733 -0.0072 -0.003060777 0.003298733 -0.00545 -0.003060777 0.0034472 -0.0072 -0.002892544 0.0034472 -0.00545 -0.002892544 0.003587096 -0.0072 -0.00271712 0.003587096 -0.00545 -0.00271712 0.003718075 -0.0072 -0.00253494 0.003718075 -0.00545 -0.00253494 0.003839809 -0.0072 -0.002346458 0.003839809 -0.00545 -0.002346458 0.003951997 -0.0072 -0.002152143 0.003951997 -0.00545 -0.002152143 0.00405436 -0.00545 -0.001952477 0.00405436 -0.0072 -0.001952477 0.004146643 -0.0072 -0.001747957 0.004146643 -0.00545 -0.001747957 0.004228617 -0.0072 -0.001539091 0.004228617 -0.00545 -0.001539091 0.004300077 -0.0072 -0.001326398 0.004300077 -0.00545 -0.001326398 0.004360848 -0.0072 -0.001110408 0.004360848 -0.00545 -0.001110408 0.004410776 -0.00545 -0.0008916577 0.004410776 -0.0072 -0.0008916577 0.004449739 -0.0072 -0.0006706902 0.004449739 -0.00545 -0.0006706902 0.004477639 -0.0072 -0.0004480553 0.004477639 -0.00545 -0.0004480553 0.004494406 -0.0072 -0.0002243065 0.004494406 -0.00545 -0.0002243065 0.01749022 0 -0.001640466 0.0076027 0 -0.004328313 0.01749022 -0.00545 -0.001640466 0.0076027 -0.00545 -0.004328313 0.01749022 0 0.001640466 0.01758459 -6.661338e-18 0.001611849 0.01749022 -0.00545 0.001640466 0.01758459 -0.00545 0.001611849 0.01767714 -6.661338e-18 0.001577807 0.01767714 -0.00545 0.001577807 0.01776756 -6.661338e-18 0.001538456 0.01776756 -0.00545 0.001538456 0.01785555 -6.661338e-18 0.001493928 0.01785555 -0.00545 0.001493928 0.01794081 -6.661338e-18 0.001444374 0.01794081 -0.00545 0.001444374 0.01802305 -0.00545 0.001389959 0.01802305 -6.661338e-18 0.001389959 0.018102 -0.00545 0.001330867 0.018102 -6.661338e-18 0.001330867 0.01817739 -6.661338e-18 0.001267296 0.01817739 -0.00545 0.001267296 0.01824897 -6.661338e-18 0.001199461 0.01824897 -0.00545 0.001199461 0.01831649 -0.00545 0.00112759 0.01831649 -6.661338e-18 0.00112759 0.01837973 -6.661338e-18 0.001051925 0.01837973 -0.00545 0.001051925 0.01843848 -6.661338e-18 0.0009727203 0.01843848 -0.00545 0.0009727203 0.01849253 -6.661338e-18 0.0008902422 0.01849253 -0.00545 0.0008902422 0.01854172 -6.661338e-18 0.0008047685 0.01854172 -0.00545 0.0008047685 0.01858586 -0.00545 0.0007165868 0.01858586 -6.661338e-18 0.0007165868 0.01862482 -0.00545 0.0006259938 0.01862482 -6.661338e-18 0.0006259938 0.01865846 -0.00545 0.0005332944 0.01865846 -6.661338e-18 0.0005332944 0.01868666 -0.00545 0.0004388005 0.01868666 -6.661338e-18 0.0004388005 0.01870934 -0.00545 0.00034283 0.01870934 -6.661338e-18 0.00034283 0.01872642 -0.00545 0.0002457059 0.01872642 -6.661338e-18 0.0002457059 0.01873784 -0.00545 0.000147755 0.01873784 -6.661338e-18 0.000147755 0.01874356 -0.00545 4.930699e-05 0.01874356 -6.661338e-18 4.930699e-05 0.01874356 -0.00545 -4.930699e-05 0.01874356 -6.661338e-18 -4.930699e-05 0.01873784 -0.00545 -0.000147755 0.01873784 -6.661338e-18 -0.000147755 0.01872642 -0.00545 -0.0002457059 0.01872642 -6.661338e-18 -0.0002457059 0.01870934 -6.661338e-18 -0.00034283 0.01870934 -0.00545 -0.00034283 0.01868666 -6.661338e-18 -0.0004388005 0.01868666 -0.00545 -0.0004388005 0.01865846 -0.00545 -0.0005332944 0.01865846 -6.661338e-18 -0.0005332944 0.01862482 -6.661338e-18 -0.0006259938 0.01862482 -0.00545 -0.0006259938 0.01858586 -0.00545 -0.0007165868 0.01858586 -6.661338e-18 -0.0007165868 0.01854172 -6.661338e-18 -0.0008047685 0.01854172 -0.00545 -0.0008047685 0.01849253 -0.00545 -0.0008902422 0.01849253 -6.661338e-18 -0.0008902422 0.01843848 -0.00545 -0.0009727203 0.01843848 -6.661338e-18 -0.0009727203 0.01837973 -6.661338e-18 -0.001051925 0.01837973 -0.00545 -0.001051925 0.01831649 -0.00545 -0.00112759 0.01831649 -6.661338e-18 -0.00112759 0.01824897 -0.00545 -0.001199461 0.01824897 -6.661338e-18 -0.001199461 0.01817739 -0.00545 -0.001267296 0.01817739 -6.661338e-18 -0.001267296 0.018102 -0.00545 -0.001330867 0.018102 -6.661338e-18 -0.001330867 0.01802305 -6.661338e-18 -0.001389959 0.01802305 -0.00545 -0.001389959 0.01794081 -6.661338e-18 -0.001444374 0.01794081 -0.00545 -0.001444374 0.01785555 -0.00545 -0.001493928 0.01785555 -6.661338e-18 -0.001493928 0.01776756 -0.00545 -0.001538456 0.01776756 -6.661338e-18 -0.001538456 0.01767714 -6.661338e-18 -0.001577807 0.01767714 -0.00545 -0.001577807 0.01758459 -6.661338e-18 -0.001611849 0.01758459 -0.00545 -0.001611849 0.0076027 0 0.004328313 0.0076027 -0.00545 0.004328313 0.005689696 0 0.00441648 0.005901798 -2.220446e-18 0.004448307 0.005689696 -0.00545 0.00441648 0.005901798 -0.00545 0.004448307 0.0061152 -2.220446e-18 0.00446976 0.0061152 -0.00545 0.00446976 0.006329392 -2.220446e-18 0.004480789 0.006329392 -0.00545 0.004480789 0.006543868 -2.220446e-18 0.004481367 0.006543868 -0.00545 0.004481367 0.006758118 -2.220446e-18 0.004471492 0.006758118 -0.00545 0.004471492 0.006971631 -2.220446e-18 0.004451189 0.006971631 -0.00545 0.004451189 0.007183902 -2.220446e-18 0.004420506 0.007183902 -0.00545 0.004420506 0.007394425 -0.00545 0.004379515 0.007394425 -2.220446e-18 0.004379515 0.00559466 -0.00545 0.00440408 0.00559466 2.331468e-17 0.00440408 0.005498906 -0.00545 0.004400001 0.005498906 2.331468e-17 0.004400001 0.00540316 -0.00545 0.004404271 0.00540316 2.331468e-17 0.004404271 0.005308149 -0.00545 0.00441686 0.005308149 2.331468e-17 0.00441686 0.005214595 2.331468e-17 0.004437671 0.005214595 -0.00545 0.004437671 0.005123207 2.331468e-17 0.004466546 0.005123207 -0.00545 0.004466546 0.005034679 -0.00545 0.004503267 0.005034679 2.331468e-17 0.004503267 0.004949684 2.331468e-17 0.004547554 0.004949684 -0.00545 0.004547554 0.004868867 2.331468e-17 0.004599072 0.004868867 -0.00545 0.004599072 0.00479284 2.331468e-17 0.004657429 0.00479284 -0.00545 0.004657429 0.004722183 2.331468e-17 0.004722183 0.004722183 -0.00545 0.004722183 0.004657429 2.331468e-17 0.00479284 0.004657429 -0.00545 0.00479284 0.004599072 2.331468e-17 0.004868867 0.004599072 -0.00545 0.004868867 0.004547554 2.331468e-17 0.004949684 0.004547554 -0.00545 0.004949684 0.004503267 2.331468e-17 0.005034679 0.004503267 -0.00545 0.005034679 0.004466546 2.331468e-17 0.005123207 0.004466546 -0.00545 0.005123207 0.004437671 2.331468e-17 0.005214595 0.004437671 -0.00545 0.005214595 0.00441686 2.331468e-17 0.005308149 0.00441686 -0.00545 0.005308149 0.004404271 2.331468e-17 0.00540316 0.004404271 -0.00545 0.00540316 0.004400001 2.331468e-17 0.005498906 0.004400001 -0.00545 0.005498906 0.00440408 2.331468e-17 0.00559466 0.00440408 -0.00545 0.00559466 0.00441648 0 0.005689696 0.00441648 -0.00545 0.005689696 0.004328313 -0.00545 0.0076027 0.004328313 0 0.0076027 0.004379515 -0.00545 0.007394425 0.004379515 2.997602e-17 0.007394425 0.004420506 -0.00545 0.007183902 0.004420506 2.997602e-17 0.007183902 0.004451189 -0.00545 0.006971631 0.004451189 2.997602e-17 0.006971631 0.004471492 -0.00545 0.006758118 0.004471492 2.997602e-17 0.006758118 0.004481367 -0.00545 0.006543868 0.004481367 2.997602e-17 0.006543868 0.004480789 -0.00545 0.006329392 0.004480789 2.997602e-17 0.006329392 0.00446976 -0.00545 0.0061152 0.00446976 2.997602e-17 0.0061152 0.004448307 -0.00545 0.005901798 0.004448307 2.997602e-17 0.005901798 0.001640466 0 0.01749022 0.001640466 -0.00545 0.01749022 -0.001640466 0 0.01749022 -0.001611849 7.882583e-17 0.01758459 -0.001640466 -0.00545 0.01749022 -0.001611849 -0.00545 0.01758459 -0.001577807 7.882583e-17 0.01767714 -0.001577807 -0.00545 0.01767714 -0.001538456 -0.00545 0.01776756 -0.001538456 7.882583e-17 0.01776756 -0.001493928 -0.00545 0.01785555 -0.001493928 7.882583e-17 0.01785555 -0.001444374 7.882583e-17 0.01794081 -0.001444374 -0.00545 0.01794081 -0.001389959 7.882583e-17 0.01802305 -0.001389959 -0.00545 0.01802305 -0.001330867 -0.00545 0.018102 -0.001330867 7.882583e-17 0.018102 -0.001267296 -0.00545 0.01817739 -0.001267296 7.882583e-17 0.01817739 -0.001199461 7.882583e-17 0.01824897 -0.001199461 -0.00545 0.01824897 -0.00112759 7.882583e-17 0.01831649 -0.00112759 -0.00545 0.01831649 -0.001051925 7.882583e-17 0.01837973 -0.001051925 -0.00545 0.01837973 -0.0009727203 7.882583e-17 0.01843848 -0.0009727203 -0.00545 0.01843848 -0.0008902422 7.882583e-17 0.01849253 -0.0008902422 -0.00545 0.01849253 -0.0008047685 7.882583e-17 0.01854172 -0.0008047685 -0.00545 0.01854172 -0.0007165868 -0.00545 0.01858586 -0.0007165868 7.882583e-17 0.01858586 -0.0006259938 -0.00545 0.01862482 -0.0006259938 7.882583e-17 0.01862482 -0.0005332944 7.882583e-17 0.01865846 -0.0005332944 -0.00545 0.01865846 -0.0004388005 7.882583e-17 0.01868666 -0.0004388005 -0.00545 0.01868666 -0.00034283 7.882583e-17 0.01870934 -0.00034283 -0.00545 0.01870934 -0.0002457059 -0.00545 0.01872642 -0.0002457059 7.882583e-17 0.01872642 -0.000147755 -0.00545 0.01873784 -0.000147755 7.882583e-17 0.01873784 -4.930699e-05 -0.00545 0.01874356 -4.930699e-05 7.882583e-17 0.01874356 4.930699e-05 -0.00545 0.01874356 4.930699e-05 7.882583e-17 0.01874356 0.000147755 -0.00545 0.01873784 0.000147755 7.882583e-17 0.01873784 0.0002457059 7.882583e-17 0.01872642 0.0002457059 -0.00545 0.01872642 0.00034283 7.882583e-17 0.01870934 0.00034283 -0.00545 0.01870934 0.0004388005 7.882583e-17 0.01868666 0.0004388005 -0.00545 0.01868666 0.0005332944 -0.00545 0.01865846 0.0005332944 7.882583e-17 0.01865846 0.0006259938 7.882583e-17 0.01862482 0.0006259938 -0.00545 0.01862482 0.0007165868 7.882583e-17 0.01858586 0.0007165868 -0.00545 0.01858586 0.0008047685 7.882583e-17 0.01854172 0.0008047685 -0.00545 0.01854172 0.0008902422 -0.00545 0.01849253 0.0008902422 7.882583e-17 0.01849253 0.0009727203 -0.00545 0.01843848 0.0009727203 7.882583e-17 0.01843848 0.001051925 -0.00545 0.01837973 0.001051925 7.882583e-17 0.01837973 0.00112759 -0.00545 0.01831649 0.00112759 7.882583e-17 0.01831649 0.001199461 -0.00545 0.01824897 0.001199461 7.882583e-17 0.01824897 0.001267296 7.882583e-17 0.01817739 0.001267296 -0.00545 0.01817739 0.001330867 7.882583e-17 0.018102 0.001330867 -0.00545 0.018102 0.001389959 -0.00545 0.01802305 0.001389959 7.882583e-17 0.01802305 0.001444374 -0.00545 0.01794081 0.001444374 7.882583e-17 0.01794081 0.001493928 -0.00545 0.01785555 0.001493928 7.882583e-17 0.01785555 0.001538456 -0.00545 0.01776756 0.001538456 7.882583e-17 0.01776756 0.001577807 7.882583e-17 0.01767714 0.001577807 -0.00545 0.01767714 0.001611849 7.882583e-17 0.01758459 0.001611849 -0.00545 0.01758459 -0.004328313 0 0.0076027 -0.004328313 -0.00545 0.0076027 -0.00441648 0 0.005689696 -0.004448307 2.997602e-17 0.005901798 -0.00441648 -0.00545 0.005689696 -0.004448307 -0.00545 0.005901798 -0.00446976 -0.00545 0.0061152 -0.00446976 2.997602e-17 0.0061152 -0.004480789 -0.00545 0.006329392 -0.004480789 2.997602e-17 0.006329392 -0.004481367 -0.00545 0.006543868 -0.004481367 2.997602e-17 0.006543868 -0.004471492 -0.00545 0.006758118 -0.004471492 2.997602e-17 0.006758118 -0.004451189 -0.00545 0.006971631 -0.004451189 2.997602e-17 0.006971631 -0.004420506 2.997602e-17 0.007183902 -0.004420506 -0.00545 0.007183902 -0.004379515 2.997602e-17 0.007394425 -0.004379515 -0.00545 0.007394425 -0.00440408 2.775558e-17 0.00559466 -0.00440408 -0.00545 0.00559466 -0.004400001 2.775558e-17 0.005498906 -0.004400001 -0.00545 0.005498906 -0.004404271 2.775558e-17 0.00540316 -0.004404271 -0.00545 0.00540316 -0.00441686 2.775558e-17 0.005308149 -0.00441686 -0.00545 0.005308149 -0.004437671 2.775558e-17 0.005214595 -0.004437671 -0.00545 0.005214595 -0.004466546 2.775558e-17 0.005123207 -0.004466546 -0.00545 0.005123207 -0.004503267 2.775558e-17 0.005034679 -0.004503267 -0.00545 0.005034679 -0.004547554 2.775558e-17 0.004949684 -0.004547554 -0.00545 0.004949684 -0.004599072 2.775558e-17 0.004868867 -0.004599072 -0.00545 0.004868867 -0.004657429 2.775558e-17 0.00479284 -0.004657429 -0.00545 0.00479284 -0.004722183 2.775558e-17 0.004722182 -0.004722183 -0.00545 0.004722182 -0.00479284 2.775558e-17 0.004657429 -0.00479284 -0.00545 0.004657429 -0.004868867 2.775558e-17 0.004599072 -0.004868867 -0.00545 0.004599072 -0.004949685 2.775558e-17 0.004547554 -0.004949685 -0.00545 0.004547554 -0.005034679 2.775558e-17 0.004503267 -0.005034679 -0.00545 0.004503267 -0.005123207 2.775558e-17 0.004466546 -0.005123207 -0.00545 0.004466546 -0.005214595 2.775558e-17 0.004437671 -0.005214595 -0.00545 0.004437671 -0.005308149 2.775558e-17 0.00441686 -0.005308149 -0.00545 0.00441686 -0.00540316 2.775558e-17 0.004404271 -0.00540316 -0.00545 0.004404271 -0.005498906 2.775558e-17 0.004400001 -0.005498906 -0.00545 0.004400001 -0.005594661 2.775558e-17 0.00440408 -0.005594661 -0.00545 0.00440408 -0.005689696 0 0.00441648 -0.005689696 -0.00545 0.00441648 -0.0076027 -0.00545 0.004328313 -0.0076027 0 0.004328313 -0.007394425 -0.00545 0.004379515 -0.007394425 2.220446e-18 0.004379515 -0.007183902 -0.00545 0.004420506 -0.007183902 2.220446e-18 0.004420506 -0.006971631 -0.00545 0.004451189 -0.006971631 2.220446e-18 0.004451189 -0.006758118 -0.00545 0.004471492 -0.006758118 2.220446e-18 0.004471492 -0.006543869 -0.00545 0.004481367 -0.006543869 2.220446e-18 0.004481367 -0.006329392 -0.00545 0.004480789 -0.006329392 2.220446e-18 0.004480789 -0.0061152 2.220446e-18 0.00446976 -0.0061152 -0.00545 0.00446976 -0.005901799 2.220446e-18 0.004448307 -0.005901799 -0.00545 0.004448307 -0.01749022 0 0.001640466 -0.01749022 -0.00545 0.001640466 -0.01749022 -0.00545 -0.001640466 -0.01749022 0 -0.001640466 -0.01758459 -0.00545 -0.001611849 -0.01758459 6.661338e-18 -0.001611849 -0.01767714 -0.00545 -0.001577807 -0.01767714 6.661338e-18 -0.001577807 -0.01776756 -0.00545 -0.001538456 -0.01776756 6.661338e-18 -0.001538456 -0.01785555 -0.00545 -0.001493928 -0.01785555 6.661338e-18 -0.001493928 -0.01794081 -0.00545 -0.001444374 -0.01794081 6.661338e-18 -0.001444374 -0.01802305 -0.00545 -0.001389959 -0.01802305 6.661338e-18 -0.001389959 -0.018102 -0.00545 -0.001330867 -0.018102 6.661338e-18 -0.001330867 -0.01817739 -0.00545 -0.001267296 -0.01817739 6.661338e-18 -0.001267296 -0.01824897 -0.00545 -0.001199461 -0.01824897 6.661338e-18 -0.001199461 -0.01831649 -0.00545 -0.00112759 -0.01831649 6.661338e-18 -0.00112759 -0.01837973 -0.00545 -0.001051925 -0.01837973 6.661338e-18 -0.001051925 -0.01843848 -0.00545 -0.0009727203 -0.01843848 6.661338e-18 -0.0009727203 -0.01849253 -0.00545 -0.0008902422 -0.01849253 6.661338e-18 -0.0008902422 -0.01854172 -0.00545 -0.0008047685 -0.01854172 6.661338e-18 -0.0008047685 -0.01858586 -0.00545 -0.0007165868 -0.01858586 6.661338e-18 -0.0007165868 -0.01862482 -0.00545 -0.0006259938 -0.01862482 6.661338e-18 -0.0006259938 -0.01865846 -0.00545 -0.0005332944 -0.01865846 6.661338e-18 -0.0005332944 -0.01868666 -0.00545 -0.0004388005 -0.01868666 6.661338e-18 -0.0004388005 -0.01870934 -0.00545 -0.00034283 -0.01870934 6.661338e-18 -0.00034283 -0.01872642 -0.00545 -0.0002457059 -0.01872642 6.661338e-18 -0.0002457059 -0.01873784 -0.00545 -0.000147755 -0.01873784 6.661338e-18 -0.000147755 -0.01874356 -0.00545 -4.930699e-05 -0.01874356 6.661338e-18 -4.930699e-05 -0.01874356 -0.00545 4.930699e-05 -0.01874356 6.661338e-18 4.930699e-05 -0.01873784 -0.00545 0.000147755 -0.01873784 6.661338e-18 0.000147755 -0.01872642 -0.00545 0.0002457059 -0.01872642 6.661338e-18 0.0002457059 -0.01870934 -0.00545 0.00034283 -0.01870934 6.661338e-18 0.00034283 -0.01868666 6.661338e-18 0.0004388005 -0.01868666 -0.00545 0.0004388005 -0.01865846 -0.00545 0.0005332944 -0.01865846 6.661338e-18 0.0005332944 -0.01862482 -0.00545 0.0006259938 -0.01862482 6.661338e-18 0.0006259938 -0.01858586 6.661338e-18 0.0007165868 -0.01858586 -0.00545 0.0007165868 -0.01854172 6.661338e-18 0.0008047685 -0.01854172 -0.00545 0.0008047685 -0.01849253 -0.00545 0.0008902422 -0.01849253 6.661338e-18 0.0008902422 -0.01843848 6.661338e-18 0.0009727203 -0.01843848 -0.00545 0.0009727203 -0.01837973 6.661338e-18 0.001051925 -0.01837973 -0.00545 0.001051925 -0.01831649 6.661338e-18 0.00112759 -0.01831649 -0.00545 0.00112759 -0.01824897 6.661338e-18 0.001199461 -0.01824897 -0.00545 0.001199461 -0.01817739 6.661338e-18 0.001267296 -0.01817739 -0.00545 0.001267296 -0.018102 -0.00545 0.001330867 -0.018102 6.661338e-18 0.001330867 -0.01802305 -0.00545 0.001389959 -0.01802305 6.661338e-18 0.001389959 -0.01794081 -0.00545 0.001444374 -0.01794081 6.661338e-18 0.001444374 -0.01785555 -0.00545 0.001493928 -0.01785555 6.661338e-18 0.001493928 -0.01776756 -0.00545 0.001538456 -0.01776756 6.661338e-18 0.001538456 -0.01767714 -0.00545 0.001577807 -0.01767714 6.661338e-18 0.001577807 -0.01758459 -0.00545 0.001611849 -0.01758459 6.661338e-18 0.001611849 -0.0076027 0 -0.004328313 -0.0076027 -0.00545 -0.004328313 -0.005689696 -0.00545 -0.00441648 -0.005689696 0 -0.00441648 -0.005901798 -0.00545 -0.004448307 -0.005901798 2.220446e-18 -0.004448307 -0.0061152 2.220446e-18 -0.00446976 -0.0061152 -0.00545 -0.00446976 -0.006329392 -0.00545 -0.004480789 -0.006329392 2.220446e-18 -0.004480789 -0.006543868 -0.00545 -0.004481367 -0.006543868 2.220446e-18 -0.004481367 -0.006758118 2.220446e-18 -0.004471492 -0.006758118 -0.00545 -0.004471492 -0.006971631 2.220446e-18 -0.004451189 -0.006971631 -0.00545 -0.004451189 -0.007183902 2.220446e-18 -0.004420506 -0.007183902 -0.00545 -0.004420506 -0.007394425 2.220446e-18 -0.004379515 -0.007394425 -0.00545 -0.004379515 -0.00559466 -2.331468e-17 -0.00440408 -0.00559466 -0.00545 -0.00440408 -0.005498906 -2.331468e-17 -0.004400001 -0.005498906 -0.00545 -0.004400001 -0.00540316 -2.331468e-17 -0.004404271 -0.00540316 -0.00545 -0.004404271 -0.005308149 -2.331468e-17 -0.00441686 -0.005308149 -0.00545 -0.00441686 -0.005214594 -2.331468e-17 -0.004437671 -0.005214594 -0.00545 -0.004437671 -0.005123207 -2.331468e-17 -0.004466546 -0.005123207 -0.00545 -0.004466546 -0.005034679 -2.331468e-17 -0.004503267 -0.005034679 -0.00545 -0.004503267 -0.004949684 -2.331468e-17 -0.004547554 -0.004949684 -0.00545 -0.004547554 -0.004868866 -2.331468e-17 -0.004599072 -0.004868866 -0.00545 -0.004599072 -0.00479284 -2.331468e-17 -0.00465743 -0.00479284 -0.00545 -0.00465743 -0.004722182 -2.331468e-17 -0.004722183 -0.004722182 -0.00545 -0.004722183 -0.004657429 -2.331468e-17 -0.004792841 -0.004657429 -0.00545 -0.004792841 -0.004599072 -2.331468e-17 -0.004868867 -0.004599072 -0.00545 -0.004868867 -0.004547554 -2.331468e-17 -0.004949685 -0.004547554 -0.00545 -0.004949685 -0.004503267 -2.331468e-17 -0.00503468 -0.004503267 -0.00545 -0.00503468 -0.004466546 -2.331468e-17 -0.005123208 -0.004466546 -0.00545 -0.005123208 -0.00443767 -2.331468e-17 -0.005214595 -0.00443767 -0.00545 -0.005214595 -0.00441686 -2.331468e-17 -0.00530815 -0.00441686 -0.00545 -0.00530815 -0.004404271 -2.331468e-17 -0.005403161 -0.004404271 -0.00545 -0.005403161 -0.004400001 -2.331468e-17 -0.005498907 -0.004400001 -0.00545 -0.005498907 -0.004404081 -2.331468e-17 -0.005594661 -0.004404081 -0.00545 -0.005594661 -0.00441648 0 -0.005689697 -0.00441648 -0.00545 -0.005689697 -0.004328313 0 -0.0076027 -0.004379515 -2.997602e-17 -0.007394425 -0.004328313 -0.00545 -0.0076027 -0.004379515 -0.00545 -0.007394425 -0.004420506 -2.997602e-17 -0.007183902 -0.004420506 -0.00545 -0.007183902 -0.004451189 -2.997602e-17 -0.006971632 -0.004451189 -0.00545 -0.006971632 -0.004471492 -2.997602e-17 -0.006758118 -0.004471492 -0.00545 -0.006758118 -0.004481367 -2.997602e-17 -0.006543869 -0.004481367 -0.00545 -0.006543869 -0.004480789 -2.997602e-17 -0.006329393 -0.004480789 -0.00545 -0.006329393 -0.00446976 -2.997602e-17 -0.0061152 -0.00446976 -0.00545 -0.0061152 -0.004448307 -2.997602e-17 -0.005901799 -0.004448307 -0.00545 -0.005901799 -0.001640466 0 -0.01749022 -0.001640466 -0.00545 -0.01749022 0.001640466 -0.00545 -0.01749022 0.001640466 0 -0.01749022 0.001611849 -0.00545 -0.01758459 0.001611849 -7.882583e-17 -0.01758459 0.001577807 -0.00545 -0.01767714 0.001577807 -7.882583e-17 -0.01767714 0.001538456 -0.00545 -0.01776756 0.001538456 -7.882583e-17 -0.01776756 0.001493928 -0.00545 -0.01785555 0.001493928 -7.882583e-17 -0.01785555 0.001444374 -0.00545 -0.01794081 0.001444374 -7.882583e-17 -0.01794081 0.001389959 -0.00545 -0.01802305 0.001389959 -7.882583e-17 -0.01802305 0.001330867 -0.00545 -0.018102 0.001330867 -7.882583e-17 -0.018102 0.001267296 -0.00545 -0.01817739 0.001267296 -7.882583e-17 -0.01817739 0.001199461 -0.00545 -0.01824897 0.001199461 -7.882583e-17 -0.01824897 0.00112759 -0.00545 -0.01831649 0.00112759 -7.882583e-17 -0.01831649 0.001051925 -7.882583e-17 -0.01837973 0.001051925 -0.00545 -0.01837973 0.0009727203 -7.882583e-17 -0.01843848 0.0009727203 -0.00545 -0.01843848 0.0008902422 -7.882583e-17 -0.01849253 0.0008902422 -0.00545 -0.01849253 0.0008047685 -0.00545 -0.01854172 0.0008047685 -7.882583e-17 -0.01854172 0.0007165868 -0.00545 -0.01858586 0.0007165868 -7.882583e-17 -0.01858586 0.0006259938 -7.882583e-17 -0.01862482 0.0006259938 -0.00545 -0.01862482 0.0005332944 -7.882583e-17 -0.01865846 0.0005332944 -0.00545 -0.01865846 0.0004388005 -7.882583e-17 -0.01868666 0.0004388005 -0.00545 -0.01868666 0.00034283 -0.00545 -0.01870934 0.00034283 -7.882583e-17 -0.01870934 0.0002457059 -0.00545 -0.01872642 0.0002457059 -7.882583e-17 -0.01872642 0.000147755 -7.882583e-17 -0.01873784 0.000147755 -0.00545 -0.01873784 4.930699e-05 -0.00545 -0.01874356 4.930699e-05 -7.882583e-17 -0.01874356 -4.930699e-05 -0.00545 -0.01874356 -4.930699e-05 -7.882583e-17 -0.01874356 -0.000147755 -7.882583e-17 -0.01873784 -0.000147755 -0.00545 -0.01873784 -0.0002457059 -7.882583e-17 -0.01872642 -0.0002457059 -0.00545 -0.01872642 -0.00034283 -7.882583e-17 -0.01870934 -0.00034283 -0.00545 -0.01870934 -0.0004388005 -7.882583e-17 -0.01868666 -0.0004388005 -0.00545 -0.01868666 -0.0005332944 -7.882583e-17 -0.01865846 -0.0005332944 -0.00545 -0.01865846 -0.0006259938 -7.882583e-17 -0.01862482 -0.0006259938 -0.00545 -0.01862482 -0.0007165868 -0.00545 -0.01858586 -0.0007165868 -7.882583e-17 -0.01858586 -0.0008047685 -7.882583e-17 -0.01854172 -0.0008047685 -0.00545 -0.01854172 -0.0008902422 -7.882583e-17 -0.01849253 -0.0008902422 -0.00545 -0.01849253 -0.0009727203 -7.882583e-17 -0.01843848 -0.0009727203 -0.00545 -0.01843848 -0.001051925 -7.882583e-17 -0.01837973 -0.001051925 -0.00545 -0.01837973 -0.00112759 -7.882583e-17 -0.01831649 -0.00112759 -0.00545 -0.01831649 -0.001199461 -7.882583e-17 -0.01824897 -0.001199461 -0.00545 -0.01824897 -0.001267296 -0.00545 -0.01817739 -0.001267296 -7.882583e-17 -0.01817739 -0.001330867 -0.00545 -0.018102 -0.001330867 -7.882583e-17 -0.018102 -0.001389959 -0.00545 -0.01802305 -0.001389959 -7.882583e-17 -0.01802305 -0.001444374 -7.882583e-17 -0.01794081 -0.001444374 -0.00545 -0.01794081 -0.001493928 -7.882583e-17 -0.01785555 -0.001493928 -0.00545 -0.01785555 -0.001538456 -7.882583e-17 -0.01776756 -0.001538456 -0.00545 -0.01776756 -0.001577807 -0.00545 -0.01767714 -0.001577807 -7.882583e-17 -0.01767714 -0.001611849 -0.00545 -0.01758459 -0.001611849 -7.882583e-17 -0.01758459 0.004328313 0 -0.0076027 0.004328313 -0.00545 -0.0076027 0.00441648 0 -0.005689696 0.004448307 -2.997602e-17 -0.005901798 0.00441648 -0.00545 -0.005689696 0.004448307 -0.00545 -0.005901798 0.00446976 -2.997602e-17 -0.0061152 0.00446976 -0.00545 -0.0061152 0.004480789 -2.997602e-17 -0.006329392 0.004480789 -0.00545 -0.006329392 0.004481367 -2.997602e-17 -0.006543868 0.004481367 -0.00545 -0.006543868 0.004471492 -2.997602e-17 -0.006758118 0.004471492 -0.00545 -0.006758118 0.004451189 -2.997602e-17 -0.006971631 0.004451189 -0.00545 -0.006971631 0.004420506 -2.997602e-17 -0.007183902 0.004420506 -0.00545 -0.007183902 0.004379515 -2.997602e-17 -0.007394425 0.004379515 -0.00545 -0.007394425 0.00440408 -0.00545 -0.00559466 0.00440408 -2.775558e-17 -0.00559466 0.004400001 -0.00545 -0.005498906 0.004400001 -2.775558e-17 -0.005498906 0.004404271 -0.00545 -0.00540316 0.004404271 -2.775558e-17 -0.00540316 0.00441686 -0.00545 -0.005308149 0.00441686 -2.775558e-17 -0.005308149 0.004437671 -0.00545 -0.005214595 0.004437671 -2.775558e-17 -0.005214595 0.004466546 -0.00545 -0.005123207 0.004466546 -2.775558e-17 -0.005123207 0.004503267 -0.00545 -0.005034679 0.004503267 -2.775558e-17 -0.005034679 0.004547554 -2.775558e-17 -0.004949684 0.004547554 -0.00545 -0.004949684 0.004599072 -2.775558e-17 -0.004868867 0.004599072 -0.00545 -0.004868867 0.004657429 -2.775558e-17 -0.00479284 0.004657429 -0.00545 -0.00479284 0.004722183 -2.775558e-17 -0.004722183 0.004722183 -0.00545 -0.004722183 0.00479284 -2.775558e-17 -0.004657429 0.00479284 -0.00545 -0.004657429 0.004868867 -2.775558e-17 -0.004599072 0.004868867 -0.00545 -0.004599072 0.004949684 -2.775558e-17 -0.004547554 0.004949684 -0.00545 -0.004547554 0.005034679 -2.775558e-17 -0.004503267 0.005034679 -0.00545 -0.004503267 0.005123207 -2.775558e-17 -0.004466546 0.005123207 -0.00545 -0.004466546 0.005214595 -2.775558e-17 -0.004437671 0.005214595 -0.00545 -0.004437671 0.005308149 -2.775558e-17 -0.00441686 0.005308149 -0.00545 -0.00441686 0.00540316 -2.775558e-17 -0.004404271 0.00540316 -0.00545 -0.004404271 0.005498906 -2.775558e-17 -0.004400001 0.005498906 -0.00545 -0.004400001 0.00559466 -2.775558e-17 -0.00440408 0.00559466 -0.00545 -0.00440408 0.005689696 0 -0.00441648 0.005689696 -0.00545 -0.00441648 0.007394425 -2.220446e-18 -0.004379515 0.007394425 -0.00545 -0.004379515 0.007183902 -2.220446e-18 -0.004420506 0.007183902 -0.00545 -0.004420506 0.006971631 -2.220446e-18 -0.004451189 0.006971631 -0.00545 -0.004451189 0.006758118 -2.220446e-18 -0.004471492 0.006758118 -0.00545 -0.004471492 0.006543868 -2.220446e-18 -0.004481367 0.006543868 -0.00545 -0.004481367 0.006329392 -2.220446e-18 -0.004480789 0.006329392 -0.00545 -0.004480789 0.0061152 -2.220446e-18 -0.00446976 0.0061152 -0.00545 -0.00446976 0.005901798 -2.220446e-18 -0.004448307 0.005901798 -0.00545 -0.004448307 -0.03990335 -0.009 0.05003722 -0.0373596 -0.009 0.05196403 -0.04234789 -0.009 0.047986 -0.03472296 -0.009 0.05376166 -0.04468716 -0.009 0.04581548 -0.032 -0.009 0.05542562 -0.04691532 -0.009 0.04353106 -0.02919748 -0.009 0.0569518 -0.04902684 -0.009 0.04113841 -0.02632237 -0.009 0.05833638 -0.05101648 -0.009 0.03864348 -0.02338183 -0.009 0.05957592 -0.02038315 -0.009 0.06066735 -0.05897448 -0.009 0.02485983 -0.05766201 -0.009 0.02776856 -0.06014033 -0.009 0.02188929 -0.05620618 -0.009 0.03060826 -0.06115666 -0.009 0.01886433 -0.05461061 -0.009 0.03337185 -0.06202095 -0.009 0.01579247 -0.05287928 -0.009 0.03605248 -0.06273104 -0.009 0.01268135 -0.06328517 -0.009 0.009538705 -0.06368197 -0.009 0.006372342 -0.06392044 -0.009 0.003190137 -0.064 -0.009 7.83774e-18 -0.01111348 -0.009 0.06302769 -0.007957997 -0.009 0.06350331 -0.01424134 -0.009 0.06239539 -0.004782726 -0.009 0.06382104 -0.01733379 -0.009 0.06160795 -0.001595564 -0.009 0.06398011 0.001595564 -0.009 0.06398011 0.004782726 -0.009 0.06382104 0.007957997 -0.009 0.06350331 0.01111348 -0.009 0.06302769 0.01424134 -0.009 0.06239539 0.01733379 -0.009 0.06160795 0.02038315 -0.009 0.06066735 -0.06368197 -0.009 -0.006372342 -0.06392044 -0.009 -0.003190137 -0.06328517 -0.009 -0.009538705 -0.06273104 -0.009 -0.01268135 -0.06202095 -0.009 -0.01579247 -0.06115666 -0.009 -0.01886433 -0.06014033 -0.009 -0.02188929 -0.05897448 -0.009 -0.02485983 -0.05766201 -0.009 -0.02776856 -0.05620618 -0.009 -0.03060826 -0.05461061 -0.009 -0.03337185 -0.05287928 -0.009 -0.03605248 -0.05101648 -0.009 -0.03864348 0.02338183 -0.009 0.05957592 0.02632237 -0.009 0.05833638 0.02919748 -0.009 0.0569518 0.032 -0.009 0.05542562 0.03472296 -0.009 0.05376166 0.0373596 -0.009 0.05196403 0.03990335 -0.009 0.05003722 0.04234789 -0.009 0.047986 0.04468716 -0.009 0.04581548 0.04691532 -0.009 0.04353106 -0.04902684 -0.009 -0.04113841 0.04902684 -0.009 0.04113841 -0.04691532 -0.009 -0.04353106 -0.04468716 -0.009 -0.04581548 -0.04234789 -0.009 -0.047986 -0.03990335 -0.009 -0.05003722 0.05101648 -0.009 0.03864348 -0.0373596 -0.009 -0.05196403 -0.03472296 -0.009 -0.05376166 -0.032 -0.009 -0.05542562 0.05287928 -0.009 0.03605248 0.05461061 -0.009 0.03337185 0.05620618 -0.009 0.03060826 -0.02919748 -0.009 -0.0569518 0.05766201 -0.009 0.02776856 -0.02632237 -0.009 -0.05833638 0.05897448 -0.009 0.02485983 -0.02338183 -0.009 -0.05957592 0.06014033 -0.009 0.02188929 -0.02038315 -0.009 -0.06066735 0.06115666 -0.009 0.01886433 -0.01733379 -0.009 -0.06160795 0.06202095 -0.009 0.01579247 -0.01424134 -0.009 -0.06239539 0.06273104 -0.009 0.01268135 -0.01111348 -0.009 -0.06302769 0.06328517 -0.009 0.009538705 -0.007957997 -0.009 -0.06350331 0.06368197 -0.009 0.006372342 -0.004782726 -0.009 -0.06382104 0.06392044 -0.009 0.003190137 -0.001595564 -0.009 -0.06398011 0.064 -0.009 7.801324e-16 0.001595564 -0.009 -0.06398011 0.06392044 -0.009 -0.003190137 0.004782726 -0.009 -0.06382104 0.06368197 -0.009 -0.006372342 0.007957997 -0.009 -0.06350331 0.06328517 -0.009 -0.009538705 0.01111348 -0.009 -0.06302769 0.06273104 -0.009 -0.01268135 0.01424134 -0.009 -0.06239539 0.06202095 -0.009 -0.01579247 0.01733379 -0.009 -0.06160795 0.06115666 -0.009 -0.01886433 0.02038315 -0.009 -0.06066735 0.06014033 -0.009 -0.02188929 0.02338183 -0.009 -0.05957592 0.05897448 -0.009 -0.02485983 0.02632237 -0.009 -0.05833638 0.05766201 -0.009 -0.02776856 0.02919748 -0.009 -0.0569518 0.05620618 -0.009 -0.03060826 0.032 -0.009 -0.05542562 0.05461061 -0.009 -0.03337185 0.03472296 -0.009 -0.05376166 0.05287928 -0.009 -0.03605248 0.0373596 -0.009 -0.05196403 0.05101648 -0.009 -0.03864348 0.03990335 -0.009 -0.05003722 0.04902684 -0.009 -0.04113841 0.04234789 -0.009 -0.047986 0.04691532 -0.009 -0.04353106 0.04468716 -0.009 -0.04581548 0.05472396 0.12 0.004607358 0.05416476 0.12 0.006954695 0.05416476 0 0.006954695 0.05472396 0 0.004607358 0.05516927 0 0.002235775 0.05516927 0.12 0.002235775 0.05549964 0 -0.0001545304 0.05549964 0.12 -0.0001545304 0.05571429 0.12 -0.002557992 0.05571429 0 -0.002557992 0.05581274 0.12 -0.00496901 0.05581274 0 -0.00496901 0.05579476 0.12 -0.00738197 0.05579476 0 -0.00738197 0.05566037 0 -0.009791253 0.05566037 0.12 -0.009791253 0.0554099 0.12 -0.01219125 0.0554099 0 -0.01219125 0.05504394 0.12 -0.01457636 0.05504394 0 -0.01457636 0.05456332 0.12 -0.01694104 0.05456332 0 -0.01694104 0.05396918 0.12 -0.01927978 0.05396918 0 -0.01927978 0.0532629 0.12 -0.02158713 0.0532629 0 -0.02158713 0.00280464 0.12 -0.05992989 1.268716e-17 0.12 -0.06 1.083812e-17 0.12 -0.059 0.005602274 0.12 -0.05971974 0.01026392 0.12 -0.05701814 0.01114861 0.12 -0.05888175 0.008385914 0.12 -0.05937007 0.01287161 0.12 -0.05644759 0.01388345 0.12 -0.05825601 0.015448 0.12 -0.0557492 0.01658361 0.12 -0.05749441 0.01798684 0.12 -0.05492467 0.01924235 0.12 -0.05659885 0.02048195 0.12 -0.05397599 0.02185302 0.12 -0.05557156 0.02292727 0.12 -0.05290548 0.02440911 0.12 -0.05441512 0.02531684 0.12 -0.05171573 0.02690422 0.12 -0.05313242 0.02764487 0.12 -0.05040965 0.02933212 0.12 -0.05172665 0.02990568 0.12 -0.04899039 0.03168676 0.12 -0.05020132 0.03209379 0.12 -0.04746143 0.03396224 0.12 -0.04856026 0.03420387 0.12 -0.04582647 0.03615289 0.12 -0.04680755 0.0362308 0.12 -0.04408948 0.03825323 0.12 -0.04494758 0.03816965 0.12 -0.0422547 0.04025801 0.12 -0.04298499 0.04001569 0.12 -0.04032657 0.04216224 0.12 -0.04092469 0.04176446 0.12 -0.03830979 0.04396114 0.12 -0.03877181 0.04341168 0.12 -0.03620927 0.04565023 0.12 -0.03653175 0.04495337 0.12 -0.0340301 0.04722529 0.12 -0.03421008 0.04638577 0.12 -0.03177759 0.04868238 0.12 -0.03181263 0.04770539 0.12 -0.02945721 0.05001787 0.12 -0.02934536 0.04890903 0.12 -0.02707461 0.05122841 0.12 -0.02681445 0.04999377 0.12 -0.02463557 0.05231099 0.12 -0.02422622 0.05095697 0.12 -0.02214603 0.05179627 0.12 -0.01961204 0.05250966 0.12 -0.01703976 0.05309538 0.12 -0.01443544 0.05355202 0.12 -0.01180541 0.05387847 0.12 -0.009156071 0.05407393 0.12 -0.006493862 0.05413792 0.12 -0.003825255 0.05407029 0.12 -0.001156737 0.05387122 0.12 0.001505203 0.05354117 0.12 0.004154095 0.05308095 0.12 0.006783498 0.05345848 0.12 0.009631127 0.05249169 0.12 0.009387019 0.05231099 0 -0.02422622 0.05122841 0 -0.02681445 0.05001787 0 -0.02934536 0.04868238 0 -0.03181263 0.04722529 0 -0.03421008 0.04565023 0 -0.03653175 0.04396114 0 -0.03877181 0.04216224 0 -0.04092469 0.04025801 0 -0.04298499 0.03825323 0 -0.04494758 0.03615289 0 -0.04680755 0.03396224 0 -0.04856026 0.03168676 0 -0.05020132 0.02933212 0 -0.05172665 0.02690422 0 -0.05313242 0.02440911 0 -0.05441512 0.02185302 0 -0.05557156 0.01924235 0 -0.05659885 0.01658361 0 -0.05749441 0.01388345 0 -0.05825601 0.01114861 0 -0.05888175 0.008385914 0 -0.05937007 0.005602274 0 -0.05971974 0.00280464 0 -0.05992989 1.268716e-17 0 -0.06 1.083812e-17 0 -0.059 0.05345848 0 0.009631127 0.05249169 0 0.009387019 0.05308095 0 0.006783498 0.05354117 0 0.004154095 0.05387122 0 0.001505203 0.05407029 0 -0.001156737 0.05413792 0 -0.003825255 0.05407393 0 -0.006493862 0.05387847 0 -0.009156071 0.05355202 0 -0.01180541 0.05309538 0 -0.01443544 0.05250966 0 -0.01703976 0.05179627 0 -0.01961204 0.05095697 0 -0.02214603 0.04999377 0 -0.02463557 0.04890903 0 -0.02707461 0.04770539 0 -0.02945721 0.04638577 0 -0.03177759 0.04495337 0 -0.0340301 0.04341168 0 -0.03620927 0.04176446 0 -0.03830979 0.04001569 0 -0.04032657 0.03816965 0 -0.0422547 0.0362308 0 -0.04408948 0.03420387 0 -0.04582647 0.03209379 0 -0.04746143 0.02990568 0 -0.04899039 0.02764487 0 -0.05040965 0.02531684 0 -0.05171573 0.02292727 0 -0.05290548 0.02048195 0 -0.05397599 0.01798684 0 -0.05492467 0.015448 0 -0.0557492 0.01287161 0 -0.05644759 0.01026392 0 -0.05701814 -0.004607358 0.12 0.05472396 -0.006954695 0.12 0.05416476 -0.006954695 0 0.05416476 -0.004607358 0 0.05472396 -0.002235775 0.12 0.05516927 -0.002235775 0 0.05516927 0.0001545304 0 0.05549964 0.0001545304 0.12 0.05549964 0.002557992 0 0.05571429 0.002557992 0.12 0.05571429 0.00496901 0.12 0.05581274 0.00496901 0 0.05581274 0.00738197 0.12 0.05579476 0.00738197 0 0.05579476 0.009791253 0.12 0.05566037 0.009791253 0 0.05566037 0.01219125 0.12 0.0554099 0.01219125 0 0.0554099 0.01457636 0.12 0.05504394 0.01457636 0 0.05504394 0.01694104 0.12 0.05456332 0.01694104 0 0.05456332 0.01927978 0.12 0.05396918 0.01927978 0 0.05396918 0.02158713 0.12 0.0532629 0.02158713 0 0.0532629 0.05992989 0.12 0.00280464 0.06 0.12 9.013215e-18 0.059 0.12 7.225416e-18 0.05971974 0.12 0.005602274 0.05701814 0.12 0.01026392 0.05888175 0.12 0.01114861 0.05937007 0.12 0.008385914 0.05644759 0.12 0.01287161 0.05825601 0.12 0.01388345 0.0557492 0.12 0.015448 0.05749441 0.12 0.01658361 0.05492467 0.12 0.01798684 0.05659885 0.12 0.01924235 0.05397599 0.12 0.02048195 0.05557156 0.12 0.02185302 0.05290548 0.12 0.02292727 0.05441512 0.12 0.02440911 0.05171573 0.12 0.02531684 0.05313242 0.12 0.02690422 0.05040965 0.12 0.02764487 0.05172665 0.12 0.02933212 0.04899039 0.12 0.02990568 0.05020132 0.12 0.03168676 0.04746143 0.12 0.03209379 0.04856026 0.12 0.03396224 0.04582647 0.12 0.03420387 0.04680755 0.12 0.03615289 0.04408948 0.12 0.0362308 0.04494758 0.12 0.03825323 0.0422547 0.12 0.03816965 0.04298499 0.12 0.04025801 0.04032657 0.12 0.04001569 0.04092469 0.12 0.04216224 0.03830979 0.12 0.04176446 0.03877181 0.12 0.04396114 0.03620927 0.12 0.04341168 0.03653175 0.12 0.04565023 0.0340301 0.12 0.04495337 0.03421008 0.12 0.04722529 0.03177759 0.12 0.04638577 0.03181263 0.12 0.04868238 0.02945721 0.12 0.04770539 0.02934536 0.12 0.05001787 0.02707461 0.12 0.04890903 0.02681445 0.12 0.05122841 0.02463557 0.12 0.04999377 0.02422622 0.12 0.05231099 0.02214603 0.12 0.05095697 0.01961204 0.12 0.05179627 0.01703976 0.12 0.05250966 0.01443544 0.12 0.05309538 0.01180541 0.12 0.05355202 0.009156071 0.12 0.05387847 0.006493862 0.12 0.05407393 0.003825255 0.12 0.05413792 0.001156737 0.12 0.05407029 -0.001505203 0.12 0.05387122 -0.004154095 0.12 0.05354117 -0.006783498 0.12 0.05308095 -0.009631127 0.12 0.05345848 -0.009387019 0.12 0.05249169 0.02422622 0 0.05231099 0.02681445 0 0.05122841 0.02934536 0 0.05001787 0.03181263 0 0.04868238 0.03421008 0 0.04722529 0.03653175 0 0.04565023 0.03877181 0 0.04396114 0.04092469 0 0.04216224 0.04298499 0 0.04025801 0.04494758 0 0.03825323 0.04680755 0 0.03615289 0.04856026 0 0.03396224 0.05020132 0 0.03168676 0.05172665 0 0.02933212 0.05313242 0 0.02690422 0.05441512 0 0.02440911 0.05557156 0 0.02185302 0.05659885 0 0.01924235 0.05749441 0 0.01658361 0.05825601 0 0.01388345 0.05888175 0 0.01114861 0.05937007 0 0.008385914 0.05971974 0 0.005602274 0.05992989 0 0.00280464 0.06 0 9.013215e-18 0.059 0 7.225416e-18 -0.009631127 0 0.05345848 -0.009387019 0 0.05249169 -0.006783498 0 0.05308095 -0.004154095 0 0.05354117 -0.001505203 0 0.05387122 0.001156737 0 0.05407029 0.003825255 0 0.05413792 0.006493862 0 0.05407393 0.009156071 0 0.05387847 0.01180541 0 0.05355202 0.01443544 0 0.05309538 0.01703976 0 0.05250966 0.01961204 0 0.05179627 0.02214603 0 0.05095697 0.02463557 0 0.04999377 0.02707461 0 0.04890903 0.02945721 0 0.04770539 0.03177759 0 0.04638577 0.0340301 0 0.04495337 0.03620927 0 0.04341168 0.03830979 0 0.04176446 0.04032657 0 0.04001569 0.0422547 0 0.03816965 0.04408948 0 0.0362308 0.04582647 0 0.03420387 0.04746143 0 0.03209379 0.04899039 0 0.02990568 0.05040965 0 0.02764487 0.05171573 0 0.02531684 0.05290548 0 0.02292727 0.05397599 0 0.02048195 0.05492467 0 0.01798684 0.0557492 0 0.015448 0.05644759 0 0.01287161 0.05701814 0 0.01026392 -0.05416476 0.12 -0.006954695 -0.05416476 0 -0.006954695 -0.05472396 0 -0.004607358 -0.05472396 0.12 -0.004607358 -0.05516927 0.12 -0.002235775 -0.05516927 0 -0.002235775 -0.05549964 0.12 0.0001545304 -0.05549964 0 0.0001545304 -0.05571429 0 0.002557992 -0.05571429 0.12 0.002557992 -0.05581274 0.12 0.00496901 -0.05581274 0 0.00496901 -0.05579476 0.12 0.00738197 -0.05579476 0 0.00738197 -0.05566037 0.12 0.009791253 -0.05566037 0 0.009791253 -0.0554099 0.12 0.01219125 -0.0554099 0 0.01219125 -0.05504394 0 0.01457636 -0.05504394 0.12 0.01457636 -0.05456332 0 0.01694104 -0.05456332 0.12 0.01694104 -0.05396918 0.12 0.01927978 -0.05396918 0 0.01927978 -0.0532629 0.12 0.02158713 -0.0532629 0 0.02158713 -0.00280464 0.12 0.05992989 -5.339275e-18 0.12 0.06 -3.612708e-18 0.12 0.059 -0.005602274 0.12 0.05971974 -0.01026392 0.12 0.05701814 -0.01114861 0.12 0.05888175 -0.008385914 0.12 0.05937007 -0.01287161 0.12 0.05644759 -0.01388345 0.12 0.05825601 -0.015448 0.12 0.0557492 -0.01658361 0.12 0.05749441 -0.01798684 0.12 0.05492467 -0.01924235 0.12 0.05659885 -0.02048195 0.12 0.05397599 -0.02185302 0.12 0.05557156 -0.02292727 0.12 0.05290548 -0.02440911 0.12 0.05441512 -0.02531684 0.12 0.05171573 -0.02690422 0.12 0.05313242 -0.02764487 0.12 0.05040965 -0.02933212 0.12 0.05172665 -0.02990568 0.12 0.04899039 -0.03168676 0.12 0.05020132 -0.03209379 0.12 0.04746143 -0.03396224 0.12 0.04856026 -0.03420387 0.12 0.04582647 -0.03615289 0.12 0.04680755 -0.0362308 0.12 0.04408948 -0.03825323 0.12 0.04494758 -0.03816965 0.12 0.0422547 -0.04025801 0.12 0.04298499 -0.04001569 0.12 0.04032657 -0.04216224 0.12 0.04092469 -0.04176446 0.12 0.03830979 -0.04396114 0.12 0.03877181 -0.04341168 0.12 0.03620927 -0.04565023 0.12 0.03653175 -0.04495337 0.12 0.0340301 -0.04722529 0.12 0.03421008 -0.04638577 0.12 0.03177759 -0.04868238 0.12 0.03181263 -0.04770539 0.12 0.02945721 -0.05001787 0.12 0.02934536 -0.04890903 0.12 0.02707461 -0.05122841 0.12 0.02681445 -0.04999377 0.12 0.02463557 -0.05231099 0.12 0.02422622 -0.05095697 0.12 0.02214603 -0.05179627 0.12 0.01961204 -0.05250966 0.12 0.01703976 -0.05309538 0.12 0.01443544 -0.05355202 0.12 0.01180541 -0.05387847 0.12 0.009156071 -0.05407393 0.12 0.006493862 -0.05413792 0.12 0.003825255 -0.05407029 0.12 0.001156737 -0.05387122 0.12 -0.001505203 -0.05354117 0.12 -0.004154095 -0.05308095 0.12 -0.006783498 -0.05345848 0.12 -0.009631127 -0.05249169 0.12 -0.009387019 -0.05231099 0 0.02422622 -0.05122841 0 0.02681445 -0.05001787 0 0.02934536 -0.04868238 0 0.03181263 -0.04722529 0 0.03421008 -0.04565023 0 0.03653175 -0.04396114 0 0.03877181 -0.04216224 0 0.04092469 -0.04025801 0 0.04298499 -0.03825323 0 0.04494758 -0.03615289 0 0.04680755 -0.03396224 0 0.04856026 -0.03168676 0 0.05020132 -0.02933212 0 0.05172665 -0.02690422 0 0.05313242 -0.02440911 0 0.05441512 -0.02185302 0 0.05557156 -0.01924235 0 0.05659885 -0.01658361 0 0.05749441 -0.01388345 0 0.05825601 -0.01114861 0 0.05888175 -0.008385914 0 0.05937007 -0.005602274 0 0.05971974 -0.00280464 0 0.05992989 -5.339275e-18 0 0.06 -3.612708e-18 0 0.059 -0.05345848 0 -0.009631127 -0.05249169 0 -0.009387019 -0.05308095 0 -0.006783498 -0.05354117 0 -0.004154095 -0.05387122 0 -0.001505203 -0.05407029 0 0.001156737 -0.05413792 0 0.003825255 -0.05407393 0 0.006493862 -0.05387847 0 0.009156071 -0.05355202 0 0.01180541 -0.05309538 0 0.01443544 -0.05250966 0 0.01703976 -0.05179627 0 0.01961204 -0.05095697 0 0.02214603 -0.04999377 0 0.02463557 -0.04890903 0 0.02707461 -0.04770539 0 0.02945721 -0.04638577 0 0.03177759 -0.04495337 0 0.0340301 -0.04341168 0 0.03620927 -0.04176446 0 0.03830979 -0.04001569 0 0.04032657 -0.03816965 0 0.0422547 -0.0362308 0 0.04408948 -0.03420387 0 0.04582647 -0.03209379 0 0.04746143 -0.02990568 0 0.04899039 -0.02764487 0 0.05040965 -0.02531684 0 0.05171573 -0.02292727 0 0.05290548 -0.02048195 0 0.05397599 -0.01798684 0 0.05492467 -0.015448 0 0.0557492 -0.01287161 0 0.05644759 -0.01026392 0 0.05701814 0.006954695 0.12 -0.05416476 0.006954695 0 -0.05416476 0.004607358 0 -0.05472396 0.004607358 0.12 -0.05472396 0.002235775 0.12 -0.05516927 0.002235775 0 -0.05516927 -0.0001545304 0.12 -0.05549964 -0.0001545304 0 -0.05549964 -0.002557992 0 -0.05571429 -0.002557992 0.12 -0.05571429 -0.00496901 0.12 -0.05581274 -0.00496901 0 -0.05581274 -0.00738197 0.12 -0.05579476 -0.00738197 0 -0.05579476 -0.009791253 0.12 -0.05566037 -0.009791253 0 -0.05566037 -0.01219125 0.12 -0.0554099 -0.01219125 0 -0.0554099 -0.01457636 0 -0.05504394 -0.01457636 0.12 -0.05504394 -0.01694104 0 -0.05456332 -0.01694104 0.12 -0.05456332 -0.01927978 0.12 -0.05396918 -0.01927978 0 -0.05396918 -0.02158713 0 -0.0532629 -0.02158713 0.12 -0.0532629 -0.05992989 0.12 -0.00280464 -0.06 0.12 -1.665335e-18 -0.059 0.12 0 -0.05971974 0.12 -0.005602274 -0.05701814 0.12 -0.01026392 -0.05888175 0.12 -0.01114861 -0.05937007 0.12 -0.008385914 -0.05644759 0.12 -0.01287161 -0.05825601 0.12 -0.01388345 -0.0557492 0.12 -0.015448 -0.05749441 0.12 -0.01658361 -0.05492467 0.12 -0.01798684 -0.05659885 0.12 -0.01924235 -0.05397599 0.12 -0.02048195 -0.05557156 0.12 -0.02185302 -0.05290548 0.12 -0.02292727 -0.05441512 0.12 -0.02440911 -0.05171573 0.12 -0.02531684 -0.05313242 0.12 -0.02690422 -0.05040965 0.12 -0.02764487 -0.05172665 0.12 -0.02933212 -0.04899039 0.12 -0.02990568 -0.05020132 0.12 -0.03168676 -0.04746143 0.12 -0.03209379 -0.04856026 0.12 -0.03396224 -0.04582647 0.12 -0.03420387 -0.04680755 0.12 -0.03615289 -0.04408948 0.12 -0.0362308 -0.04494758 0.12 -0.03825323 -0.0422547 0.12 -0.03816965 -0.04298499 0.12 -0.04025801 -0.04032657 0.12 -0.04001569 -0.04092469 0.12 -0.04216224 -0.03830979 0.12 -0.04176446 -0.03877181 0.12 -0.04396114 -0.03620927 0.12 -0.04341168 -0.03653175 0.12 -0.04565023 -0.0340301 0.12 -0.04495337 -0.03421008 0.12 -0.04722529 -0.03177759 0.12 -0.04638577 -0.03181263 0.12 -0.04868238 -0.02945721 0.12 -0.04770539 -0.02934536 0.12 -0.05001787 -0.02707461 0.12 -0.04890903 -0.02681445 0.12 -0.05122841 -0.02463557 0.12 -0.04999377 -0.02422622 0.12 -0.05231099 -0.02214603 0.12 -0.05095697 -0.01961204 0.12 -0.05179627 -0.01703976 0.12 -0.05250966 -0.01443544 0.12 -0.05309538 -0.01180541 0.12 -0.05355202 -0.009156071 0.12 -0.05387847 -0.006493862 0.12 -0.05407393 -0.003825255 0.12 -0.05413792 -0.001156737 0.12 -0.05407029 0.001505203 0.12 -0.05387122 0.004154095 0.12 -0.05354117 0.006783498 0.12 -0.05308095 0.009631127 0.12 -0.05345848 0.009387019 0.12 -0.05249169 -0.02422622 0 -0.05231099 -0.02681445 0 -0.05122841 -0.02934536 0 -0.05001787 -0.03181263 0 -0.04868238 -0.03421008 0 -0.04722529 -0.03653175 0 -0.04565023 -0.03877181 0 -0.04396114 -0.04092469 0 -0.04216224 -0.04298499 0 -0.04025801 -0.04494758 0 -0.03825323 -0.04680755 0 -0.03615289 -0.04856026 0 -0.03396224 -0.05020132 0 -0.03168676 -0.05172665 0 -0.02933212 -0.05313242 0 -0.02690422 -0.05441512 0 -0.02440911 -0.05557156 0 -0.02185302 -0.05659885 0 -0.01924235 -0.05749441 0 -0.01658361 -0.05825601 0 -0.01388345 -0.05888175 0 -0.01114861 -0.05937007 0 -0.008385914 -0.05971974 0 -0.005602274 -0.05992989 0 -0.00280464 -0.06 0 -1.665335e-18 -0.059 0 0 0.009631127 0 -0.05345848 0.009387019 0 -0.05249169 0.006783498 0 -0.05308095 0.004154095 0 -0.05354117 0.001505203 0 -0.05387122 -0.001156737 0 -0.05407029 -0.003825255 0 -0.05413792 -0.006493862 0 -0.05407393 -0.009156071 0 -0.05387847 -0.01180541 0 -0.05355202 -0.01443544 0 -0.05309538 -0.01703976 0 -0.05250966 -0.01961204 0 -0.05179627 -0.02214603 0 -0.05095697 -0.02463557 0 -0.04999377 -0.02707461 0 -0.04890903 -0.02945721 0 -0.04770539 -0.03177759 0 -0.04638577 -0.0340301 0 -0.04495337 -0.03620927 0 -0.04341168 -0.03830979 0 -0.04176446 -0.04032657 0 -0.04001569 -0.0422547 0 -0.03816965 -0.04408948 0 -0.0362308 -0.04582647 0 -0.03420387 -0.04746143 0 -0.03209379 -0.04899039 0 -0.02990568 -0.05040965 0 -0.02764487 -0.05171573 0 -0.02531684 -0.05290548 0 -0.02292727 -0.05397599 0 -0.02048195 -0.05492467 0 -0.01798684 -0.0557492 0 -0.015448 -0.05644759 0 -0.01287161 -0.05701814 0 -0.01026392 -0.062 0.003 7.59281e-18 -0.06192293 0.003 0.003090445 -0.062 0 7.59281e-18 -0.06192293 0 0.003090445 -0.06169191 0.003 0.006173206 -0.06169191 0 0.006173206 -0.06130751 0.003 0.009240621 -0.06130751 0 0.009240621 -0.06077069 0.003 0.01228506 -0.06077069 0 0.01228506 -0.06008279 0.003 0.01529896 -0.06008279 0 0.01529896 -0.05924551 0.003 0.01827482 -0.05924551 0 0.01827482 -0.05826094 0.003 0.02120525 -0.05826094 0 0.02120525 -0.05713153 0.003 0.02408296 -0.05713153 0 0.02408296 -0.05586007 0.003 0.02690079 -0.05586007 0 0.02690079 -0.05444974 0.003 0.02965175 -0.05444974 0 0.02965175 -0.05290403 0.003 0.03232898 -0.05290403 0 0.03232898 -0.0512268 0.003 0.03492584 -0.0512268 0 0.03492584 -0.04942221 0.003 0.03743587 -0.04942221 0 0.03743587 -0.04749475 0.003 0.03985283 -0.04749475 0 0.03985283 -0.04544921 0.003 0.04217071 -0.04544921 0 0.04217071 -0.04329068 0.003 0.04438374 -0.04329068 0 0.04438374 -0.04102452 0.003 0.04648643 -0.04102452 0 0.04648643 -0.03865637 0.003 0.04847355 -0.03865637 0 0.04847355 -0.03619211 0.003 0.05034016 -0.03619211 0 0.05034016 -0.03363787 0.003 0.05208161 -0.03363787 0 0.05208161 -0.031 0.003 0.05369358 -0.031 0 0.05369358 -0.02828506 0.003 0.05517205 -0.02828506 0 0.05517205 -0.0254998 0.003 0.05651336 -0.0254998 0 0.05651336 -0.02265114 0.003 0.05771417 -0.02265114 0 0.05771417 -0.01974617 0.003 0.0587715 -0.01974617 0 0.0587715 -0.01679211 0.003 0.0596827 -0.01679211 0 0.0596827 -0.0137963 0.003 0.06044553 -0.0137963 0 0.06044553 -0.01076619 0.003 0.06105808 -0.01076619 0 0.06105808 -0.00770931 0.003 0.06151883 -0.00770931 0 0.06151883 -0.004633266 0.003 0.06182664 -0.004633266 0 0.06182664 -0.001545703 0.003 0.06198073 -0.001545703 0 0.06198073 0.001545703 0.003 0.06198073 0.001545703 0 0.06198073 0.004633266 0.003 0.06182664 0.004633266 0 0.06182664 0.00770931 0.003 0.06151883 0.00770931 0 0.06151883 0.01076619 0.003 0.06105808 0.01076619 0 0.06105808 0.0137963 0.003 0.06044553 0.0137963 0 0.06044553 0.01679211 0.003 0.0596827 0.01679211 0 0.0596827 0.01974617 0.003 0.0587715 0.01974617 0 0.0587715 0.02265114 0.003 0.05771417 0.02265114 0 0.05771417 0.0254998 0.003 0.05651336 0.0254998 0 0.05651336 0.02828506 0.003 0.05517205 0.02828506 0 0.05517205 0.031 0.003 0.05369358 0.031 0 0.05369358 0.03363787 0.003 0.05208161 0.03363787 0 0.05208161 0.03619211 0.003 0.05034016 0.03619211 0 0.05034016 0.03865637 0.003 0.04847355 0.03865637 0 0.04847355 0.04102452 0.003 0.04648643 0.04102452 0 0.04648643 0.04329068 0.003 0.04438374 0.04329068 0 0.04438374 0.04544921 0.003 0.04217071 0.04544921 0 0.04217071 0.04749475 0.003 0.03985283 0.04749475 0 0.03985283 0.04942221 0.003 0.03743587 0.04942221 0 0.03743587 0.0512268 0.003 0.03492584 0.0512268 0 0.03492584 0.05290403 0.003 0.03232898 0.05290403 0 0.03232898 0.05444974 0.003 0.02965175 0.05444974 0 0.02965175 0.05586007 0.003 0.02690079 0.05586007 0 0.02690079 0.05713153 0.003 0.02408296 0.05713153 0 0.02408296 0.05826094 0.003 0.02120525 0.05826094 0 0.02120525 0.05924551 0.003 0.01827482 0.05924551 0 0.01827482 0.06008279 0.003 0.01529896 0.06008279 0 0.01529896 0.06077069 0.003 0.01228506 0.06077069 0 0.01228506 0.06130751 0.003 0.009240621 0.06130751 0 0.009240621 0.06169191 0.003 0.006173206 0.06169191 0 0.006173206 0.06192293 0.003 0.003090445 0.06192293 0 0.003090445 0.062 0.003 7.557533e-16 0.062 0 -7.557533e-16 0.06192293 0.003 -0.003090445 0.06192293 0 -0.003090445 0.06169191 0.003 -0.006173206 0.06169191 0 -0.006173206 0.06130751 0.003 -0.009240621 0.06130751 0 -0.009240621 0.06077069 0.003 -0.01228506 0.06077069 0 -0.01228506 0.06008279 0.003 -0.01529896 0.06008279 0 -0.01529896 0.05924551 0.003 -0.01827482 0.05924551 0 -0.01827482 0.05826094 0.003 -0.02120525 0.05826094 0 -0.02120525 0.05713153 0.003 -0.02408296 0.05713153 0 -0.02408296 0.05586007 0.003 -0.02690079 0.05586007 0 -0.02690079 0.05444974 0.003 -0.02965175 0.05444974 0 -0.02965175 0.05290403 0.003 -0.03232898 0.05290403 0 -0.03232898 0.0512268 0.003 -0.03492584 0.0512268 0 -0.03492584 0.04942221 0.003 -0.03743587 0.04942221 0 -0.03743587 0.04749475 0.003 -0.03985283 0.04749475 0 -0.03985283 0.04544921 0.003 -0.04217071 0.04544921 0 -0.04217071 0.04329068 0.003 -0.04438374 0.04329068 0 -0.04438374 0.04102452 0.003 -0.04648643 0.04102452 0 -0.04648643 0.03865637 0.003 -0.04847355 0.03865637 0 -0.04847355 0.03619211 0.003 -0.05034016 0.03619211 0 -0.05034016 0.03363787 0.003 -0.05208161 0.03363787 0 -0.05208161 0.031 0.003 -0.05369358 0.031 0 -0.05369358 0.02828506 0.003 -0.05517205 0.02828506 0 -0.05517205 0.0254998 0.003 -0.05651336 0.0254998 0 -0.05651336 0.02265114 0.003 -0.05771417 0.02265114 0 -0.05771417 0.01974617 0.003 -0.0587715 0.01974617 0 -0.0587715 0.01679211 0.003 -0.0596827 0.01679211 0 -0.0596827 0.0137963 0.003 -0.06044553 0.0137963 0 -0.06044553 0.01076619 0.003 -0.06105808 0.01076619 0 -0.06105808 0.00770931 0.003 -0.06151883 0.00770931 0 -0.06151883 0.004633266 0.003 -0.06182664 0.004633266 0 -0.06182664 0.001545703 0.003 -0.06198073 0.001545703 0 -0.06198073 -0.001545703 0.003 -0.06198073 -0.001545703 0 -0.06198073 -0.004633266 0.003 -0.06182664 -0.004633266 0 -0.06182664 -0.00770931 0.003 -0.06151883 -0.00770931 0 -0.06151883 -0.01076619 0.003 -0.06105808 -0.01076619 0 -0.06105808 -0.0137963 0.003 -0.06044553 -0.0137963 0 -0.06044553 -0.01679211 0.003 -0.0596827 -0.01679211 0 -0.0596827 -0.01974617 0.003 -0.0587715 -0.01974617 0 -0.0587715 -0.02265114 0.003 -0.05771417 -0.02265114 0 -0.05771417 -0.0254998 0.003 -0.05651336 -0.0254998 0 -0.05651336 -0.02828506 0.003 -0.05517205 -0.02828506 0 -0.05517205 -0.031 0.003 -0.05369358 -0.031 0 -0.05369358 -0.03363787 0.003 -0.05208161 -0.03363787 0 -0.05208161 -0.03619211 0.003 -0.05034016 -0.03619211 0 -0.05034016 -0.03865637 0.003 -0.04847355 -0.03865637 0 -0.04847355 -0.04102452 0.003 -0.04648643 -0.04102452 0 -0.04648643 -0.04329068 0.003 -0.04438374 -0.04329068 0 -0.04438374 -0.04544921 0.003 -0.04217071 -0.04544921 0 -0.04217071 -0.04749475 0 -0.03985283 -0.04749475 0.003 -0.03985283 -0.04942221 0.003 -0.03743587 -0.04942221 0 -0.03743587 -0.0512268 0.003 -0.03492584 -0.0512268 0 -0.03492584 -0.05290403 0.003 -0.03232898 -0.05290403 0 -0.03232898 -0.05444974 0.003 -0.02965175 -0.05444974 0 -0.02965175 -0.05586007 0.003 -0.02690079 -0.05586007 0 -0.02690079 -0.05713153 0.003 -0.02408296 -0.05713153 0 -0.02408296 -0.05826094 0.003 -0.02120525 -0.05826094 0 -0.02120525 -0.05924551 0.003 -0.01827482 -0.05924551 0 -0.01827482 -0.06008279 0.003 -0.01529896 -0.06008279 0 -0.01529896 -0.06077069 0.003 -0.01228506 -0.06077069 0 -0.01228506 -0.06130751 0.003 -0.009240621 -0.06130751 0 -0.009240621 -0.06169191 0.003 -0.006173206 -0.06169191 0 -0.006173206 -0.06192293 0.003 -0.003090445 -0.06192293 0 -0.003090445 -0.064 0.003 7.83774e-18 -0.06392044 0.003 0.003190137 -0.06368197 0.003 0.006372342 -0.06328517 0.003 0.009538705 -0.06273104 0.003 0.01268135 -0.06202095 0.003 0.01579247 -0.06115666 0.003 0.01886433 -0.06014033 0.003 0.02188929 -0.05897448 0.003 0.02485983 -0.05766201 0.003 0.02776856 -0.05620618 0.003 0.03060826 -0.05461061 0.003 0.03337185 -0.05287928 0.003 0.03605248 -0.05101648 0.003 0.03864348 -0.04902684 0.003 0.04113841 -0.04691532 0.003 0.04353106 -0.04468716 0.003 0.04581548 -0.04234789 0.003 0.047986 -0.03990335 0.003 0.05003722 -0.0373596 0.003 0.05196403 -0.03472296 0.003 0.05376166 -0.032 0.003 0.05542562 -0.02919748 0.003 0.0569518 -0.02632237 0.003 0.05833638 -0.02338183 0.003 0.05957592 -0.02038315 0.003 0.06066735 -0.01733379 0.003 0.06160795 -0.01424134 0.003 0.06239539 -0.01111348 0.003 0.06302769 -0.007957997 0.003 0.06350331 -0.004782726 0.003 0.06382104 -0.001595564 0.003 0.06398011 0.001595564 0.003 0.06398011 0.004782726 0.003 0.06382104 0.007957997 0.003 0.06350331 0.01111348 0.003 0.06302769 0.01424134 0.003 0.06239539 0.01733379 0.003 0.06160795 0.02038315 0.003 0.06066735 0.02338183 0.003 0.05957592 0.02632237 0.003 0.05833638 0.02919748 0.003 0.0569518 0.032 0.003 0.05542562 0.03472296 0.003 0.05376166 0.0373596 0.003 0.05196403 0.03990335 0.003 0.05003722 0.04234789 0.003 0.047986 0.04468716 0.003 0.04581548 0.04691532 0.003 0.04353106 0.04902684 0.003 0.04113841 0.05101648 0.003 0.03864348 0.05287928 0.003 0.03605248 0.05461061 0.003 0.03337185 0.05620618 0.003 0.03060826 0.05766201 0.003 0.02776856 0.05897448 0.003 0.02485983 0.06014033 0.003 0.02188929 0.06115666 0.003 0.01886433 0.06202095 0.003 0.01579247 0.06273104 0.003 0.01268135 0.06328517 0.003 0.009538705 0.06368197 0.003 0.006372342 0.06392044 0.003 0.003190137 0.064 0.003 -7.801324e-16 0.06392044 0.003 -0.003190137 0.06368197 0.003 -0.006372342 0.06328517 0.003 -0.009538705 0.06273104 0.003 -0.01268135 0.06202095 0.003 -0.01579247 0.06115666 0.003 -0.01886433 0.06014033 0.003 -0.02188929 0.05897448 0.003 -0.02485983 0.05766201 0.003 -0.02776856 0.05620618 0.003 -0.03060826 0.05461061 0.003 -0.03337185 0.05287928 0.003 -0.03605248 0.05101648 0.003 -0.03864348 0.04902684 0.003 -0.04113841 0.04691532 0.003 -0.04353106 0.04468716 0.003 -0.04581548 0.04234789 0.003 -0.047986 0.03990335 0.003 -0.05003722 0.0373596 0.003 -0.05196403 0.03472296 0.003 -0.05376166 0.032 0.003 -0.05542562 0.02919748 0.003 -0.0569518 0.02632237 0.003 -0.05833638 0.02338183 0.003 -0.05957592 0.02038315 0.003 -0.06066735 0.01733379 0.003 -0.06160795 0.01424134 0.003 -0.06239539 0.01111348 0.003 -0.06302769 0.007957997 0.003 -0.06350331 0.004782726 0.003 -0.06382104 0.001595564 0.003 -0.06398011 -0.001595564 0.003 -0.06398011 -0.004782726 0.003 -0.06382104 -0.007957997 0.003 -0.06350331 -0.01111348 0.003 -0.06302769 -0.01424134 0.003 -0.06239539 -0.01733379 0.003 -0.06160795 -0.02038315 0.003 -0.06066735 -0.02338183 0.003 -0.05957592 -0.02632237 0.003 -0.05833638 -0.02919748 0.003 -0.0569518 -0.032 0.003 -0.05542562 -0.03472296 0.003 -0.05376166 -0.0373596 0.003 -0.05196403 -0.03990335 0.003 -0.05003722 -0.04234789 0.003 -0.047986 -0.04468716 0.003 -0.04581548 -0.04691532 0.003 -0.04353106 -0.04902684 0.003 -0.04113841 -0.05101648 0.003 -0.03864348 -0.05287928 0.003 -0.03605248 -0.05461061 0.003 -0.03337185 -0.05620618 0.003 -0.03060826 -0.05766201 0.003 -0.02776856 -0.05897448 0.003 -0.02485983 -0.06014033 0.003 -0.02188929 -0.06115666 0.003 -0.01886433 -0.06202095 0.003 -0.01579247 -0.06273104 0.003 -0.01268135 -0.06328517 0.003 -0.009538705 -0.06368197 0.003 -0.006372342 -0.06392044 0.003 -0.003190137 -0.02877011 0 0.03853677 -0.028661 0 0.03864975 -0.0285464 0 0.03875715 -0.02887344 0 0.03841849 -0.02842659 0 0.03885871 -0.02897076 0 0.0382952 -0.02830186 -4.163336e-19 0.03895417 -0.0290618 0 0.03816722 -0.02817253 0 0.03904329 -0.02914636 0 0.03803486 -0.02803892 0 0.03912586 -0.02922421 0 0.03789845 -0.02790136 0 0.03920166 -0.02929517 0 0.03775833 -0.02776019 0 0.03927051 -0.02935905 0 0.03761485 -0.02761577 0 0.03933224 -0.0294157 0 0.03746835 -0.02746845 0 0.0393867 -0.02946498 0 0.03731922 -0.02731859 0 0.03943374 -0.02950677 0 0.03716782 -0.02716658 0 0.03947326 -0.02954095 0 0.03701452 -0.02701279 0 0.03950514 -0.02956746 0 0.03685971 -0.0268576 0 0.03952933 -0.02958621 0 0.03670377 -0.0267014 0 0.03954574 -0.02959716 0 0.03654709 -0.02654457 0 0.03955436 -0.0296003 0 0.03639006 -0.02638751 0 0.03955514 -0.0295956 0 0.03623306 -0.0262306 0 0.03954809 -0.02958308 0 0.0360765 -0.02607425 0 0.03953323 -0.02956277 0 0.03592075 -0.02591882 0 0.0395106 -0.02953473 0 0.03576622 -0.02576472 0 0.03948024 -0.02949902 0 0.03561327 -0.02561232 0 0.03944225 -0.02945572 0 0.03546229 -0.02546201 0 0.0393967 -0.02940496 0 0.03531366 -0.02531415 0 0.03934372 -0.02934685 0 0.03516774 -0.02516912 0 0.03928343 -0.02928154 0 0.03502489 -0.02502727 0 0.03921599 -0.02920919 0 0.03488549 -0.02488896 0 0.03914156 -0.02912998 0 0.03474986 -0.02475453 0 0.03906034 -0.02904411 0 0.03461835 -0.02462432 0 0.03897251 -0.02895179 0 0.03449128 -0.02449865 0 0.0388783 -0.02885325 0 0.03436898 -0.02437783 0 0.03877794 -0.02874874 0 0.03425173 -0.02426216 0 0.03867168 -0.02415194 0 0.0385598 -0.02404742 0 0.03844255 -0.02385657 0 0.03819318 -0.02394888 0 0.03832025 -0.02377069 0 0.03806167 -0.02369148 0 0.03792604 -0.02361913 0 0.03778663 -0.04496301 0 0.0161934 -0.04507435 0 0.01608261 -0.04518002 0 0.01596642 -0.04484629 0 0.01629849 -0.04527978 0 0.0158451 -0.04472448 0 0.01639764 -0.04537336 0 0.01571896 -0.04459787 0 0.01649059 -0.04546054 0 0.01558831 -0.04446679 0 0.01657712 -0.0455411 0 0.01545348 -0.04433156 0 0.016657 -0.04561483 0 0.0153148 -0.04419251 0 0.01673005 -0.04568156 0 0.01517262 -0.04405 0 0.01679607 -0.04574113 0 0.01502729 -0.04390437 0 0.0168549 -0.04579337 1.94289e-18 0.01487917 -0.043756 0 0.01690641 -0.04583817 0 0.01472863 -0.04360524 0 0.01695045 -0.0458754 0 0.01457604 -0.04345247 0 0.01698693 -0.04590499 0 0.01442179 -0.04329807 0 0.01701575 -0.04592685 0 0.01426626 -0.04314243 0 0.01703683 -0.04594093 0 0.01410983 -0.04298593 0 0.01705013 -0.04594719 0 0.01395289 -0.04282896 0 0.01705561 -0.04594563 0 0.01379583 -0.04267191 0 0.01705326 -0.04593623 0 0.01363905 -0.04251518 0 0.01704308 -0.04591904 0 0.01348293 -0.04235915 0 0.01702511 -0.04589408 0 0.01332786 -0.0422042 0 0.01699938 -0.04586142 0 0.01317423 -0.04205074 0 0.01696596 -0.04582115 0 0.01302242 -0.04189913 0 0.01692493 -0.04577336 0 0.0128728 -0.04174976 0 0.01687639 -0.04571817 0 0.01272575 -0.04160298 0 0.01682047 -0.04565572 0 0.01258164 -0.04145918 0 0.01675731 -0.04558617 0 0.01244082 -0.04131871 0 0.01668705 -0.02863851 0 0.03413984 -0.04550968 0 0.01230364 -0.04118191 0 0.01660988 -0.02852284 0 0.03403359 -0.04542645 0 0.01217044 -0.04104913 0 0.01652598 -0.02840202 0 0.03393323 -0.04533668 0 0.01204156 -0.0409207 0 0.01643558 -0.02827635 0 0.03383902 -0.0452406 0 0.01191731 -0.04079693 0 0.01633888 -0.02814614 0 0.03375119 -0.04513845 0 0.011798 -0.04067813 0 0.01623613 -0.02801171 0 0.03366996 -0.04503048 0 0.01168394 -0.04056461 0 0.01612759 -0.0278734 0 0.03359554 -0.02773156 0 0.0335281 -0.04491695 0 0.0115754 -0.04045664 0 0.01601353 -0.04479816 0 0.01147265 -0.04035448 0 0.01589422 -0.02758652 0 0.03346781 -0.04467439 0 0.01137595 -0.0402584 0 0.01576997 -0.02743867 0 0.03341483 -0.02728835 0 0.03336928 -0.04454596 0 0.01128555 -0.04016864 0 0.01564109 -0.02713595 0 0.03333128 -0.04441318 0 0.01120165 -0.04008541 0 0.01550789 -0.02698185 0 0.03330093 -0.04427638 0 0.01112448 -0.04000892 0 0.01537071 -0.04413591 0 0.01105422 -0.03993936 0 0.01522989 -0.02682643 0 0.0332783 -0.0439921 0 0.01099106 -0.03987691 0 0.01508578 -0.02667007 0 0.03326344 -0.02651316 0 0.03325639 -0.04384533 0 0.01093514 -0.03982173 0 0.01493873 -0.04369596 0 0.0108866 -0.03977394 0 0.01478911 -0.0263561 0 0.03325718 -0.02619928 0 0.03326579 -0.04354435 0 0.01084557 -0.03973367 0 0.0146373 -0.04339088 0 0.01081215 -0.03970101 0 0.01448367 -0.02604307 0 0.0332822 -0.04323594 0 0.01078642 -0.03967605 0 0.0143286 -0.02588788 0 0.03330639 -0.04307991 0 0.01076845 -0.04292317 0 0.01075827 -0.02355382 0 0.0376438 -0.02349571 0 0.03749788 -0.02344495 0 0.03734924 -0.02340166 0 0.03719826 -0.0233379 0 0.03689077 -0.02336594 0 0.03704531 -0.02331759 0 0.03673503 -0.02330507 0 0.03657846 -0.02330351 0 0.03626444 -0.02330037 0 0.03642147 -0.02331446 0 0.03610776 -0.02333322 0 0.03595182 -0.02339391 0 0.03564371 -0.02335972 0 0.03579701 -0.02343569 0 0.03549231 -0.02348497 0 0.03534317 -0.04491695 0 -0.0115754 -0.04503048 0 -0.01168394 -0.04513845 0 -0.011798 -0.04479816 0 -0.01147265 -0.0452406 0 -0.01191731 -0.04467439 0 -0.01137595 -0.04533668 0 -0.01204156 -0.04454596 0 -0.01128555 -0.04542645 0 -0.01217044 -0.04441318 0 -0.01120165 -0.04550968 0 -0.01230364 -0.04427638 0 -0.01112448 -0.04558617 0 -0.01244082 -0.04413591 0 -0.01105422 -0.04565572 0 -0.01258164 -0.0439921 0 -0.01099106 -0.04571817 0 -0.01272575 -0.04384533 0 -0.01093514 -0.04577336 0 -0.0128728 -0.04369596 0 -0.0108866 -0.04582115 0 -0.01302242 -0.04354435 0 -0.01084557 -0.04586142 0 -0.01317423 -0.04339088 0 -0.01081215 -0.04589408 0 -0.01332786 -0.04323594 0 -0.01078642 -0.04591904 0 -0.01348293 -0.04307991 0 -0.01076845 -0.04593623 0 -0.01363905 -0.04292317 0 -0.01075827 -0.04594563 0 -0.01379583 -0.04276613 0 -0.01075592 -0.04276613 0 0.01075592 -0.04594719 0 -0.01395289 -0.04260916 0 -0.0107614 -0.04260916 0 0.0107614 -0.04594093 0 -0.01410983 -0.04245266 0 -0.0107747 -0.04245266 0 0.0107747 -0.04592685 0 -0.01426626 -0.04229702 0 -0.01079578 -0.04229702 0 0.01079578 -0.04590499 0 -0.01442179 -0.04214262 0 -0.0108246 -0.04214262 0 0.0108246 -0.0458754 0 -0.01457604 -0.04198985 0 -0.01086108 -0.04198985 0 0.01086108 -0.04583817 0 -0.01472863 -0.04183909 0 -0.01090512 -0.04183909 0 0.01090512 -0.04579337 1.249001e-18 -0.01487917 -0.04169071 0 -0.01095662 -0.04169071 0 0.01095662 -0.04574113 0 -0.01502729 -0.04154509 0 -0.01101546 -0.04154509 0 0.01101546 -0.04568156 0 -0.01517262 -0.04140257 0 -0.01108148 -0.04140257 0 0.01108148 -0.04561483 0 -0.0153148 -0.04126353 0 -0.01115453 -0.04126353 0 0.01115453 -0.0411283 0 0.01123441 -0.0455411 0 -0.01545348 -0.0411283 0 -0.01123441 -0.04546054 0 -0.01558831 -0.04099722 0 -0.01132094 -0.04099722 0 0.01132094 -0.04537336 0 -0.01571896 -0.04527978 0 -0.0158451 -0.04518002 0 -0.01596642 -0.04507435 0 -0.01608261 -0.04496301 0 -0.0161934 -0.04484629 0 -0.01629849 -0.04472448 0 -0.01639764 -0.04459787 0 -0.01649059 -0.04446679 0 -0.01657712 -0.04433156 0 -0.016657 -0.04419251 0 -0.01673005 -0.04405 0 -0.01679607 -0.04390437 0 -0.0168549 -0.043756 0 -0.01690641 -0.04360524 0 -0.01695045 -0.04345247 0 -0.01698693 -0.04329807 0 -0.01701575 -0.04314243 0 -0.01703683 -0.04298593 0 -0.01705013 -0.02367646 0 0.03491308 -0.0236055 0 0.0350532 -0.03975692 0 0.0130829 -0.03971968 0 0.01323549 -0.02383887 0 0.03464431 -0.02375431 0 0.03477667 -0.0396901 0 0.01338974 -0.02354162 0 0.03519669 -0.03980172 0 0.01293236 -0.02392992 0 0.03451633 -0.03966824 0 0.01354527 -0.03985396 0 0.01278424 -0.02402723 0 0.03439304 -0.03965416 0 0.0137017 -0.03991352 0 0.01263891 -0.0396479 0 0.01385864 -0.02413057 0 0.03427476 -0.03998026 0 0.01249673 -0.02423967 0 0.03416178 -0.03964946 0 0.0140157 -0.04005399 0 0.01235805 -0.02435427 0 0.03405438 -0.03965886 0 0.01417248 -0.04013455 0 0.01222322 -0.02447409 0 0.03395282 -0.04022173 0 0.01209257 -0.02459881 0 0.03385736 -0.02573409 0 0.03333828 -0.04031531 0 0.01196643 -0.02514048 0 0.03354102 -0.02499931 0 0.03360987 -0.02486175 0 0.03368567 -0.02472814 0 0.03376824 -0.02558208 0 0.03337779 -0.02543223 0 0.03342484 -0.0252849 0 0.03347929 -0.04041506 0 0.01184511 -0.04282896 0 -0.01705561 -0.04267191 0 -0.01705326 -0.04251518 0 -0.01704308 -0.04235915 0 -0.01702511 -0.04052074 0 0.01172892 -0.0407488 0 0.01151304 -0.04063208 0 0.01161813 -0.04087061 0 0.01141389 -0.04087061 0 -0.01141389 -0.0407488 0 -0.01151304 -0.04052074 0 -0.01172892 -0.04063208 0 -0.01161813 -0.04041506 0 -0.01184511 -0.04031531 0 -0.01196643 -0.04022173 0 -0.01209257 -0.04013455 0 -0.01222322 -0.04005399 0 -0.01235805 -0.03998026 0 -0.01249673 -0.03991352 0 -0.01263891 -0.03985396 0 -0.01278424 -0.03980172 0 -0.01293236 -0.03975692 0 -0.0130829 -0.03971968 0 -0.01323549 -0.0396901 0 -0.01338974 -0.03966824 0 -0.01354527 -0.03965416 0 -0.0137017 -0.0396479 0 -0.01385864 -0.03964946 0 -0.0140157 -0.03967605 0 -0.0143286 -0.03965886 0 -0.01417248 -0.0422042 0 -0.01699938 -0.04205074 0 -0.01696596 -0.04189913 0 -0.01692493 -0.04174976 0 -0.01687639 0.02415194 0 0.0385598 0.02426216 0 0.03867168 0.02437783 0 0.03877794 0.02404742 0 0.03844255 0.02449865 0 0.0388783 0.02394888 0 0.03832025 0.02462432 0 0.03897251 0.02385657 0 0.03819318 0.02475453 0 0.03906034 0.02377069 0 0.03806167 0.02488896 0 0.03914156 0.02369148 0 0.03792604 0.02502727 0 0.03921599 0.02361913 0 0.03778663 0.02516912 0 0.03928343 0.02355382 0 0.0376438 0.02531415 0 0.03934372 0.02349571 0 0.03749788 0.02546201 0 0.0393967 0.02344495 0 0.03734924 0.02561232 0 0.03944225 0.02340166 0 0.03719826 0.02576472 0 0.03948024 0.02336594 0 0.03704531 0.02591882 0 0.0395106 0.0233379 0 0.03689077 0.02607425 0 0.03953323 0.02331759 0 0.03673503 0.0262306 0 0.03954809 0.02330507 0 0.03657846 0.02638751 0 0.03955514 0.02330037 0 0.03642147 0.02654457 0 0.03955436 0.02330351 0 0.03626444 0.0267014 0 0.03954574 0.02331446 0 0.03610776 0.0268576 0 0.03952933 0.02333322 0 0.03595182 0.02701279 0 0.03950514 0.02335972 0 0.03579701 0.02716658 0 0.03947326 0.02339391 0 0.03564371 0.02731859 0 0.03943374 0.02343569 0 0.03549231 0.02746845 0 0.0393867 0.02348497 0 0.03534317 0.02761577 0 0.03933224 0.02354162 0 0.03519669 -0.04160298 0 -0.01682047 0.02776019 0 0.03927051 0.0236055 0 0.0350532 0.02790136 0 0.03920166 0.02367646 0 0.03491308 0.02803892 0 0.03912586 0.02375431 0 0.03477667 0.02817253 0 0.03904329 0.02383887 0 0.03464431 0.02830186 1.665335e-18 0.03895417 0.02392992 0 0.03451633 0.02842659 0 0.03885871 0.02402723 0 0.03439304 0.0285464 0 0.03875715 0.02413057 0 0.03427476 0.028661 0 0.03864975 0.02423967 0 0.03416178 0.02877011 0 0.03853677 0.02435427 0 0.03405438 0.02887344 0 0.03841849 0.02447409 0 0.03395282 0.02897076 0 0.0382952 0.02459881 0 0.03385736 0.0290618 0 0.03816722 0.02472814 0 0.03376824 0.02486175 0 0.03368567 0.02499931 0 0.03360987 0.02514048 0 0.03354102 0.02946498 0 0.03731922 0.0294157 0 0.03746835 0.02935905 0 0.03761485 0.02929517 0 0.03775833 0.02922421 0 0.03789845 0.02914636 0 0.03803486 0.0296003 0 0.03639006 0.02959716 0 0.03654709 0.02958621 0 0.03670377 0.02956746 0 0.03685971 0.02954095 0 0.03701452 0.02950677 0 0.03716782 0.02949902 0 0.03561327 0.02953473 0 0.03576622 0.02956277 0 0.03592075 0.02958308 0 0.0360765 0.0295956 0 0.03623306 0.02945572 0 0.03546229 0.02928154 0 0.03502489 0.02934685 0 0.03516774 0.02940496 0 0.03531366 -0.02863851 0 -0.03413984 -0.04131871 0 -0.01668705 -0.04118191 0 -0.01660988 -0.02874874 0 -0.03425173 -0.04145918 0 -0.01675731 -0.02852284 0 -0.03403359 -0.02885325 0 -0.03436898 -0.02840202 0 -0.03393323 -0.04104913 0 -0.01652598 -0.02895179 0 -0.03449128 -0.02827635 0 -0.03383902 -0.0409207 0 -0.01643558 -0.02904411 0 -0.03461835 -0.02814614 0 -0.03375119 -0.04079693 0 -0.01633888 -0.02912998 0 -0.03474986 -0.02801171 0 -0.03366996 -0.04067813 0 -0.01623613 -0.02920919 0 -0.03488549 -0.0278734 0 -0.03359554 -0.04056461 0 -0.01612759 -0.02928154 0 -0.03502489 -0.02773156 0 -0.0335281 -0.04045664 0 -0.01601353 -0.02934685 0 -0.03516774 -0.02758652 0 -0.03346781 -0.04035448 0 -0.01589422 -0.02940496 0 -0.03531366 -0.02743867 0 -0.03341483 -0.0402584 0 -0.01576997 -0.04016864 0 -0.01564109 -0.02945572 0 -0.03546229 -0.02728835 0 -0.03336928 -0.02949902 0 -0.03561327 -0.02713595 0 -0.03333128 -0.04008541 0 -0.01550789 -0.02953473 0 -0.03576622 -0.02698185 0 -0.03330093 -0.04000892 0 -0.01537071 -0.02956277 0 -0.03592075 -0.02682643 0 -0.0332783 -0.03993936 0 -0.01522989 -0.03987691 0 -0.01508578 -0.02958308 0 -0.0360765 -0.02667007 0 -0.03326344 -0.0295956 0 -0.03623306 -0.02651316 0 -0.03325639 -0.03982173 0 -0.01493873 -0.0296003 0 -0.03639006 -0.0263561 0 -0.03325718 -0.03977394 0 -0.01478911 -0.02959716 0 -0.03654709 -0.02619928 0 -0.03326579 -0.03973367 0 -0.0146373 -0.03970101 0 -0.01448367 -0.02958621 0 -0.03670377 -0.02604307 0 -0.0332822 -0.02956746 0 -0.03685971 -0.02588788 0 -0.03330639 -0.02954095 0 -0.03701452 -0.02573409 0 -0.03333828 -0.02950677 0 -0.03716782 -0.02558208 0 -0.03337779 -0.02946498 0 -0.03731922 0.02904411 0 0.03461835 0.02912998 0 0.03474986 0.02920919 0 0.03488549 -0.02543223 0 -0.03342484 -0.0294157 0 -0.03746835 -0.0252849 0 -0.03347929 -0.02935905 0 -0.03761485 -0.02514048 0 -0.03354102 -0.02929517 0 -0.03775833 -0.02922421 0 -0.03789845 -0.02914636 0 -0.03803486 -0.0290618 0 -0.03816722 -0.02897076 0 -0.0382952 -0.02887344 0 -0.03841849 -0.02877011 0 -0.03853677 -0.028661 0 -0.03864975 -0.0285464 0 -0.03875715 -0.02842659 0 -0.03885871 -0.02830186 -2.775558e-19 -0.03895417 0.02885325 0 0.03436898 0.02895179 0 0.03449128 -0.02817253 0 -0.03904329 -0.02803892 0 -0.03912586 -0.02790136 0 -0.03920166 -0.02776019 0 -0.03927051 -0.02761577 0 -0.03933224 -0.02746845 0 -0.0393867 -0.02731859 0 -0.03943374 0.0252849 0 0.03347929 0.02543223 0 0.03342484 0.02558208 0 0.03337779 0.02573409 0 0.03333828 -0.02459881 0 -0.03385736 -0.02472814 0 -0.03376824 -0.02486175 0 -0.03368567 -0.02499931 0 -0.03360987 0.02588788 0 0.03330639 -0.02447409 0 -0.03395282 -0.02435427 0 -0.03405438 -0.02423967 0 -0.03416178 -0.02413057 0 -0.03427476 -0.02402723 0 -0.03439304 -0.02392992 0 -0.03451633 -0.02383887 0 -0.03464431 -0.02367646 0 -0.03491308 -0.02375431 0 -0.03477667 -0.0236055 0 -0.0350532 -0.02354162 0 -0.03519669 -0.02348497 0 -0.03534317 -0.02716658 0 -0.03947326 -0.02701279 0 -0.03950514 -0.0268576 0 -0.03952933 -0.0267014 0 -0.03954574 -0.02654457 0 -0.03955436 -0.02638751 0 -0.03955514 -0.0262306 0 -0.03954809 -0.02607425 0 -0.03953323 -0.02591882 0 -0.0395106 -0.02576472 0 -0.03948024 -0.02561232 0 -0.03944225 -0.02546201 0 -0.0393967 0.04067813 0 0.01623613 0.04056461 0 0.01612759 0.0278734 0 0.03359554 0.02801171 0 0.03366996 0.02814614 0 0.03375119 0.04045664 0 0.01601353 0.02773156 0 0.0335281 0.04079693 0 0.01633888 0.04035448 0 0.01589422 0.02758652 0 0.03346781 0.0409207 0 0.01643558 0.02827635 0 0.03383902 0.0402584 0 0.01576997 0.02743867 0 0.03341483 0.04104913 0 0.01652598 0.02840202 0 0.03393323 0.04016864 0 0.01564109 0.02728835 0 0.03336928 0.04118191 0 0.01660988 0.02852284 0 0.03403359 0.02863851 0 0.03413984 0.04008541 0 0.01550789 0.02713595 0 0.03333128 0.04131871 0 0.01668705 0.04000892 0 0.01537071 0.02698185 0 0.03330093 0.04145918 0 0.01675731 0.02874874 0 0.03425173 0.03993936 0 0.01522989 0.02682643 0 0.0332783 0.04160298 0 0.01682047 0.03987691 0 0.01508578 0.02667007 0 0.03326344 0.04174976 0 0.01687639 0.03982173 0 0.01493873 0.0263561 0 0.03325718 0.02651316 0 0.03325639 0.04189913 0 0.01692493 0.03977394 0 0.01478911 0.02619928 0 0.03326579 0.04205074 0 0.01696596 0.03973367 0 0.0146373 0.0422042 0 0.01699938 0.03970101 0 0.01448367 0.02604307 0 0.0332822 0.04235915 0 0.01702511 0.03967605 0 0.0143286 -0.02531415 0 -0.03934372 -0.02516912 0 -0.03928343 -0.02502727 0 -0.03921599 -0.02488896 0 -0.03914156 -0.02475453 0 -0.03906034 0.04251518 0 0.01704308 0.03965886 0 0.01417248 0.04267191 0 0.01705326 0.03964946 0 0.0140157 0.04282896 0 0.01705561 0.0396479 0 0.01385864 0.04298593 0 0.01705013 0.03965416 0 0.0137017 0.04314243 0 0.01703683 0.03966824 0 0.01354527 0.04329807 0 0.01701575 0.0396901 0 0.01338974 0.04345247 0 0.01698693 0.03971968 0 0.01323549 0.04360524 0 0.01695045 0.03975692 0 0.0130829 0.043756 0 0.01690641 0.03980172 0 0.01293236 0.04390437 0 0.0168549 0.03985396 0 0.01278424 0.04405 0 0.01679607 0.03991352 0 0.01263891 0.04419251 0 0.01673005 0.03998026 0 0.01249673 0.04433156 0 0.016657 0.04005399 0 0.01235805 0.04013455 0 0.01222322 0.04022173 0 0.01209257 0.04031531 0 0.01196643 0.04041506 0 0.01184511 0.04052074 0 0.01172892 -0.02462432 0 -0.03897251 -0.02449865 0 -0.0388783 -0.02437783 0 -0.03877794 -0.02426216 0 -0.03867168 -0.02415194 0 -0.0385598 0.04063208 0 0.01161813 0.0407488 0 0.01151304 0.04087061 0 0.01141389 0.04099722 0 0.01132094 0.04507435 0 0.01608261 0.04496301 0 0.0161934 0.04484629 0 0.01629849 0.04472448 0 0.01639764 0.04459787 0 0.01649059 0.04446679 0 0.01657712 -0.02404742 0 -0.03844255 -0.02394888 0 -0.03832025 -0.02385657 0 -0.03819318 -0.02377069 0 -0.03806167 0.04561483 0 0.0153148 0.0455411 0 0.01545348 0.04546054 0 0.01558831 0.04537336 0 0.01571896 0.04527978 0 0.0158451 0.04518002 0 0.01596642 -0.02369148 0 -0.03792604 -0.02361913 0 -0.03778663 -0.02355382 0 -0.0376438 0.04579337 1.526557e-18 0.01487917 0.04574113 0 0.01502729 0.04568156 0 0.01517262 0.04590499 0 0.01442179 0.0458754 0 0.01457604 0.04583817 0 0.01472863 0.04594719 0 0.01395289 0.04594093 0 0.01410983 0.04592685 0 0.01426626 -0.02333322 0 -0.03595182 -0.02335972 0 -0.03579701 -0.02330351 0 -0.03626444 -0.02331446 0 -0.03610776 -0.02339391 0 -0.03564371 -0.02343569 0 -0.03549231 -0.02330507 0 -0.03657846 -0.02330037 0 -0.03642147 -0.02331759 0 -0.03673503 -0.0233379 0 -0.03689077 -0.02336594 0 -0.03704531 -0.02344495 0 -0.03734924 -0.02340166 0 -0.03719826 -0.02349571 0 -0.03749788 0.04467439 0 0.01137595 0.04479816 0 0.01147265 0.04491695 0 0.0115754 0.04503048 0 0.01168394 0.04513845 0 0.011798 0.0452406 0 0.01191731 0.04533668 0 0.01204156 0.04542645 0 0.01217044 0.04550968 0 0.01230364 0.04558617 0 0.01244082 0.04565572 0 0.01258164 0.04571817 0 0.01272575 0.04577336 0 0.0128728 0.04582115 0 0.01302242 0.04586142 0 0.01317423 0.04589408 0 0.01332786 0.04591904 0 0.01348293 0.04593623 0 0.01363905 0.04594563 0 0.01379583 0.04384533 0 0.01093514 0.0439921 0 0.01099106 0.04413591 0 0.01105422 0.04427638 0 0.01112448 0.04441318 0 0.01120165 0.04454596 0 0.01128555 0.04323594 0 0.01078642 0.04339088 0 0.01081215 0.04354435 0 0.01084557 0.04369596 0 0.0108866 0.04052074 0 -0.01172892 0.04063208 0 -0.01161813 0.04041506 0 -0.01184511 0.0407488 0 -0.01151304 0.04031531 0 -0.01196643 0.04087061 0 -0.01141389 0.04022173 0 -0.01209257 0.04099722 0 -0.01132094 0.04013455 0 -0.01222322 0.0411283 0 -0.01123441 0.0411283 0 0.01123441 0.04292317 0 0.01075827 0.04307991 0 0.01076845 0.04005399 0 -0.01235805 0.04126353 0 -0.01115453 0.04126353 0 0.01115453 0.03998026 0 -0.01249673 0.04140257 0 -0.01108148 0.04140257 0 0.01108148 0.03991352 0 -0.01263891 0.04154509 0 -0.01101546 0.04154509 0 0.01101546 0.03985396 0 -0.01278424 0.04169071 0 -0.01095662 0.04169071 0 0.01095662 0.04183909 0 0.01090512 0.03980172 0 -0.01293236 0.04183909 0 -0.01090512 0.04198985 0 0.01086108 0.03975692 0 -0.0130829 0.04198985 0 -0.01086108 0.03971968 0 -0.01323549 0.04214262 0 -0.0108246 0.04214262 0 0.0108246 0.0396901 0 -0.01338974 0.04229702 0 -0.01079578 0.04229702 0 0.01079578 0.03966824 0 -0.01354527 0.04245266 0 -0.0107747 0.04245266 0 0.0107747 0.04260916 0 0.0107614 0.03965416 0 -0.0137017 0.04260916 0 -0.0107614 0.04276613 0 0.01075592 0.0396479 0 -0.01385864 0.04276613 0 -0.01075592 0.03964946 0 -0.0140157 0.04292317 0 -0.01075827 0.03965886 0 -0.01417248 0.04307991 0 -0.01076845 0.03967605 0 -0.0143286 0.04354435 0 -0.01084557 0.04339088 0 -0.01081215 0.04323594 0 -0.01078642 0.04427638 0 -0.01112448 0.04413591 0 -0.01105422 0.0439921 0 -0.01099106 0.04384533 0 -0.01093514 0.04369596 0 -0.0108866 0.02423967 0 -0.03416178 0.02413057 0 -0.03427476 0.02435427 0 -0.03405438 0.02402723 0 -0.03439304 0.02447409 0 -0.03395282 0.02392992 0 -0.03451633 0.02459881 0 -0.03385736 0.02383887 0 -0.03464431 0.02472814 0 -0.03376824 0.02375431 0 -0.03477667 0.02486175 0 -0.03368567 0.02367646 0 -0.03491308 0.02499931 0 -0.03360987 0.0236055 0 -0.0350532 0.02514048 0 -0.03354102 0.02354162 0 -0.03519669 0.0252849 0 -0.03347929 0.02348497 0 -0.03534317 0.02543223 0 -0.03342484 0.02343569 0 -0.03549231 0.02558208 0 -0.03337779 0.02339391 0 -0.03564371 0.02573409 0 -0.03333828 0.02335972 0 -0.03579701 0.02588788 0 -0.03330639 0.02333322 0 -0.03595182 0.02604307 0 -0.0332822 0.03970101 0 -0.01448367 0.02331446 0 -0.03610776 0.02619928 0 -0.03326579 0.03973367 0 -0.0146373 0.02330351 0 -0.03626444 0.0263561 0 -0.03325718 0.03977394 0 -0.01478911 0.02330037 0 -0.03642147 0.02651316 0 -0.03325639 0.03982173 0 -0.01493873 0.02330507 0 -0.03657846 0.02667007 0 -0.03326344 0.03987691 0 -0.01508578 0.02331759 0 -0.03673503 0.02682643 0 -0.0332783 0.03993936 0 -0.01522989 0.0233379 0 -0.03689077 0.02698185 0 -0.03330093 0.04000892 0 -0.01537071 0.02336594 0 -0.03704531 0.02713595 0 -0.03333128 0.04008541 0 -0.01550789 0.04491695 0 -0.0115754 0.04479816 0 -0.01147265 0.04467439 0 -0.01137595 0.04454596 0 -0.01128555 0.04441318 0 -0.01120165 0.02340166 0 -0.03719826 0.02728835 0 -0.03336928 0.04016864 0 -0.01564109 0.02344495 0 -0.03734924 0.02743867 0 -0.03341483 0.0402584 0 -0.01576997 0.02349571 0 -0.03749788 0.02758652 0 -0.03346781 0.04035448 0 -0.01589422 0.02355382 0 -0.0376438 0.02773156 0 -0.0335281 0.04045664 0 -0.01601353 0.04056461 0 -0.01612759 0.02361913 0 -0.03778663 0.0278734 0 -0.03359554 0.02801171 0 -0.03366996 0.04067813 0 -0.01623613 0.02369148 0 -0.03792604 0.02377069 0 -0.03806167 0.02814614 0 -0.03375119 0.04079693 0 -0.01633888 0.02385657 0 -0.03819318 0.02827635 0 -0.03383902 0.0409207 0 -0.01643558 0.04104913 0 -0.01652598 0.02394888 0 -0.03832025 0.02840202 0 -0.03393323 0.04118191 0 -0.01660988 0.02404742 0 -0.03844255 0.02852284 0 -0.03403359 0.02863851 0 -0.03413984 0.04131871 0 -0.01668705 0.02874874 0 -0.03425173 0.04145918 0 -0.01675731 0.04550968 0 -0.01230364 0.04542645 0 -0.01217044 0.04533668 0 -0.01204156 0.0452406 0 -0.01191731 0.04513845 0 -0.011798 0.04503048 0 -0.01168394 0.04589408 0 -0.01332786 0.04586142 0 -0.01317423 0.04582115 0 -0.01302242 0.04577336 0 -0.0128728 0.04571817 0 -0.01272575 0.04565572 0 -0.01258164 0.04558617 0 -0.01244082 0.04590499 0 -0.01442179 0.04592685 0 -0.01426626 0.04594093 0 -0.01410983 0.04594719 0 -0.01395289 0.04594563 0 -0.01379583 0.04593623 0 -0.01363905 0.04591904 0 -0.01348293 0.04579337 1.526557e-18 -0.01487917 0.04583817 0 -0.01472863 0.0458754 0 -0.01457604 0.0455411 0 -0.01545348 0.04561483 0 -0.0153148 0.04568156 0 -0.01517262 0.04574113 0 -0.01502729 0.04484629 0 -0.01629849 0.04496301 0 -0.0161934 0.04507435 0 -0.01608261 0.04518002 0 -0.01596642 0.04527978 0 -0.0158451 0.04537336 0 -0.01571896 0.04546054 0 -0.01558831 0.04390437 0 -0.0168549 0.04405 0 -0.01679607 0.04419251 0 -0.01673005 0.04433156 0 -0.016657 0.04446679 0 -0.01657712 0.04459787 0 -0.01649059 0.04472448 0 -0.01639764 0.02415194 0 -0.0385598 0.02426216 0 -0.03867168 0.04314243 0 -0.01703683 0.04329807 0 -0.01701575 0.04345247 0 -0.01698693 0.04360524 0 -0.01695045 0.043756 0 -0.01690641 0.02437783 0 -0.03877794 0.02449865 0 -0.0388783 0.02462432 0 -0.03897251 0.02475453 0 -0.03906034 0.04235915 0 -0.01702511 0.04251518 0 -0.01704308 0.04267191 0 -0.01705326 0.04282896 0 -0.01705561 0.04298593 0 -0.01705013 0.02488896 0 -0.03914156 0.02502727 0 -0.03921599 0.02516912 0 -0.03928343 0.02531415 0 -0.03934372 0.02546201 0 -0.0393967 0.04174976 0 -0.01687639 0.04189913 0 -0.01692493 0.04205074 0 -0.01696596 0.0422042 0 -0.01699938 0.02561232 0 -0.03944225 0.02576472 0 -0.03948024 0.02591882 0 -0.0395106 0.02607425 0 -0.03953323 0.0262306 0 -0.03954809 0.04160298 0 -0.01682047 0.02885325 0 -0.03436898 0.02638751 0 -0.03955514 0.02654457 0 -0.03955436 0.0267014 0 -0.03954574 0.0268576 0 -0.03952933 0.02701279 0 -0.03950514 0.02716658 0 -0.03947326 0.02912998 0 -0.03474986 0.02904411 0 -0.03461835 0.02895179 0 -0.03449128 0.02731859 0 -0.03943374 0.02746845 0 -0.0393867 0.02761577 0 -0.03933224 0.02776019 0 -0.03927051 0.02790136 0 -0.03920166 0.02803892 0 -0.03912586 0.02940496 0 -0.03531366 0.02934685 0 -0.03516774 0.02928154 0 -0.03502489 0.02920919 0 -0.03488549 0.02830186 2.63678e-18 -0.03895417 0.02842659 0 -0.03885871 0.0285464 0 -0.03875715 0.028661 0 -0.03864975 0.02877011 0 -0.03853677 0.02817253 0 -0.03904329 0.02956277 0 -0.03592075 0.02953473 0 -0.03576622 0.02949902 0 -0.03561327 0.02945572 0 -0.03546229 0.02887344 0 -0.03841849 0.02897076 0 -0.0382952 0.0290618 0 -0.03816722 0.02914636 0 -0.03803486 0.02922421 0 -0.03789845 0.02929517 0 -0.03775833 0.02935905 0 -0.03761485 0.02956746 0 -0.03685971 0.02958621 0 -0.03670377 0.02959716 0 -0.03654709 0.0296003 0 -0.03639006 0.0295956 0 -0.03623306 0.02958308 0 -0.0360765 0.0294157 0 -0.03746835 0.02946498 0 -0.03731922 0.02950677 0 -0.03716782 0.02954095 0 -0.03701452</float_array>
          <technique_common>
            <accessor count="5822" source="#cubeverts-array1-array" stride="3">
              <param type="float" name="X"/>
              <param type="float" name="Y"/>
              <param type="float" name="Z"/>
            </accessor>
          </technique_common>
        </source>
        <source id="cubenormals-array1">
          <float_array count="29448" id="cubenormals-array1-array">-0.611274 0 0.791419 -0.6566762 0 0.7541726 -0.611274 0 0.791419 -0.6998177 0 0.7143216 -0.6566762 0 0.7541726 -0.7405035 0 0.6720524 -0.6998177 0 0.7143216 -0.7786922 0 0.6274062 -0.7405035 0 0.6720524 -0.8141529 0 0.5806505 -0.7786922 0 0.6274062 -0.8468411 0 0.5318459 -0.8141529 0 0.5806505 -0.8765917 0 0.4812349 -0.8468411 0 0.5318459 -0.9033234 0 0.4289602 -0.8765917 0 0.4812349 -0.926936 0 0.3752193 -0.9033234 0 0.4289602 -0.9473642 0 0.3201577 -0.926936 0 0.3752193 -0.9645191 0 0.2640131 -0.9473642 0 0.3201577 -0.9783494 0 0.20696 -0.9645191 0 0.2640131 -0.9888115 0 0.1491702 -0.9783494 0 0.20696 -0.9958598 0 0.09090273 -0.9888115 0 0.1491702 -0.9994784 0 0.03229425 -0.9958598 0 0.09090273 -0.9996507 -0 -0.02642829 -0.9994784 0 0.03229425 -0.9963777 -0 -0.08503799 -0.9996507 0 -0.02642829 -0.9896682 -0 -0.1433767 -0.9963777 0 -0.08503799 -0.9795495 -0 -0.2012032 -0.9896682 0 -0.1433767 -0.9660543 -0 -0.2583393 -0.9795495 0 -0.2012032 -0.9660543 0 -0.2583393 -0.9492227 -0 -0.3146049 -0.9492227 0 -0.3146049 -0.9291263 -0 -0.3697625 -0.9291263 0 -0.3697625 -0.9058235 -0 -0.4236553 -0.9058235 0 -0.4236553 -0.879408 -0 -0.4760689 -0.879408 0 -0.4760689 -0.8499295 -0 -0.5268967 -0.8499295 0 -0.5268967 -0.8175659 -0 -0.5758351 -0.8175659 0 -0.5758351 -0.7823488 -0 -0.6228406 -0.7823488 0 -0.6228406 -0.7444636 -0 -0.667663 -0.7444636 0 -0.667663 -0.7039852 -0 -0.7102148 -0.6610766 -0 -0.7503184 -0.7039852 0 -0.7102148 -0.615931 -0 -0.7878001 -0.6610766 0 -0.7503184 -0.5686187 -0 -0.8226013 -0.615931 0 -0.7878001 -0.5193576 -0 -0.854557 -0.5686187 0 -0.8226013 -0.4683293 -0 -0.883554 -0.5193576 0 -0.854557 -0.4156694 -0 -0.9095157 -0.4683293 0 -0.883554 -0.3615516 -0 -0.9323521 -0.4156694 0 -0.9095157 -0.3062121 -0 -0.9519634 -0.3615516 0 -0.9323521 -0.2498353 -0 -0.9682884 -0.3062121 0 -0.9519634 -0.1925833 -0 -0.9812807 -0.2498353 0 -0.9682884 -0.1346467 -0 -0.9908937 -0.1925833 0 -0.9812807 -0.0762464 -0 -0.997089 -0.1346467 0 -0.9908937 -0.01761891 -0 -0.9998447 -0.0762464 0 -0.997089 0.04108527 0 -0.9991556 -0.01761891 0 -0.9998447 0.09967401 0 -0.9950202 0.04108527 0 -0.9991556 0.1578817 0 -0.9874581 0.09967401 0 -0.9950202 0.1578817 0 -0.9874581 0.2155544 0 -0.9764919 0.2155544 0 -0.9764919 0.2724994 0 -0.9621559 0.2724994 0 -0.9621559 0.3284924 0 -0.9445066 0.3284924 0 -0.9445066 0.3833722 0 -0.9235939 0.3833722 0 -0.9235939 0.4368877 0 -0.8995161 0.4368877 0 -0.8995161 0.4889606 0 -0.8723059 0.4889606 0 -0.8723059 0.5392771 0 -0.8421284 0.5392771 0 -0.8421284 0.587799 0 -0.809007 0.587799 0 -0.809007 0.6342446 0 -0.7731325 0.6342446 0 -0.7731325 0.6785372 0 -0.734566 0.6785372 0 -0.734566 0.7204599 0 -0.6934966 0.7204599 0 -0.6934966 0.7599441 0 -0.6499885 0.7599441 0 -0.6499885 0.7967551 0 -0.6043024 0.7967551 0 -0.6043024 0.8308636 0 -0.5564761 0.8308636 0 -0.5564761 0.86208 0 -0.506772 0.86208 0 -0.506772 0.8903393 0 -0.4552976 0.8903393 0 -0.4552976 0.9155291 0 -0.4022519 0.9155291 0 -0.4022519 0.9375501 0 -0.3478502 0.9375501 0 -0.3478502 0.9563507 0 -0.2922215 0.9718554 0 -0.2355781 0.9563507 0 -0.2922215 0.9840047 0 -0.1781421 0.9718554 0 -0.2355781 0.9927639 0 -0.1200825 0.9840047 0 -0.1781421 0.9980991 0 -0.06162875 0.9927639 0 -0.1200825 0.9999957 0 -0.002923741 0.9980991 0 -0.06162875 0.9984453 0 0.05574095 0.9999957 0 -0.002923741 0.9984453 0 0.05574095 0.9934516 0 0.1142542 0.9850322 0 0.1723701 0.9934516 0 0.1142542 0.9850322 0 0.1723701 0.9732168 0 0.2298892 0.9732168 0 0.2298892 0.9580564 0 0.2865799 0.9580564 0 0.2865799 0.9395801 0 0.3423291 0.9395801 0 0.3423291 0.9178681 0 0.3968855 0.9178681 0 0.3968855 0.893001 0 0.4500548 0.893001 0 0.4500548 0.8650514 0 0.5016832 0.8650514 0 0.5016832 0.8340966 0 0.5516183 0.8340966 0 0.5516183 0.8003026 -0 0.5995964 0.8003026 0 0.5995964 0.763745 0 0.6455181 0.763745 0 0.6455181 0.724525 0 0.6892485 0.724525 0 0.6892485 0.682826 0 0.730581 0.682826 0 0.730581 0.6387887 0 0.7693822 0.6387887 0 0.7693822 0.5925353 -0 0.8055445 0.5925353 0 0.8055445 0.544205 0 0.8389523 0.544205 0 0.8389523 0.494059 -0 0.8694283 0.494059 0 0.8694283 0.4421922 0 0.8969203 0.4421922 0 0.8969203 0.3887933 0 0.921325 0.3887933 0 0.921325 0.3340353 -0 0.9425606 0.3340353 0 0.9425606 0.221327 0 0.9751996 0.2781165 -0 0.9605473 0.2781165 0 0.9605473 0.1636521 0 0.9865181 0.221327 0 0.9751996 0.1055223 0 0.994417 0.1636521 0 0.9865181 0.1055223 0 0.994417 0.04693323 0 0.998898 -0.0117331 0 0.9999311 0.04693323 -0 0.998898 -0.0117331 0 0.9999311 -0.07039961 0 0.9975188 -0.1288335 0 0.9916662 -0.07039961 0 0.9975188 -0.1288335 0 0.9916662 -0.1868135 0 0.9823954 -0.244109 0 0.9697478 -0.1868135 0 0.9823954 -0.3006265 0 0.953742 -0.244109 0 0.9697478 -0.3006265 0 0.953742 -0.3560859 0 0.9344532 -0.4103186 0 0.9119422 -0.3560859 0 0.9344532 -0.4631327 0 0.8862889 -0.4103186 0 0.9119422 -0.514344 0 0.8575839 -0.4631327 0 0.8862889 -0.514344 0 0.8575839 -0.563769 0 0.8259326 -0.563769 0 0.8259326 -0.9597226 0 0.2809494 -0.9745538 0 0.224154 -0.9597226 0 0.2809494 -0.9860253 0 0.1665956 -0.9745538 0 0.224154 -0.9941086 0 0.1083884 -0.9860253 0 0.1665956 -0.9987535 0 0.04991379 -0.9941086 0 0.1083884 -0.999961 -0 -0.008828581 -0.9987535 0 0.04991379 -0.9977223 -0 -0.06745628 -0.999961 0 -0.008828581 -0.9920391 -0 -0.1259301 -0.9977223 0 -0.06745628 -0.9829432 -0 -0.1839095 -0.9920391 0 -0.1259301 -0.9704565 -0 -0.2412764 -0.9829432 0 -0.1839095 -0.9546164 -0 -0.2978381 -0.9704565 0 -0.2412764 -0.9354969 -0 -0.353335 -0.9546164 0 -0.2978381 -0.9131437 -0 -0.4076379 -0.9354969 0 -0.353335 -0.8876565 -0 -0.4605063 -0.9131437 0 -0.4076379 -0.8590898 -0 -0.511825 -0.8876565 0 -0.4605063 -0.8275754 -0 -0.5613545 -0.8590898 0 -0.511825 -0.7932111 -0 -0.6089467 -0.8275754 0 -0.5613545 -0.7560993 -0 -0.6544568 -0.7932111 0 -0.6089467 -0.7163753 -0 -0.6977152 -0.7560993 0 -0.6544568 -0.6742089 -0 -0.7385407 -0.7163753 0 -0.6977152 -0.6296973 -0 -0.7768406 -0.6742089 0 -0.7385407 -0.6296973 0 -0.7768406 -0.5830263 -0 -0.8124533 -0.5830263 0 -0.8124533 -0.5343308 -0 -0.8452755 -0.5343308 0 -0.8452755 -0.4838117 -0 -0.8751721 -0.4838117 0 -0.8751721 -0.4316215 -0 -0.9020548 -0.4316215 0 -0.9020548 -0.3779214 -0 -0.9258377 -0.3779214 0 -0.9258377 -0.3229502 -0 -0.946416 -0.3229502 0 -0.946416 -0.2668474 -0 -0.9637389 -0.2668474 0 -0.9637389 -0.2098279 -0 -0.9777383 -0.2098279 0 -0.9777383 -0.1520866 -0 -0.9883671 -0.09381664 -0 -0.9955894 -0.1520866 0 -0.9883671 -0.03521849 -0 -0.9993796 -0.09381664 0 -0.9955894 0.02348538 0 -0.9997242 -0.03521849 0 -0.9993796 0.08211239 0 -0.996623 0.02348538 0 -0.9997242 0.1404675 0 -0.9900853 0.08211239 0 -0.996623 0.1983315 0 -0.980135 0.1404675 0 -0.9900853 0.2555086 0 -0.9668068 0.1983315 0 -0.980135 0.3118044 0 -0.9501463 0.2555086 0 -0.9668068 0.3670343 0 -0.9302074 0.3118044 0 -0.9501463 0.4209968 0 -0.9070621 0.3670343 0 -0.9302074 0.4735032 0 -0.8807921 0.4209968 0 -0.9070621 0.5243602 0 -0.8514965 0.4735032 0 -0.8807921 0.5734559 0 -0.8192364 0.5243602 0 -0.8514965 0.6205345 0 -0.7841791 0.5734559 0 -0.8192364 0.665484 0 -0.7464121 0.6205345 0 -0.7841791 0.7081331 0 -0.7060789 0.665484 0 -0.7464121 0.7081331 0 -0.7060789 0.7483637 0 -0.6632885 0.7483637 0 -0.6632885 0.785999 0 -0.6182278 0.785999 0 -0.6182278 0.8209278 0 -0.571032 0.8209278 0 -0.571032 0.8530215 0 -0.5218759 0.8530215 0 -0.5218759 0.8821868 0 -0.4708997 0.8821868 0 -0.4708997 0.9082907 0 -0.4183395 0.9082907 0 -0.4183395 0.9312806 0 -0.3643028 0.9312806 0 -0.3643028 0.9510617 0 -0.3090009 0.9510617 0 -0.3090009 0.9675542 0 -0.2526638 0.9675542 0 -0.2526638 0.9807135 0 -0.1954509 0.9807135 0 -0.1954509 0.9904896 0 -0.1375879 0.9904896 0 -0.1375879 0.9968596 0 -0.07918925 0.9968596 0 -0.07918925 0.9997894 0 -0.02052359 0.9997894 0 -0.02052359 0.9992723 0 0.0381425 0.9992723 0 0.0381425 0.9953105 0 0.09673154 0.9953105 0 0.09673154 0.987918 0 0.1549773 0.987918 0 0.1549773 0.9771124 -0 0.212724 0.9771124 0 0.212724 0.9629515 0 0.2696746 0.9629515 0 0.2696746 0.9454722 0 0.3257027 0.9247165 0 0.3806566 0.9454722 -0 0.3257027 0.9007948 0 0.434245 0.9247165 0 0.3806566 0.8737324 0 0.486407 0.9007948 0 0.434245 0.8436969 0 0.5368199 0.8737324 0 0.486407 0.810746 0 0.5853981 0.8436969 0 0.5368199 0.7749805 0 0.6319851 0.810746 0 0.5853981 0.7749805 0 0.6319851 0.736568 0 0.6763635 0.6955919 0 0.7184372 0.736568 0 0.6763635 0.6955919 0 0.7184372 0.6522451 0 0.7580081 0.6522451 0 0.7580081 0.6066263 0 0.7949871 0.6066263 0 0.7949871 0.5589154 0 0.8292246 0.5589154 0 0.8292246 0.5093028 0 0.8605874 0.5093028 0 0.8605874 0.4579056 0 0.8890008 0.4579056 0 0.8890008 0.4049449 0 0.9143412 0.4049449 0 0.9143412 0.3505957 0 0.936527 0.3505957 0 0.936527 0.2950156 -0 0.9554924 0.2950156 0 0.9554924 0.2384417 0 0.9711568 0.2384417 0 0.9711568 0.1810316 -0 0.9834773 0.1810316 0 0.9834773 0.1229951 -0 0.9924073 0.1229951 0 0.9924073 0.06455294 0 0.9979143 0.06455294 0 0.9979143 0.005876069 -0 0.9999828 0.005876069 0 0.9999828 -0.05282914 0 0.9986035 -0.05282914 0 0.9986035 -0.1113386 0 0.9937825 -0.1113386 0 0.9937825 -0.1694759 0 0.9855343 -0.1694759 0 0.9855343 -0.2270103 0 0.9738924 -0.2270103 0 0.9738924 -0.2837783 0 0.9588899 -0.2837783 0 0.9588899 -0.3941741 0 0.9190358 -0.3395703 0 0.9405806 -0.3395703 0 0.9405806 -0.4474353 0 0.8943163 -0.3941741 0 0.9190358 -0.4991632 0 0.866508 -0.4474353 0 0.8943163 -0.4991632 0 0.866508 -0.5491447 0 0.8357273 -0.5972447 0 0.8020591 -0.5491447 0 0.8357273 -0.5972447 0 0.8020591 -0.6432768 0 0.7656337 -0.6871205 0 0.7265434 -0.6432768 0 0.7656337 -0.6871205 0 0.7265434 -0.7285747 0 0.6849664 -0.7675065 0 0.6410411 -0.7285747 0 0.6849664 -0.7675065 0 0.6410411 -0.8038144 0 0.5948802 -0.8038144 0 0.5948802 -0.8373216 0 0.5467107 -0.8679867 0 0.4965875 -0.8373216 0 0.5467107 -0.8956183 0 0.4448233 -0.8679867 0 0.4965875 -0.9201881 0 0.3914767 -0.8956183 0 0.4448233 -0.9201881 0 0.3914767 -0.9415693 0 0.3368193 -0.9415693 0 0.3368193 -0.9415693 -0 -0.3368193 -0.9201881 -0 -0.3914767 -0.9415693 0 -0.3368193 -0.8956183 -0 -0.4448233 -0.9201881 0 -0.3914767 -0.8679867 -0 -0.4965875 -0.8956183 0 -0.4448233 -0.8373216 -0 -0.5467107 -0.8679867 0 -0.4965875 -0.8038144 -0 -0.5948802 -0.8373216 0 -0.5467107 -0.7675065 -0 -0.6410411 -0.8038144 0 -0.5948802 -0.7285747 -0 -0.6849664 -0.7675065 0 -0.6410411 -0.6871205 -0 -0.7265434 -0.7285747 0 -0.6849664 -0.6432768 -0 -0.7656337 -0.6871205 0 -0.7265434 -0.5972447 -0 -0.8020591 -0.6432768 0 -0.7656337 -0.5491447 -0 -0.8357273 -0.5972447 0 -0.8020591 -0.4991632 -0 -0.866508 -0.5491447 0 -0.8357273 -0.4474353 -0 -0.8943163 -0.4991632 0 -0.866508 -0.3941741 -0 -0.9190358 -0.4474353 0 -0.8943163 -0.3395703 -0 -0.9405806 -0.3941741 0 -0.9190358 -0.2837783 -0 -0.9588899 -0.3395703 0 -0.9405806 -0.2270103 -0 -0.9738924 -0.2837783 0 -0.9588899 -0.1694759 -0 -0.9855343 -0.2270103 0 -0.9738924 -0.1113386 -0 -0.9937825 -0.1694759 0 -0.9855343 -0.05282914 -0 -0.9986035 -0.1113386 0 -0.9937825 -0.05282914 0 -0.9986035 0.005876069 0 -0.9999828 0.005876069 0 -0.9999828 0.06455294 0 -0.9979143 0.06455294 0 -0.9979143 0.1229951 0 -0.9924073 0.1229951 0 -0.9924073 0.1810316 0 -0.9834773 0.1810316 0 -0.9834773 0.2384417 0 -0.9711568 0.2384417 0 -0.9711568 0.2950156 0 -0.9554924 0.2950156 0 -0.9554924 0.3505957 0 -0.936527 0.3505957 0 -0.936527 0.4049449 0 -0.9143412 0.4049449 0 -0.9143412 0.4579056 0 -0.8890008 0.5093028 0 -0.8605874 0.4579056 0 -0.8890008 0.5589154 0 -0.8292246 0.5093028 0 -0.8605874 0.6066263 0 -0.7949871 0.5589154 0 -0.8292246 0.6522451 0 -0.7580081 0.6066263 0 -0.7949871 0.6955919 0 -0.7184372 0.6522451 0 -0.7580081 0.736568 0 -0.6763635 0.6955919 0 -0.7184372 0.7749805 0 -0.6319851 0.736568 0 -0.6763635 0.810746 0 -0.5853981 0.7749805 0 -0.6319851 0.8436969 0 -0.5368199 0.810746 0 -0.5853981 0.8737324 0 -0.486407 0.8436969 0 -0.5368199 0.9007948 0 -0.434245 0.8737324 0 -0.486407 0.9247165 0 -0.3806566 0.9007948 0 -0.434245 0.9454722 0 -0.3257027 0.9247165 0 -0.3806566 0.9629515 0 -0.2696746 0.9454722 0 -0.3257027 0.9771124 0 -0.212724 0.9629515 0 -0.2696746 0.987918 0 -0.1549773 0.9771124 0 -0.212724 0.987918 0 -0.1549773 0.9953105 0 -0.09673154 0.9953105 0 -0.09673154 0.9992723 0 -0.0381425 0.9992723 0 -0.0381425 0.9997894 0 0.02052359 0.9997894 0 0.02052359 0.9968596 0 0.07918925 0.9968596 0 0.07918925 0.9904896 0 0.1375879 0.9904896 0 0.1375879 0.9807135 0 0.1954509 0.9807135 0 0.1954509 0.9675542 0 0.2526638 0.9675542 0 0.2526638 0.9510617 0 0.3090009 0.9510617 0 0.3090009 0.9312806 0 0.3643028 0.9312806 0 0.3643028 0.9082907 0 0.4183395 0.9082907 0 0.4183395 0.8821868 0 0.4708997 0.8821868 0 0.4708997 0.8530215 0 0.5218759 0.8530215 0 0.5218759 0.8209278 0 0.571032 0.8209278 0 0.571032 0.785999 0 0.6182278 0.785999 0 0.6182278 0.7483637 0 0.6632885 0.7483637 0 0.6632885 0.7081331 0 0.7060789 0.7081331 0 0.7060789 0.665484 0 0.7464121 0.665484 0 0.7464121 0.6205345 0 0.7841791 0.6205345 0 0.7841791 0.5734559 0 0.8192364 0.5243602 0 0.8514965 0.5734559 -0 0.8192364 0.4735032 0 0.8807921 0.5243602 0 0.8514965 0.4209968 0 0.9070621 0.4735032 0 0.8807921 0.3670343 0 0.9302074 0.4209968 0 0.9070621 0.3118044 0 0.9501463 0.3670343 0 0.9302074 0.2555086 0 0.9668068 0.3118044 0 0.9501463 0.2555086 0 0.9668068 0.1983315 0 0.980135 0.1404675 0 0.9900853 0.1983315 0 0.980135 0.1404675 0 0.9900853 0.08211239 0 0.996623 0.08211239 0 0.996623 0.02348538 0 0.9997242 0.02348538 0 0.9997242 -0.03521849 0 0.9993796 -0.03521849 0 0.9993796 -0.09381664 0 0.9955894 -0.09381664 0 0.9955894 -0.1520866 0 0.9883671 -0.1520866 0 0.9883671 -0.2098279 0 0.9777383 -0.2098279 0 0.9777383 -0.2668474 0 0.9637389 -0.2668474 0 0.9637389 -0.3229502 0 0.946416 -0.3229502 0 0.946416 -0.3779214 0 0.9258377 -0.3779214 0 0.9258377 -0.4316215 0 0.9020548 -0.4316215 0 0.9020548 -0.4838117 0 0.8751721 -0.4838117 0 0.8751721 -0.5343308 0 0.8452755 -0.5343308 0 0.8452755 -0.5830263 0 0.8124533 -0.5830263 0 0.8124533 -0.6296973 0 0.7768406 -0.6296973 0 0.7768406 -0.6742089 0 0.7385407 -0.6742089 0 0.7385407 -0.7163753 0 0.6977152 -0.7163753 0 0.6977152 -0.7560993 0 0.6544568 -0.7560993 0 0.6544568 -0.7932111 0 0.6089467 -0.7932111 0 0.6089467 -0.8590898 0 0.511825 -0.8275754 0 0.5613545 -0.8275754 0 0.5613545 -0.8876565 0 0.4605063 -0.8590898 0 0.511825 -0.9131437 0 0.4076379 -0.8876565 0 0.4605063 -0.9131437 0 0.4076379 -0.9354969 0 0.353335 -0.9546164 0 0.2978381 -0.9354969 0 0.353335 -0.9546164 0 0.2978381 -0.9704565 0 0.2412764 -0.9829432 0 0.1839095 -0.9704565 0 0.2412764 -0.9829432 0 0.1839095 -0.9920391 0 0.1259301 -0.9977223 0 0.06745628 -0.9920391 0 0.1259301 -0.999961 0 0.008828581 -0.9977223 0 0.06745628 -0.999961 0 0.008828581 -0.9987535 0 -0.04991379 -0.9941086 -0 -0.1083884 -0.9987535 0 -0.04991379 -0.9860253 -0 -0.1665956 -0.9941086 0 -0.1083884 -0.9745538 -0 -0.224154 -0.9860253 0 -0.1665956 -0.9745538 0 -0.224154 -0.9597226 0 -0.2809494 -0.9597226 0 -0.2809494 -0.563769 -0 -0.8259326 -0.514344 -0 -0.8575839 -0.563769 0 -0.8259326 -0.4631327 -0 -0.8862889 -0.514344 0 -0.8575839 -0.4103186 -0 -0.9119422 -0.4631327 0 -0.8862889 -0.3560859 -0 -0.9344532 -0.4103186 0 -0.9119422 -0.3006265 -0 -0.953742 -0.3560859 0 -0.9344532 -0.244109 -0 -0.9697478 -0.3006265 0 -0.953742 -0.1868135 -0 -0.9823954 -0.244109 0 -0.9697478 -0.1288335 -0 -0.9916662 -0.1868135 0 -0.9823954 -0.07039961 -0 -0.9975188 -0.1288335 0 -0.9916662 -0.0117331 -0 -0.9999311 -0.07039961 0 -0.9975188 0.04693323 0 -0.998898 -0.0117331 0 -0.9999311 0.1055223 0 -0.994417 0.04693323 0 -0.998898 0.1636521 0 -0.9865181 0.1055223 0 -0.994417 0.221327 0 -0.9751996 0.1636521 0 -0.9865181 0.2781165 0 -0.9605473 0.221327 0 -0.9751996 0.3340353 0 -0.9425606 0.2781165 0 -0.9605473 0.3887933 0 -0.921325 0.3340353 0 -0.9425606 0.4421922 0 -0.8969203 0.3887933 0 -0.921325 0.494059 0 -0.8694283 0.4421922 0 -0.8969203 0.544205 0 -0.8389523 0.494059 0 -0.8694283 0.544205 0 -0.8389523 0.5925353 0 -0.8055445 0.5925353 0 -0.8055445 0.6387887 0 -0.7693822 0.6387887 0 -0.7693822 0.682826 0 -0.730581 0.682826 0 -0.730581 0.724525 0 -0.6892485 0.724525 0 -0.6892485 0.763745 0 -0.6455181 0.763745 0 -0.6455181 0.8003026 0 -0.5995964 0.8003026 0 -0.5995964 0.8340966 0 -0.5516183 0.8340966 0 -0.5516183 0.8650514 0 -0.5016832 0.8650514 0 -0.5016832 0.893001 0 -0.4500548 0.9178681 0 -0.3968855 0.893001 0 -0.4500548 0.9395801 0 -0.3423291 0.9178681 0 -0.3968855 0.9580564 0 -0.2865799 0.9395801 0 -0.3423291 0.9732168 0 -0.2298892 0.9580564 0 -0.2865799 0.9850322 0 -0.1723701 0.9732168 0 -0.2298892 0.9934516 0 -0.1142542 0.9850322 0 -0.1723701 0.9984453 0 -0.05574095 0.9934516 0 -0.1142542 0.9999957 0 0.002923741 0.9984453 0 -0.05574095 0.9980991 0 0.06162875 0.9999957 0 0.002923741 0.9927639 0 0.1200825 0.9980991 0 0.06162875 0.9840047 0 0.1781421 0.9927639 0 0.1200825 0.9718554 0 0.2355781 0.9840047 0 0.1781421 0.9563507 0 0.2922215 0.9718554 0 0.2355781 0.9375501 0 0.3478502 0.9563507 0 0.2922215 0.9155291 0 0.4022519 0.9375501 0 0.3478502 0.8903393 0 0.4552976 0.9155291 0 0.4022519 0.8903393 0 0.4552976 0.86208 0 0.506772 0.86208 0 0.506772 0.8308636 0 0.5564761 0.8308636 0 0.5564761 0.7967551 0 0.6043024 0.7967551 0 0.6043024 0.7599441 0 0.6499885 0.7599441 0 0.6499885 0.7204599 0 0.6934966 0.7204599 0 0.6934966 0.6785372 0 0.734566 0.6785372 0 0.734566 0.6342446 0 0.7731325 0.6342446 0 0.7731325 0.587799 0 0.809007 0.587799 0 0.809007 0.5392771 0 0.8421284 0.5392771 0 0.8421284 0.4889606 0 0.8723059 0.4889606 0 0.8723059 0.4368877 0 0.8995161 0.4368877 0 0.8995161 0.3833722 0 0.9235939 0.3833722 0 0.9235939 0.3284924 0 0.9445066 0.3284924 0 0.9445066 0.2724994 0 0.9621559 0.2724994 0 0.9621559 0.2155544 0 0.9764919 0.2155544 0 0.9764919 0.1578817 0 0.9874581 0.1578817 0 0.9874581 0.09967401 0 0.9950202 0.09967401 0 0.9950202 0.04108527 0 0.9991556 0.04108527 0 0.9991556 -0.01761891 0 0.9998447 -0.0762464 0 0.997089 -0.01761891 0 0.9998447 -0.1346467 0 0.9908937 -0.0762464 0 0.997089 -0.1925833 0 0.9812807 -0.1346467 0 0.9908937 -0.2498353 0 0.9682884 -0.1925833 0 0.9812807 -0.3062121 0 0.9519634 -0.2498353 0 0.9682884 -0.3615516 0 0.9323521 -0.3062121 0 0.9519634 -0.3615516 0 0.9323521 -0.4156694 0 0.9095157 -0.4683293 0 0.883554 -0.4156694 0 0.9095157 -0.4683293 0 0.883554 -0.5193576 0 0.854557 -0.5193576 0 0.854557 -0.5686187 0 0.8226013 -0.5686187 0 0.8226013 -0.615931 0 0.7878001 -0.615931 0 0.7878001 -0.6610766 0 0.7503184 -0.6610766 0 0.7503184 -0.7039852 0 0.7102148 -0.7039852 0 0.7102148 -0.7444636 0 0.667663 -0.7444636 0 0.667663 -0.7823488 0 0.6228406 -0.7823488 0 0.6228406 -0.8175659 0 0.5758351 -0.8175659 0 0.5758351 -0.8499295 0 0.5268967 -0.8499295 0 0.5268967 -0.879408 0 0.4760689 -0.879408 0 0.4760689 -0.9058235 0 0.4236553 -0.9058235 0 0.4236553 -0.9291263 0 0.3697625 -0.9291263 0 0.3697625 -0.9492227 0 0.3146049 -0.9492227 0 0.3146049 -0.9660543 0 0.2583393 -0.9660543 0 0.2583393 -0.9795495 0 0.2012032 -0.9795495 0 0.2012032 -0.9896682 0 0.1433767 -0.9896682 0 0.1433767 -0.9963777 0 0.08503799 -0.9963777 0 0.08503799 -0.9996507 0 0.02642829 -0.9996507 0 0.02642829 -0.9958598 -0 -0.09090273 -0.9994784 0 -0.03229425 -0.9994784 0 -0.03229425 -0.9888115 -0 -0.1491702 -0.9958598 0 -0.09090273 -0.9783494 -0 -0.20696 -0.9888115 0 -0.1491702 -0.9783494 0 -0.20696 -0.9645191 0 -0.2640131 -0.9473642 -0 -0.3201577 -0.9645191 0 -0.2640131 -0.9473642 0 -0.3201577 -0.926936 0 -0.3752193 -0.9033234 -0 -0.4289602 -0.926936 0 -0.3752193 -0.9033234 0 -0.4289602 -0.8765917 -0 -0.4812349 -0.8468411 -0 -0.5318459 -0.8765917 0 -0.4812349 -0.8141529 -0 -0.5806505 -0.8468411 0 -0.5318459 -0.8141529 0 -0.5806505 -0.7786922 0 -0.6274062 -0.7405035 -0 -0.6720524 -0.7786922 0 -0.6274062 -0.6998177 -0 -0.7143216 -0.7405035 0 -0.6720524 -0.6566762 -0 -0.7541726 -0.6998177 0 -0.7143216 -0.6566762 0 -0.7541726 -0.611274 0 -0.791419 -0.611274 0 -0.791419 -0.7055679 0.7066669 0.05287474 -0.7055678 0.7066671 0.05287492 -0.6967972 0.706667 0.1228628 -0.7020555 0.7066667 -0.08797912 -0.6982736 0.7104624 -0.08750518 -0.7020555 0.7066668 -0.08797882 -0.7063374 0.706997 -0.03525181 -0.703702 0.7069971 -0.07041658 -0.7073265 0.7066669 -0.01764018 -0.6605197 0.7046342 0.2592382 -0.02075954 0.7069536 -0.7069552 -0.6353777 0.7068396 0.3109225 -0.6523291 0.70706 0.2730068 -0.6967975 0.7066664 0.122865 -0.7063375 0.7069969 0.03525182 -0.7072166 0.7069969 0 -0.7073268 0.7066666 -0.01763946 -0.7035165 0.7104623 -0.0175444 -0.5957671 0.7054057 0.3840109 -0.6152683 0.7077235 0.3472351 -0.6313801 0.7046886 0.3236867 -0.6811025 0.7066662 0.1916306 -0.6811013 0.7066669 0.1916323 -0.6993178 0.706997 0.1054037 -0.7037022 0.706997 0.0704166 -0.7055681 0.7066667 0.05287476 -0.6967973 0.7066667 0.1228649 -0.7017674 0.7104623 0.05259057 -0.7055678 0.706667 0.05287534 -0.5703146 0.7077577 0.4169175 -0.5955281 0.7052694 0.3846315 -0.01764031 0.7069997 -0.7069938 -0.6586344 0.7066678 0.2584982 -0.6586362 0.7066669 0.2584959 -0.6853479 0.7069964 0.1745114 -0.6931941 0.7069966 0.1401352 -0.696797 0.7066672 0.1228635 -0.6930438 0.7104626 0.1222018 -0.554693 0.7047254 0.4423548 -0.5179711 0.7071606 0.4812794 -0.5456606 0.70672 0.4503348 -0.6296254 0.706668 0.3227884 -0.6296261 0.7066677 0.3227876 -0.664569 0.7069958 0.241878 -0.6757981 0.7069958 0.2084558 -0.6811011 0.7066675 0.191631 -0.6774337 0.7104614 0.1905992 -0.6811016 0.7066671 0.1916303 -0.5079741 0.7046152 0.495459 -0.4588048 0.7059292 0.5395944 -0.4885449 0.7075831 0.510539 -0.5943539 0.7066677 0.3838804 -0.5531821 0.7066656 0.4411499 -0.5943589 0.7066658 0.3838763 -0.6516821 0.7069978 0.2747083 -0.6586351 0.7066671 0.2584984 -0.658637 0.7066661 0.2584962 -0.6550872 0.7104627 0.257106 -0.6371801 0.7069978 0.3068478 -0.4252149 0.7078131 0.564086 -0.4558469 0.7050282 0.5432667 -0.5531833 0.7066666 0.4411469 -0.6262335 0.7104634 0.3210503 -0.6296268 0.7066659 0.3227899 -0.6296273 0.7066657 0.3227894 -0.6034619 0.7069978 0.3687654 -0.6210914 0.7069978 0.3382302 -0.3995827 0.7048672 0.5860852 -0.3564042 0.7074162 0.6103593 -0.3921946 0.706315 0.5893238 -0.5065131 0.7066646 0.494034 -0.4547991 0.7066643 0.5420179 -0.5065074 0.7066665 0.4940372 -0.5943536 0.706668 0.3838803 -0.591156 0.7104632 0.381807 -0.5943593 0.7066656 0.3838759 -0.5637495 0.7069957 0.4270171 -0.5843259 0.7069958 0.3983971 -0.2828303 0.7063884 0.6488624 -0.3199608 0.7073798 0.6302689 -0.3393841 0.7045912 0.6231932 -0.4548025 0.7066661 0.5420126 -0.5502006 0.7104626 0.4387735 -0.5531833 0.7066665 0.441147 -0.5531797 0.706668 0.4411492 -0.5184342 0.7069965 0.4810219 -0.5417556 0.7069964 0.4545953 -0.2437654 0.7078075 0.6630135 -0.2755329 0.7048405 0.6536677 -0.3383951 0.7066677 0.6213771 -0.3985768 0.7066661 0.5846021 -0.3985724 0.7066675 0.5846034 -0.5037792 0.7104642 0.4913729 -0.5065068 0.7066674 0.4940366 -0.5065091 0.7066665 0.4940355 -0.4679579 0.7069972 0.5302551 -0.4937985 0.7069972 0.5062785 -0.20903 0.7050644 0.6776361 -0.1644626 0.7076118 0.6871955 -0.204996 0.7058485 0.6780519 -0.3383889 0.706665 0.6213835 -0.4548007 0.706669 0.5420105 -0.4523553 0.7104625 0.5390896 -0.4128382 0.7069961 0.5742134 -0.4409419 0.7069961 0.5529256 -0.454805 0.7066674 0.5420089 -0.08289602 0.7067819 0.7025579 -0.1239082 0.7071124 0.6961601 -0.1405986 0.7046226 0.6955135 -0.2748396 0.7066652 0.6519874 -0.2748252 0.7066694 0.6519888 -0.3985713 0.706669 0.5846024 -0.3985761 0.7066674 0.584601 -0.353613 0.7069975 0.6124642 -0.383693 0.7069974 0.5940827 -0.3964251 0.7104632 0.5814543 -0.04147276 0.7077414 0.7052531 -0.07064632 0.7047071 0.7059724 -0.2085542 0.7066693 0.6761092 -0.2085591 0.7066678 0.6761093 -0.3365671 0.7104633 0.6180329 -0.3383899 0.7066675 0.6213802 -0.3383874 0.7066684 0.6213806 -0.2908697 0.706995 0.6446339 -0.3226317 0.7069952 0.6293383 0.04147276 0.7077414 0.7052532 0 0.7053133 0.7088957 0 0.7053133 0.7088957 -0.140194 0.7066679 0.6935171 -0.07045189 0.7066677 0.7040293 -0.1401951 0.7066677 0.6935173 -0.2748311 0.7066683 0.6519875 -0.2748395 0.7066655 0.651987 -0.2733518 0.7104612 0.648478 -0.2252364 0.7069991 0.6703886 -0.2583855 0.7069989 0.6583232 0.07064632 0.7047071 0.7059724 0.1239082 0.7071124 0.6961601 0.08289602 0.7067819 0.7025579 0 0.7066666 0.7075467 -0.07044879 0.7066666 0.7040307 -0.2085557 0.7066643 0.676114 -0.2074277 0.7104644 0.6724688 -0.208552 0.7066655 0.6761138 -0.1573718 0.706998 0.6894839 -0.1915367 0.706998 0.6807845 0.204996 0.7058485 0.6780519 0.1644626 0.7076117 0.6871955 0.1405986 0.7046226 0.6955135 0 0.7066666 0.7075466 -0.1401941 0.7066676 0.6935175 -0.1402034 0.7066644 0.6935189 -0.1394476 0.7104626 0.6897805 -0.08792722 0.7069974 0.7017289 -0.1228126 0.7069974 0.6964709 0.20903 0.7050644 0.6776361 0.2437654 0.7078075 0.6630135 0.07045189 0.7066677 0.7040293 0.07044879 0.7066666 0.7040307 0 0.7066666 0.7075467 -0.07044879 0.7066666 0.7040308 -0.070067 0.710461 0.7002398 -0.07044632 0.7066675 0.7040301 -0.01764039 0.7069967 0.7069968 -0.05285247 0.7069966 0.7052393 0.2755329 0.7048405 0.6536676 0.3199608 0.7073798 0.6302689 0.2828303 0.7063884 0.6488624 0.140195 0.706668 0.6935169 0.1401941 0.7066676 0.6935174 0 0.7104639 0.7037337 0.05285247 0.7069966 0.7052393 0.01764039 0.7069967 0.7069968 0 0.7066666 0.7075467 0.3393841 0.7045912 0.6231932 0.3921946 0.706315 0.5893238 0.3564042 0.7074162 0.6103593 0.2085586 0.7066694 0.6761078 0.2085546 0.706668 0.6761104 0.0704464 0.7066666 0.7040309 0.0704487 0.7066675 0.7040299 0.1228125 0.7069974 0.6964709 0.08792722 0.7069974 0.7017289 0.070067 0.710461 0.7002398 0.4252149 0.707813 0.564086 0.3995827 0.7048672 0.5860851 0.2748271 0.7066648 0.6519931 0.2748381 0.706669 0.6519838 0.1401948 0.7066642 0.6935208 0.1915367 0.706998 0.6807845 0.1573718 0.706998 0.6894839 0.1402028 0.7066674 0.693516 0.1394476 0.7104626 0.6897805 0.2085557 0.7066643 0.6761139 0.4885449 0.7075831 0.510539 0.4588048 0.7059292 0.5395944 0.4558469 0.7050282 0.5432667 0.3383889 0.7066651 0.6213834 0.3383951 0.7066677 0.6213771 0.2583855 0.7069989 0.6583232 0.2074277 0.7104644 0.6724688 0.2252364 0.7069991 0.6703886 0.208552 0.7066656 0.6761138 0.5079741 0.7046152 0.495459 0.5456606 0.70672 0.4503348 0.5179711 0.7071606 0.4812794 0.3985733 0.7066661 0.5846046 0.3985761 0.7066674 0.584601 0.2748322 0.7066657 0.6519899 0.2748383 0.7066685 0.6519843 0.3226317 0.7069951 0.6293383 0.2908697 0.706995 0.6446339 0.2733518 0.7104612 0.648478 0.5703146 0.7077577 0.4169175 0.554693 0.7047254 0.4423548 0.4548025 0.7066661 0.5420126 0.4547991 0.7066643 0.5420179 0.3365671 0.7104633 0.6180329 0.383693 0.7069974 0.5940827 0.353613 0.7069974 0.6124642 0.3383895 0.7066683 0.6213795 0.3383878 0.7066674 0.6213814 0.5955281 0.7052695 0.3846315 0.6152684 0.7077236 0.3472352 0.5957671 0.7054057 0.3840109 0.5065086 0.7066647 0.4940384 0.5065117 0.7066667 0.4940326 0.3985751 0.7066692 0.5845995 0.3964251 0.7104632 0.5814543 0.4409419 0.7069961 0.5529256 0.4128382 0.7069961 0.5742134 0.3985721 0.7066674 0.5846037 0.6313801 0.7046887 0.3236867 0.6523291 0.70706 0.2730068 0.6353777 0.7068397 0.3109225 0.5531833 0.7066666 0.4411469 0.5531821 0.7066656 0.4411499 0.4523553 0.7104625 0.5390896 0.4937985 0.7069972 0.5062785 0.4679578 0.7069972 0.530255 0.4548041 0.7066689 0.5420078 0.4548018 0.7066673 0.5420117 0.6605197 0.7046342 0.2592382 0.6810687 0.7057621 0.1950518 0.6666781 0.707637 0.2340729 0.5943571 0.7066678 0.3838752 0.5943553 0.7066659 0.3838814 0.5037792 0.7104642 0.4913729 0.5065085 0.7066673 0.4940349 0.5417556 0.7069964 0.4545953 0.5184342 0.7069964 0.4810219 0.5065074 0.7066665 0.4940372 0.6826012 0.7051034 0.1920543 0.6893531 0.7078029 0.1542964 0.6296259 0.706668 0.3227874 0.6296256 0.7066677 0.3227885 0.5502006 0.7104626 0.4387735 0.5531808 0.7066666 0.4411501 0.5843259 0.7069958 0.398397 0.5637495 0.7069957 0.4270171 0.5531821 0.7066681 0.441146 0.6986131 0.7048161 0.123183 0.7031459 0.7073385 0.07251269 0.6985477 0.7064568 0.1137982 0.6586353 0.7066669 0.2584985 0.6586355 0.7066677 0.2584956 0.5943574 0.7066678 0.3838747 0.5943558 0.7066655 0.3838817 0.6210914 0.7069978 0.3382302 0.591156 0.7104632 0.381807 0.6034618 0.7069978 0.3687654 0.7078946 0.7062415 -0.01039286 0.7060744 0.7074538 0.03111613 0.7076262 0.7045943 0.05302918 0.6811019 0.7066662 0.1916325 0.6811019 0.7066668 0.1916304 0.6296271 0.706666 0.3227893 0.658637 0.7066661 0.2584962 0.6516821 0.7069978 0.2747083 0.6371801 0.7069978 0.3068478 0.6296269 0.7066657 0.3227901 0.6262335 0.7104634 0.3210503 0.7044926 0.7078182 -0.05180345 0.7090877 0.7048985 -0.01768344 0.6967975 0.7066664 0.122865 0.6967972 0.706667 0.1228628 0.7055678 0.7066671 0.05287492 0.6757981 0.7069958 0.2084558 0.664569 0.7069958 0.241878 0.6550872 0.7104627 0.257106 0.6586351 0.7066672 0.2584984 0.6938297 0.7075536 -0.1340455 0.7020292 0.7060103 -0.09329809 0.7037089 0.7049944 -0.08818483 0.7055679 0.706667 0.05287474 0.6774337 0.7104614 0.1905992 0.6931941 0.7069966 0.1401352 0.6853479 0.7069964 0.1745114 0.6811013 0.7066674 0.1916302 0.6811014 0.7066672 0.1916311 0.6741976 0.7066565 -0.2146958 0.6851037 0.7072075 -0.1746155 0.6918056 0.704608 -0.157901 0.7073265 0.7066668 -0.01763952 0.7073264 0.706667 -0.01764018 0.6967973 0.7066668 0.1228649 0.696797 0.7066672 0.1228635 0.7037022 0.706997 0.0704166 0.6993178 0.706997 0.1054037 0.6930438 0.7104626 0.1222018 0.6593971 0.7077716 -0.2534854 0.6725163 0.7047464 -0.2259524 0.7020557 0.7066667 -0.08797766 0.7020552 0.706667 -0.08797879 0.7072166 0.7069969 0 0.7063375 0.7069969 0.03525182 0.7055681 0.7066668 0.05287536 0.7055679 0.706667 0.05287475 0.7017674 0.7104623 0.05259057 0.625215 0.7077047 -0.3290293 0.645447 0.7054992 -0.2926929 0.6462409 0.7052254 -0.2915989 0.6898067 0.7066667 -0.1574447 0.6898069 0.7066666 -0.1574444 0.7020555 0.7066668 -0.08797882 0.7073268 0.7066666 -0.01763946 0.703702 0.7069971 -0.07041658 0.7063374 0.706997 -0.03525181 0.7035165 0.7104623 -0.0175444 0.7073265 0.7066669 -0.01764018 0.5829241 0.7070092 -0.4004216 0.6055111 0.706899 -0.3655818 0.6144759 0.7046724 -0.3547622 0.670703 0.7066666 -0.2253438 0.6707033 0.7066665 -0.2253433 0.6982736 0.7104624 -0.08750518 0.6931932 0.7069975 -0.140135 0.6993173 0.7069974 -0.1054037 0.7020555 0.7066667 -0.08797912 0.5329958 0.7056763 -0.4668367 0.5579004 0.7076607 -0.4335475 0.5761148 0.7046449 -0.4142068 0.6449303 0.7066679 -0.2910075 0.6449337 0.7066664 -0.2910036 0.6898071 0.7066665 -0.1574438 0.6898067 0.7066668 -0.1574443 0.6860912 0.7104622 -0.1565956 0.6757973 0.7069967 -0.2084556 0.6853477 0.7069967 -0.1745114 0.5031698 0.7077928 -0.4958321 0.5316469 0.7051415 -0.469177 0.6127508 0.706668 -0.3537751 0.6127567 0.7066655 -0.3537696 0.6707032 0.7066664 -0.2253438 0.6707027 0.7066666 -0.2253444 0.6670899 0.7104621 -0.2241306 0.6516819 0.706998 -0.2747082 0.6645671 0.7069978 -0.2418773 0.4419199 0.7072987 -0.5517566 0.4740345 0.7065281 -0.5254611 0.4825278 0.7047898 -0.5200369 0.5744788 0.7066682 -0.4130305 0.5744859 0.7066656 -0.4130251 0.6449335 0.7066663 -0.2910042 0.6210912 0.706998 -0.3382301 0.6371801 0.7069978 -0.3068477 0.6449339 0.7066661 -0.2910038 0.6414585 0.710463 -0.2894363 0.3748176 0.7061652 -0.6007017 0.4086631 0.7074878 -0.5765896 0.4284607 0.7045974 -0.5656534 0.5305062 0.7066681 -0.4681703 0.5305057 0.7066683 -0.4681706 0.5843245 0.7069975 -0.3983961 0.603462 0.7069975 -0.3687655 0.6094531 0.7104627 -0.3518661 0.5744842 0.7066676 -0.4130239 0.6127547 0.7066661 -0.3537723 0.6127511 0.7066676 -0.3537752 0.3381185 0.7078202 -0.6202148 0.3698462 0.7049284 -0.6052187 0.4812561 0.7066666 -0.5186663 0.4812514 0.7066682 -0.5186686 0.5744826 0.7066658 -0.4130293 0.5417543 0.7069981 -0.4545942 0.5637476 0.7069981 -0.4270157 0.5713878 0.7104617 -0.4108042 0.263253 0.7075217 -0.6558284 0.3018697 0.7060898 -0.6405559 0.3077242 0.704961 -0.6390115 0.4272166 0.7066666 -0.5640109 0.4272164 0.7066666 -0.564011 0.493798 0.7069981 -0.5062779 0.518433 0.706998 -0.4810209 0.5305076 0.7066656 -0.4681723 0.5276497 0.7104617 -0.46565 0.5305077 0.7066656 -0.4681722 0.1848219 0.7065905 -0.6830598 0.224369 0.7072515 -0.6704133 0.2426986 0.704599 -0.6668115 0.3689443 0.7066666 -0.6037403 0.368943 0.706667 -0.6037408 0.4409415 0.7069966 -0.5529252 0.4679582 0.7069967 -0.5302554 0.4786629 0.7104615 -0.5158741 0.4812524 0.7066668 -0.5186697 0.4812556 0.7066656 -0.5186683 0.1441741 0.7077831 -0.6915613 0.1750672 0.7047668 -0.6874992 0.3069857 0.7066695 -0.6374779 0.3069934 0.7066671 -0.6374768 0.3836919 0.7069994 -0.5940811 0.4128363 0.7069993 -0.5742108 0.4249147 0.7104626 -0.5609726 0.4272165 0.7066665 -0.5640111 0.4272162 0.7066665 -0.5640112 0.06216031 0.7076827 -0.7037906 0.1036458 0.7055879 -0.7010016 0.03537178 0.7046567 -0.7086661 0.105669 0.7051822 -0.7011078 0.2419936 0.706669 -0.6648744 0.2419925 0.7066693 -0.6648745 0.3689454 0.7066665 -0.6037398 0.3069934 0.7066671 -0.6374767 0.3226309 0.7069969 -0.6293368 0.3536133 0.706997 -0.6124647 0.3669579 0.7104624 -0.6004873 0.3689441 0.706667 -0.60374 0.1745918 0.7066691 -0.6856651 0.1746003 0.7066666 -0.6856655 0.3053376 0.7104608 -0.6340461 0.2583866 0.706996 -0.658326 0.2908694 0.7069958 -0.6446332 0.3069909 0.7066659 -0.6374793 0.03527193 0.7066671 -0.7066666 0.1054484 0.7066671 -0.6996444 0.03526905 0.7066662 -0.7066675 0.10545 0.7066666 -0.6996446 0.2419938 0.7066655 -0.6648781 0.2406886 0.7104642 -0.6612939 0.1915364 0.7069989 -0.6807836 0.2252365 0.7069989 -0.6703887 0.2419931 0.7066658 -0.6648781 0.174596 0.7066655 -0.6856676 0.1228127 0.7069968 -0.6964716 0.1573721 0.7069966 -0.6894851 0.1736552 0.7104624 -0.681973 0.1745924 0.7066667 -0.6856673 0.03526694 0.7066662 -0.7066677 0.1048828 0.7104639 -0.695874 0.03507689 0.710463 -0.7028599 0.05285244 0.7069969 -0.7052389 0.1054499 0.706667 -0.6996442 0.08792727 0.706997 -0.7017293 0.03526903 0.7066669 -0.7066668 0.1054511 0.7066666 -0.6996445 0.02075954 0.7069536 -0.7069552 0.01764031 0.7069997 -0.7069938 -0.03527204 0.7066661 -0.7066675 -0.1036458 0.705588 -0.7010015 -0.06216031 0.7076827 -0.7037906 -0.03537174 0.7046567 -0.7086661 -0.1441741 0.7077831 -0.6915613 -0.105669 0.7051822 -0.7011078 -0.224369 0.7072515 -0.6704133 -0.1848219 0.7065905 -0.6830598 -0.1750672 0.7047669 -0.6874992 -0.03526905 0.7066661 -0.7066676 -0.03526903 0.706667 -0.7066668 -0.3018697 0.7060898 -0.6405559 -0.263253 0.7075217 -0.6558284 -0.2426986 0.704599 -0.6668115 -0.1054499 0.7066671 -0.6996441 -0.1054485 0.7066666 -0.6996449 -0.3381185 0.7078202 -0.6202148 -0.3077242 0.704961 -0.6390115 -0.1745996 0.7066692 -0.6856629 -0.1745924 0.7066668 -0.6856673 -0.08792727 0.706997 -0.7017293 -0.05285244 0.7069969 -0.7052389 -0.03507691 0.710463 -0.7028599 -0.03526689 0.7066668 -0.7066669 -0.4086631 0.7074878 -0.5765896 -0.3748176 0.7061652 -0.6007017 -0.3698462 0.7049285 -0.6052187 -0.2419927 0.706669 -0.6648748 -0.2419935 0.7066693 -0.6648741 -0.105451 0.706667 -0.6996441 -0.10545 0.7066666 -0.6996447 -0.1573721 0.7069966 -0.6894851 -0.1228127 0.7069968 -0.6964716 -0.1048828 0.7104639 -0.695874 -0.4284607 0.7045974 -0.5656534 -0.4740345 0.7065281 -0.5254611 -0.4419199 0.7072987 -0.5517566 -0.3069925 0.7066693 -0.6374749 -0.3069867 0.7066669 -0.6374801 -0.2252365 0.7069989 -0.6703887 -0.1915364 0.7069989 -0.6807836 -0.1736552 0.7104624 -0.681973 -0.1745957 0.7066666 -0.6856666 -0.1745927 0.7066653 -0.6856685 -0.4825278 0.7047898 -0.5200369 -0.5031698 0.7077928 -0.4958321 -0.3689441 0.7066669 -0.60374 -0.3689432 0.7066665 -0.6037411 -0.2908694 0.7069958 -0.6446332 -0.2583866 0.706996 -0.658326 -0.2419932 0.7066655 -0.6648783 -0.2419938 0.7066658 -0.6648778 -0.2406886 0.7104642 -0.6612939 -0.5579004 0.7076607 -0.4335475 -0.5329958 0.7056763 -0.4668367 -0.5316469 0.7051414 -0.469177 -0.4272164 0.7066666 -0.564011 -0.4272166 0.7066666 -0.5640109 -0.3069909 0.7066659 -0.6374793 -0.3536133 0.706997 -0.6124647 -0.3226309 0.7069969 -0.6293368 -0.3069934 0.7066671 -0.6374767 -0.3053376 0.7104608 -0.6340461 -0.5761148 0.7046449 -0.4142068 -0.6055111 0.706899 -0.3655818 -0.5829241 0.7070092 -0.4004216 -0.4812523 0.7066668 -0.5186697 -0.4812549 0.7066684 -0.5186651 -0.4272165 0.7066665 -0.5640111 -0.4128363 0.7069993 -0.5742108 -0.3836919 0.7069994 -0.5940811 -0.3689443 0.7066665 -0.6037405 -0.3689452 0.7066669 -0.6037394 -0.3669579 0.7104624 -0.6004873 -0.6144759 0.7046724 -0.3547622 -0.645447 0.7054992 -0.2926929 -0.625215 0.7077047 -0.3290293 -0.5305058 0.7066681 -0.4681707 -0.5305061 0.7066683 -0.4681703 -0.4679582 0.7069967 -0.5302554 -0.4409415 0.7069966 -0.5529252 -0.4272162 0.7066665 -0.5640112 -0.4812524 0.7066668 -0.5186697 -0.4249147 0.7104626 -0.5609726 -0.6462409 0.7052253 -0.2915989 -0.6593971 0.7077716 -0.2534854 -0.5744839 0.706668 -0.4130237 -0.5744811 0.7066654 -0.4130322 -0.4786629 0.7104615 -0.5158741 -0.4812556 0.7066656 -0.5186683 -0.518433 0.706998 -0.4810209 -0.493798 0.7069981 -0.5062779 -0.6725163 0.7047464 -0.2259524 -0.6851037 0.7072075 -0.1746155 -0.6741976 0.7066565 -0.2146958 -0.6127527 0.7066658 -0.3537762 -0.6127545 0.7066681 -0.3537683 -0.5276497 0.7104617 -0.46565 -0.5637475 0.7069981 -0.4270156 -0.5417543 0.7069982 -0.4545942 -0.5305077 0.7066656 -0.4681723 -0.5305077 0.7066656 -0.4681722 -0.6918056 0.7046079 -0.157901 -0.7020292 0.7060103 -0.09329809 -0.6938297 0.7075536 -0.1340455 -0.6449324 0.7066678 -0.2910031 -0.6449318 0.7066663 -0.2910082 -0.5744842 0.7066677 -0.4130239 -0.5744826 0.7066658 -0.4130293 -0.603462 0.7069975 -0.3687655 -0.5843245 0.7069975 -0.3983961 -0.5713878 0.7104617 -0.4108042 -0.7037089 0.7049944 -0.08818483 -0.7044926 0.7078182 -0.05180345 -0.6707031 0.7066666 -0.2253433 -0.6707032 0.7066665 -0.2253438 -0.6371801 0.7069978 -0.3068477 -0.6210912 0.706998 -0.3382301 -0.6127526 0.7066659 -0.3537761 -0.6094531 0.7104627 -0.3518661 -0.6127534 0.7066675 -0.3537715 -0.7090877 0.7048985 -0.01768344 -0.7060744 0.7074538 0.03111613 -0.7078946 0.7062415 -0.01039286 -0.6898068 0.7066667 -0.1574444 -0.6898069 0.7066665 -0.1574448 -0.6449337 0.7066661 -0.2910043 -0.6449338 0.7066664 -0.2910036 -0.6645671 0.7069978 -0.2418773 -0.6516818 0.706998 -0.2747082 -0.6707032 0.7066664 -0.2253438 -0.6414585 0.710463 -0.2894363 -0.7076262 0.7045943 0.05302918 -0.6985476 0.7064568 0.1137982 -0.7031459 0.7073385 0.07251269 -0.7020555 0.7066666 -0.08797883 -0.7020553 0.7066671 -0.08797762 -0.6707027 0.7066666 -0.2253444 -0.6853477 0.7069967 -0.1745114 -0.6757973 0.7069967 -0.2084556 -0.6670899 0.7104621 -0.2241306 -0.6986131 0.7048161 0.123183 -0.6893531 0.7078028 0.1542964 -0.7073265 0.7066668 -0.01764018 -0.7073264 0.7066671 -0.01763951 -0.6993173 0.7069973 -0.1054037 -0.6931932 0.7069975 -0.140135 -0.689807 0.7066665 -0.1574444 -0.6898069 0.7066667 -0.1574438 -0.6860912 0.7104622 -0.1565956 -0.6826012 0.7051034 0.1920543 -0.6666781 0.707637 0.2340729 -0.6810687 0.7057621 0.1950518 0.02935207 1.618756e-18 -0.9995692 0.08797967 0 -0.9961223 0.02935207 0 -0.9995692 0.1462638 0 -0.9892457 0.08797967 0 -0.9961223 0.2040883 0 -0.9789525 0.1462638 0 -0.9892457 0.2611871 0 -0.9652882 0.2040883 0 -0.9789525 0.3173706 0 -0.9483016 0.2611871 0 -0.9652882 0.3725147 0 -0.9280263 0.3173706 0 -0.9483016 0.426296 0 -0.9045838 0.3725147 0 -0.9280263 0.4786552 0 -0.8780029 0.426296 0 -0.9045838 0.5293682 0 -0.8483922 0.4786552 0 -0.8780029 0.5782486 0 -0.8158606 0.5293682 0 -0.8483922 0.6251389 0 -0.7805135 0.5782486 0 -0.8158606 0.6698382 0 -0.742507 0.6251389 0 -0.7805135 0.7122813 0 -0.7018941 0.6698382 0 -0.742507 0.7522511 0 -0.6588765 0.7122813 0 -0.7018941 0.7896094 0 -0.6136098 0.7522511 0 -0.6588765 0.8242655 0 -0.5662035 0.7896094 0 -0.6136098 0.8560705 0 -0.5168589 0.8242655 0 -0.5662035 0.8849364 0 -0.4657119 0.8560705 0 -0.5168589 0.910734 0 -0.4129934 0.8849364 0 -0.4657119 0.9334067 0 -0.3588201 0.910734 0 -0.4129934 0.9334067 0 -0.3588201 0.9528529 0 -0.3034326 0.9528529 0 -0.3034326 0.9690208 0 -0.2469787 0.9690208 0 -0.2469787 0.9818442 0 -0.1896889 0.9818442 0 -0.1896889 0.9912844 0 -0.1317395 0.9912844 0 -0.1317395 0.9973074 0 -0.07333501 0.9973074 0 -0.07333501 0.9998923 0 -0.01467978 0.9998923 0 -0.01467978 0.9990304 0 0.04402646 0.9990304 0 0.04402646 0.9947246 0 0.102582 0.9947246 0 0.102582 0.986989 0 0.1607873 0.9758541 0 0.2184233 0.986989 0 0.1607873 0.9613519 0 0.2753224 0.9758541 0 0.2184233 0.9435332 0 0.3312776 0.9613519 0 0.2753224 0.9224718 0 0.3860643 0.9435332 0 0.3312776 0.8982207 0 0.4395449 0.9224718 0 0.3860643 0.8708811 0 0.4914937 0.8982207 0 0.4395449 0.8405247 0 0.5417731 0.8708811 0 0.4914937 0.8072906 0 0.5901542 0.8405247 0 0.5417731 0.771259 0 0.6365216 0.8072906 0 0.5901542 0.7325775 0 0.6806836 0.771259 0 0.6365216 0.6913728 0 0.7224982 0.7325775 0 0.6806836 0.6477711 0 0.7618351 0.6913728 0 0.7224982 0.6019465 0 0.7985364 0.6477711 0 0.7618351 0.5540272 0 0.8324986 0.6019465 0 0.7985364 0.5042523 0 0.8635564 0.5540272 0 0.8324986 0.4526678 0 0.8916793 0.5042523 0 0.8635564 0.4526678 0 0.8916793 0.3995769 0 0.9166997 0.3995769 0 0.9166997 0.3450787 0 0.9385738 0.3450787 0 0.9385738 0.2893941 0 0.95721 0.2893941 0 0.95721 0.2327516 0 0.9725363 0.2327516 0 0.9725363 0.175234 0 0.9845269 0.175234 0 0.9845269 0.1171789 0 0.9931108 0.1171789 0 0.9931108 0.05870409 0 0.9982755 0.05870409 0 0.9982755 -0 0 1 0 0 1 -0.05870409 0 0.9982755 -0.05870409 0 0.9982755 -0.1171789 0 0.9931108 -0.1171789 0 0.9931108 -0.175234 0 0.9845269 -0.175234 0 0.9845269 -0.2327516 0 0.9725363 -0.2327516 0 0.9725363 -0.2893941 0 0.95721 -0.2893941 0 0.95721 -0.3450787 0 0.9385738 -0.3450787 0 0.9385738 -0.3995769 0 0.9166997 -0.3995769 0 0.9166997 -0.4526678 0 0.8916793 -0.4526678 0 0.8916793 -0.5042523 0 0.8635564 -0.5042523 0 0.8635564 -0.5540272 0 0.8324986 -0.5540272 0 0.8324986 -0.6019465 0 0.7985364 -0.6477711 0 0.7618351 -0.6019465 0 0.7985364 -0.6913728 0 0.7224982 -0.6477711 0 0.7618351 -0.7325775 0 0.6806836 -0.6913728 0 0.7224982 -0.771259 0 0.6365216 -0.7325775 0 0.6806836 -0.8072906 0 0.5901542 -0.771259 0 0.6365216 -0.8405247 0 0.5417731 -0.8072906 0 0.5901542 -0.8405247 0 0.5417731 -0.8708811 0 0.4914937 -0.8982207 0 0.4395449 -0.8708811 0 0.4914937 -0.8982207 0 0.4395449 -0.9224718 0 0.3860643 -0.9224718 0 0.3860643 -0.9435332 0 0.3312776 -0.9435332 0 0.3312776 -0.9613519 0 0.2753224 -0.9613519 0 0.2753224 -0.9758541 0 0.2184233 -0.9758541 0 0.2184233 -0.986989 0 0.1607873 -0.986989 0 0.1607873 -0.9947246 0 0.102582 -0.9947246 0 0.102582 -0.9990304 0 0.04402646 -0.9990304 0 0.04402646 -0.9998923 0 -0.01467978 -0.9998923 0 -0.01467978 -0.9973074 -0 -0.07333501 -0.9973074 0 -0.07333501 -0.9912844 -0 -0.1317395 -0.9912844 0 -0.1317395 -0.9818442 0 -0.1896889 -0.9818442 0 -0.1896889 -0.9690208 -0 -0.2469787 -0.9690208 0 -0.2469787 -0.9528529 0 -0.3034326 -0.9528529 0 -0.3034326 -0.9334067 0 -0.3588201 -0.9334067 0 -0.3588201 -0.910734 0 -0.4129934 -0.910734 0 -0.4129934 -0.8849364 -0 -0.4657119 -0.8849364 0 -0.4657119 -0.8560705 -0 -0.5168589 -0.8560705 0 -0.5168589 -0.8242655 0 -0.5662035 -0.8242655 0 -0.5662035 -0.7522511 -0 -0.6588765 -0.7896094 0 -0.6136098 -0.7896094 0 -0.6136098 -0.7122813 -0 -0.7018941 -0.7522511 0 -0.6588765 -0.6698382 -0 -0.742507 -0.7122813 0 -0.7018941 -0.6698382 0 -0.742507 -0.6251389 0 -0.7805135 -0.5782486 -0 -0.8158606 -0.6251389 0 -0.7805135 -0.5782486 0 -0.8158606 -0.5293682 0 -0.8483922 -0.4786552 -0 -0.8780029 -0.5293682 0 -0.8483922 -0.4786552 0 -0.8780029 -0.426296 -0 -0.9045838 -0.3725147 -0 -0.9280263 -0.426296 0 -0.9045838 -0.3725147 0 -0.9280263 -0.3173706 0 -0.9483016 -0.3173706 0 -0.9483016 -0.2611871 0 -0.9652882 -0.2040883 -0 -0.9789525 -0.2611871 0 -0.9652882 -0.1462638 -0 -0.9892457 -0.2040883 0 -0.9789525 -0.1462638 0 -0.9892457 -0.08797967 0 -0.9961223 -0.08797967 0 -0.9961223 -0.02935207 0 -0.9995692 -0.02935207 0 -0.9995692 0.611274 0 -0.791419 0.6566762 0 -0.7541726 0.611274 0 -0.791419 0.6998177 0 -0.7143216 0.6566762 0 -0.7541726 0.7405035 0 -0.6720524 0.6998177 0 -0.7143216 0.7786922 0 -0.6274062 0.7405035 0 -0.6720524 0.8141529 0 -0.5806505 0.7786922 0 -0.6274062 0.8468411 0 -0.5318459 0.8141529 0 -0.5806505 0.8765917 0 -0.4812349 0.8468411 0 -0.5318459 0.9033234 0 -0.4289602 0.8765917 0 -0.4812349 0.926936 0 -0.3752193 0.9033234 0 -0.4289602 0.9473642 0 -0.3201577 0.926936 0 -0.3752193 0.9645191 0 -0.2640131 0.9473642 0 -0.3201577 0.9783494 0 -0.20696 0.9645191 0 -0.2640131 0.9888115 0 -0.1491702 0.9783494 0 -0.20696 0.9958598 0 -0.09090273 0.9888115 0 -0.1491702 0.9994784 0 -0.03229425 0.9958598 0 -0.09090273 0.9996507 0 0.02642829 0.9994784 0 -0.03229425 0.9963777 0 0.08503799 0.9996507 0 0.02642829 0.9896682 0 0.1433767 0.9963777 0 0.08503799 0.9795495 0 0.2012032 0.9896682 0 0.1433767 0.9660543 0 0.2583393 0.9795495 0 0.2012032 0.9660543 0 0.2583393 0.9492227 0 0.3146049 0.9492227 0 0.3146049 0.9291263 0 0.3697625 0.9291263 0 0.3697625 0.9058235 0 0.4236553 0.9058235 0 0.4236553 0.879408 0 0.4760689 0.879408 0 0.4760689 0.8499295 0 0.5268967 0.8499295 0 0.5268967 0.8175659 0 0.5758351 0.8175659 0 0.5758351 0.7823488 0 0.6228406 0.7823488 0 0.6228406 0.7444636 0 0.667663 0.7444636 0 0.667663 0.7039852 0 0.7102148 0.6610766 0 0.7503184 0.7039852 0 0.7102148 0.615931 0 0.7878001 0.6610766 0 0.7503184 0.5686187 0 0.8226013 0.615931 0 0.7878001 0.5193576 0 0.854557 0.5686187 0 0.8226013 0.4683293 0 0.883554 0.5193576 0 0.854557 0.4156694 0 0.9095157 0.4683293 0 0.883554 0.3615516 0 0.9323521 0.4156694 0 0.9095157 0.3062121 0 0.9519634 0.3615516 0 0.9323521 0.2498353 0 0.9682884 0.3062121 0 0.9519634 0.1925833 0 0.9812807 0.2498353 0 0.9682884 0.1346467 0 0.9908937 0.1925833 0 0.9812807 0.0762464 0 0.997089 0.1346467 0 0.9908937 0.01761891 0 0.9998447 0.0762464 0 0.997089 -0.04108527 0 0.9991556 0.01761891 0 0.9998447 -0.09967401 0 0.9950202 -0.04108527 0 0.9991556 -0.1578817 0 0.9874581 -0.09967401 0 0.9950202 -0.1578817 0 0.9874581 -0.2155544 0 0.9764919 -0.2155544 0 0.9764919 -0.2724994 0 0.9621559 -0.2724994 0 0.9621559 -0.3284924 0 0.9445066 -0.3284924 0 0.9445066 -0.3833722 0 0.9235939 -0.3833722 0 0.9235939 -0.4368877 0 0.8995161 -0.4368877 0 0.8995161 -0.4889606 0 0.8723059 -0.4889606 0 0.8723059 -0.5392771 0 0.8421284 -0.5392771 0 0.8421284 -0.587799 0 0.809007 -0.587799 0 0.809007 -0.6342446 0 0.7731325 -0.6342446 0 0.7731325 -0.6785372 0 0.734566 -0.6785372 0 0.734566 -0.7204599 0 0.6934966 -0.7204599 0 0.6934966 -0.7599441 0 0.6499885 -0.7599441 0 0.6499885 -0.7967551 0 0.6043024 -0.7967551 0 0.6043024 -0.8308636 0 0.5564761 -0.8308636 0 0.5564761 -0.86208 0 0.506772 -0.86208 0 0.506772 -0.8903393 0 0.4552976 -0.8903393 0 0.4552976 -0.9155291 0 0.4022519 -0.9155291 0 0.4022519 -0.9375501 0 0.3478502 -0.9375501 0 0.3478502 -0.9563507 0 0.2922215 -0.9718554 0 0.2355781 -0.9563507 0 0.2922215 -0.9840047 0 0.1781421 -0.9718554 0 0.2355781 -0.9927639 0 0.1200825 -0.9840047 0 0.1781421 -0.9980991 0 0.06162875 -0.9927639 0 0.1200825 -0.9999957 0 0.002923741 -0.9980991 0 0.06162875 -0.9984453 -0 -0.05574095 -0.9999957 0 0.002923741 -0.9984453 0 -0.05574095 -0.9934516 -0 -0.1142542 -0.9850322 -0 -0.1723701 -0.9934516 0 -0.1142542 -0.9850322 0 -0.1723701 -0.9732168 -0 -0.2298892 -0.9732168 0 -0.2298892 -0.9580564 -0 -0.2865799 -0.9580564 0 -0.2865799 -0.9395801 -0 -0.3423291 -0.9395801 0 -0.3423291 -0.9178681 -0 -0.3968855 -0.9178681 0 -0.3968855 -0.893001 -0 -0.4500548 -0.893001 0 -0.4500548 -0.8650514 -0 -0.5016832 -0.8650514 0 -0.5016832 -0.8340966 -0 -0.5516183 -0.8340966 0 -0.5516183 -0.8003026 0 -0.5995964 -0.8003026 0 -0.5995964 -0.763745 -0 -0.6455181 -0.763745 0 -0.6455181 -0.724525 -0 -0.6892485 -0.724525 0 -0.6892485 -0.682826 -0 -0.730581 -0.682826 0 -0.730581 -0.6387887 -0 -0.7693822 -0.6387887 0 -0.7693822 -0.5925353 0 -0.8055445 -0.5925353 0 -0.8055445 -0.544205 -0 -0.8389523 -0.544205 0 -0.8389523 -0.494059 0 -0.8694283 -0.494059 0 -0.8694283 -0.4421922 -0 -0.8969203 -0.4421922 0 -0.8969203 -0.3887933 -0 -0.921325 -0.3887933 0 -0.921325 -0.3340353 0 -0.9425606 -0.3340353 0 -0.9425606 -0.221327 -0 -0.9751996 -0.2781165 0 -0.9605473 -0.2781165 0 -0.9605473 -0.1636521 -0 -0.9865181 -0.221327 0 -0.9751996 -0.1055223 -0 -0.994417 -0.1636521 0 -0.9865181 -0.1055223 0 -0.994417 -0.04693323 0 -0.998898 0.0117331 0 -0.9999311 -0.04693323 0 -0.998898 0.0117331 0 -0.9999311 0.07039961 0 -0.9975188 0.1288335 0 -0.9916662 0.07039961 0 -0.9975188 0.1288335 0 -0.9916662 0.1868135 0 -0.9823954 0.244109 0 -0.9697478 0.1868135 0 -0.9823954 0.3006265 0 -0.953742 0.244109 0 -0.9697478 0.3006265 0 -0.953742 0.3560859 0 -0.9344532 0.4103186 0 -0.9119422 0.3560859 0 -0.9344532 0.4631327 0 -0.8862889 0.4103186 0 -0.9119422 0.514344 0 -0.8575839 0.4631327 0 -0.8862889 0.514344 0 -0.8575839 0.563769 0 -0.8259326 0.563769 0 -0.8259326 0.9597226 0 -0.2809494 0.9745538 0 -0.224154 0.9597226 0 -0.2809494 0.9860253 0 -0.1665956 0.9745538 0 -0.224154 0.9941086 0 -0.1083884 0.9860253 0 -0.1665956 0.9987535 0 -0.04991379 0.9941086 0 -0.1083884 0.999961 0 0.008828581 0.9987535 0 -0.04991379 0.9977223 0 0.06745628 0.999961 0 0.008828581 0.9920391 0 0.1259301 0.9977223 0 0.06745628 0.9829432 0 0.1839095 0.9920391 0 0.1259301 0.9704565 0 0.2412764 0.9829432 0 0.1839095 0.9546164 0 0.2978381 0.9704565 0 0.2412764 0.9354969 0 0.353335 0.9546164 0 0.2978381 0.9131437 0 0.4076379 0.9354969 0 0.353335 0.8876565 0 0.4605063 0.9131437 0 0.4076379 0.8590898 0 0.511825 0.8876565 0 0.4605063 0.8275754 0 0.5613545 0.8590898 0 0.511825 0.7932111 0 0.6089467 0.8275754 0 0.5613545 0.7560993 0 0.6544568 0.7932111 0 0.6089467 0.7163753 0 0.6977152 0.7560993 0 0.6544568 0.6742089 0 0.7385407 0.7163753 0 0.6977152 0.6296973 0 0.7768406 0.6742089 0 0.7385407 0.6296973 0 0.7768406 0.5830263 0 0.8124533 0.5830263 0 0.8124533 0.5343308 0 0.8452755 0.5343308 0 0.8452755 0.4838117 0 0.8751721 0.4838117 0 0.8751721 0.4316215 0 0.9020548 0.4316215 0 0.9020548 0.3779214 0 0.9258377 0.3779214 0 0.9258377 0.3229502 0 0.946416 0.3229502 0 0.946416 0.2668474 0 0.9637389 0.2668474 0 0.9637389 0.2098279 0 0.9777383 0.2098279 0 0.9777383 0.1520866 0 0.9883671 0.09381664 0 0.9955894 0.1520866 0 0.9883671 0.03521849 0 0.9993796 0.09381664 0 0.9955894 -0.02348538 0 0.9997242 0.03521849 0 0.9993796 -0.08211239 0 0.996623 -0.02348538 0 0.9997242 -0.1404675 0 0.9900853 -0.08211239 0 0.996623 -0.1983315 0 0.980135 -0.1404675 0 0.9900853 -0.2555086 0 0.9668068 -0.1983315 0 0.980135 -0.3118044 0 0.9501463 -0.2555086 0 0.9668068 -0.3670343 0 0.9302074 -0.3118044 0 0.9501463 -0.4209968 0 0.9070621 -0.3670343 0 0.9302074 -0.4735032 0 0.8807921 -0.4209968 0 0.9070621 -0.5243602 0 0.8514965 -0.4735032 0 0.8807921 -0.5734559 0 0.8192364 -0.5243602 0 0.8514965 -0.6205345 0 0.7841791 -0.5734559 0 0.8192364 -0.665484 0 0.7464121 -0.6205345 0 0.7841791 -0.7081331 0 0.7060789 -0.665484 0 0.7464121 -0.7081331 0 0.7060789 -0.7483637 0 0.6632885 -0.7483637 0 0.6632885 -0.785999 0 0.6182278 -0.785999 0 0.6182278 -0.8209278 0 0.571032 -0.8209278 0 0.571032 -0.8530215 0 0.5218759 -0.8530215 0 0.5218759 -0.8821868 0 0.4708997 -0.8821868 0 0.4708997 -0.9082907 0 0.4183395 -0.9082907 0 0.4183395 -0.9312806 0 0.3643028 -0.9312806 0 0.3643028 -0.9510617 0 0.3090009 -0.9510617 0 0.3090009 -0.9675542 0 0.2526638 -0.9675542 0 0.2526638 -0.9807135 0 0.1954509 -0.9807135 0 0.1954509 -0.9904896 0 0.1375879 -0.9904896 0 0.1375879 -0.9968596 0 0.07918925 -0.9968596 0 0.07918925 -0.9997894 0 0.02052359 -0.9997894 0 0.02052359 -0.9992723 -0 -0.0381425 -0.9992723 0 -0.0381425 -0.9953105 -0 -0.09673154 -0.9953105 0 -0.09673154 -0.987918 -0 -0.1549773 -0.987918 0 -0.1549773 -0.9771124 0 -0.212724 -0.9771124 0 -0.212724 -0.9629515 -0 -0.2696746 -0.9629515 0 -0.2696746 -0.9454722 0 -0.3257027 -0.9247165 -0 -0.3806566 -0.9454722 0 -0.3257027 -0.9007948 -0 -0.434245 -0.9247165 0 -0.3806566 -0.8737324 -0 -0.486407 -0.9007948 0 -0.434245 -0.8436969 -0 -0.5368199 -0.8737324 0 -0.486407 -0.810746 -0 -0.5853981 -0.8436969 0 -0.5368199 -0.7749805 -0 -0.6319851 -0.810746 0 -0.5853981 -0.7749805 0 -0.6319851 -0.736568 -0 -0.6763635 -0.6955919 -0 -0.7184372 -0.736568 0 -0.6763635 -0.6955919 0 -0.7184372 -0.6522451 -0 -0.7580081 -0.6522451 0 -0.7580081 -0.6066263 -0 -0.7949871 -0.6066263 0 -0.7949871 -0.5589154 -0 -0.8292246 -0.5589154 0 -0.8292246 -0.5093028 -0 -0.8605874 -0.5093028 0 -0.8605874 -0.4579056 -0 -0.8890008 -0.4579056 0 -0.8890008 -0.4049449 -0 -0.9143412 -0.4049449 0 -0.9143412 -0.3505957 -0 -0.936527 -0.3505957 0 -0.936527 -0.2950156 0 -0.9554924 -0.2950156 0 -0.9554924 -0.2384417 -0 -0.9711568 -0.2384417 0 -0.9711568 -0.1810316 0 -0.9834773 -0.1810316 0 -0.9834773 -0.1229951 0 -0.9924073 -0.1229951 0 -0.9924073 -0.06455294 -0 -0.9979143 -0.06455294 0 -0.9979143 -0.005876069 0 -0.9999828 -0.005876069 0 -0.9999828 0.05282914 0 -0.9986035 0.05282914 0 -0.9986035 0.1113386 0 -0.9937825 0.1113386 0 -0.9937825 0.1694759 0 -0.9855343 0.1694759 0 -0.9855343 0.2270103 0 -0.9738924 0.2270103 0 -0.9738924 0.2837783 0 -0.9588899 0.2837783 0 -0.9588899 0.3941741 0 -0.9190358 0.3395703 0 -0.9405806 0.3395703 0 -0.9405806 0.4474353 0 -0.8943163 0.3941741 0 -0.9190358 0.4991632 0 -0.866508 0.4474353 0 -0.8943163 0.4991632 0 -0.866508 0.5491447 0 -0.8357273 0.5972447 0 -0.8020591 0.5491447 0 -0.8357273 0.5972447 0 -0.8020591 0.6432768 0 -0.7656337 0.6871205 0 -0.7265434 0.6432768 0 -0.7656337 0.6871205 0 -0.7265434 0.7285747 0 -0.6849664 0.7675065 0 -0.6410411 0.7285747 0 -0.6849664 0.7675065 0 -0.6410411 0.8038144 0 -0.5948802 0.8038144 0 -0.5948802 0.8373216 0 -0.5467107 0.8679867 0 -0.4965875 0.8373216 0 -0.5467107 0.8956183 0 -0.4448233 0.8679867 0 -0.4965875 0.9201881 0 -0.3914767 0.8956183 0 -0.4448233 0.9201881 0 -0.3914767 0.9415693 0 -0.3368193 0.9415693 0 -0.3368193 0.9415693 0 0.3368193 0.9201881 0 0.3914767 0.9415693 0 0.3368193 0.8956183 0 0.4448233 0.9201881 0 0.3914767 0.8679867 0 0.4965875 0.8956183 0 0.4448233 0.8373216 0 0.5467107 0.8679867 0 0.4965875 0.8038144 0 0.5948802 0.8373216 0 0.5467107 0.7675065 0 0.6410411 0.8038144 0 0.5948802 0.7285747 0 0.6849664 0.7675065 0 0.6410411 0.6871205 0 0.7265434 0.7285747 0 0.6849664 0.6432768 0 0.7656337 0.6871205 0 0.7265434 0.5972447 0 0.8020591 0.6432768 0 0.7656337 0.5491447 0 0.8357273 0.5972447 0 0.8020591 0.4991632 0 0.866508 0.5491447 0 0.8357273 0.4474353 0 0.8943163 0.4991632 0 0.866508 0.3941741 0 0.9190358 0.4474353 0 0.8943163 0.3395703 0 0.9405806 0.3941741 0 0.9190358 0.2837783 0 0.9588899 0.3395703 0 0.9405806 0.2270103 0 0.9738924 0.2837783 0 0.9588899 0.1694759 0 0.9855343 0.2270103 0 0.9738924 0.1113386 0 0.9937825 0.1694759 0 0.9855343 0.05282914 0 0.9986035 0.1113386 0 0.9937825 0.05282914 0 0.9986035 -0.005876069 0 0.9999828 -0.005876069 0 0.9999828 -0.06455294 0 0.9979143 -0.06455294 0 0.9979143 -0.1229951 0 0.9924073 -0.1229951 0 0.9924073 -0.1810316 0 0.9834773 -0.1810316 0 0.9834773 -0.2384417 0 0.9711568 -0.2384417 0 0.9711568 -0.2950156 0 0.9554924 -0.2950156 0 0.9554924 -0.3505957 0 0.936527 -0.3505957 0 0.936527 -0.4049449 0 0.9143412 -0.4049449 0 0.9143412 -0.4579056 0 0.8890008 -0.5093028 0 0.8605874 -0.4579056 0 0.8890008 -0.5589154 0 0.8292246 -0.5093028 0 0.8605874 -0.6066263 0 0.7949871 -0.5589154 0 0.8292246 -0.6522451 0 0.7580081 -0.6066263 0 0.7949871 -0.6955919 0 0.7184372 -0.6522451 0 0.7580081 -0.736568 0 0.6763635 -0.6955919 0 0.7184372 -0.7749805 0 0.6319851 -0.736568 0 0.6763635 -0.810746 0 0.5853981 -0.7749805 0 0.6319851 -0.8436969 0 0.5368199 -0.810746 0 0.5853981 -0.8737324 0 0.486407 -0.8436969 0 0.5368199 -0.9007948 0 0.434245 -0.8737324 0 0.486407 -0.9247165 0 0.3806566 -0.9007948 0 0.434245 -0.9454722 0 0.3257027 -0.9247165 0 0.3806566 -0.9629515 0 0.2696746 -0.9454722 0 0.3257027 -0.9771124 0 0.212724 -0.9629515 0 0.2696746 -0.9771124 0 0.212724 -0.987918 0 0.1549773 -0.987918 0 0.1549773 -0.9953105 0 0.09673154 -0.9953105 0 0.09673154 -0.9992723 0 0.0381425 -0.9992723 0 0.0381425 -0.9997894 -0 -0.02052359 -0.9997894 0 -0.02052359 -0.9968596 -0 -0.07918925 -0.9968596 0 -0.07918925 -0.9904896 -0 -0.1375879 -0.9904896 0 -0.1375879 -0.9807135 -0 -0.1954509 -0.9807135 0 -0.1954509 -0.9675542 -0 -0.2526638 -0.9675542 0 -0.2526638 -0.9510617 -0 -0.3090009 -0.9510617 0 -0.3090009 -0.9312806 -0 -0.3643028 -0.9312806 0 -0.3643028 -0.9082907 -0 -0.4183395 -0.9082907 0 -0.4183395 -0.8821868 -0 -0.4708997 -0.8821868 0 -0.4708997 -0.8530215 -0 -0.5218759 -0.8530215 0 -0.5218759 -0.8209278 0 -0.571032 -0.8209278 0 -0.571032 -0.785999 -0 -0.6182278 -0.785999 0 -0.6182278 -0.7483637 -0 -0.6632885 -0.7483637 0 -0.6632885 -0.7081331 -0 -0.7060789 -0.7081331 0 -0.7060789 -0.665484 -0 -0.7464121 -0.665484 0 -0.7464121 -0.6205345 -0 -0.7841791 -0.5734559 -0 -0.8192364 -0.6205345 0 -0.7841791 -0.5243602 -0 -0.8514965 -0.5734559 0 -0.8192364 -0.4735032 -0 -0.8807921 -0.5243602 0 -0.8514965 -0.4209968 -0 -0.9070621 -0.4735032 0 -0.8807921 -0.3670343 -0 -0.9302074 -0.4209968 0 -0.9070621 -0.3118044 -0 -0.9501463 -0.3670343 0 -0.9302074 -0.2555086 -0 -0.9668068 -0.3118044 0 -0.9501463 -0.2555086 0 -0.9668068 -0.1983315 -0 -0.980135 -0.1404675 -0 -0.9900853 -0.1983315 0 -0.980135 -0.1404675 0 -0.9900853 -0.08211239 0 -0.996623 -0.08211239 0 -0.996623 -0.02348538 -0 -0.9997242 -0.02348538 0 -0.9997242 0.03521849 0 -0.9993796 0.03521849 0 -0.9993796 0.09381664 0 -0.9955894 0.09381664 0 -0.9955894 0.1520866 0 -0.9883671 0.1520866 0 -0.9883671 0.2098279 0 -0.9777383 0.2098279 0 -0.9777383 0.2668474 0 -0.9637389 0.2668474 0 -0.9637389 0.3229502 0 -0.946416 0.3229502 0 -0.946416 0.3779214 0 -0.9258377 0.3779214 0 -0.9258377 0.4316215 0 -0.9020548 0.4316215 0 -0.9020548 0.4838117 0 -0.8751721 0.4838117 0 -0.8751721 0.5343308 0 -0.8452755 0.5343308 0 -0.8452755 0.5830263 0 -0.8124533 0.5830263 0 -0.8124533 0.6296973 0 -0.7768406 0.6296973 0 -0.7768406 0.6742089 0 -0.7385407 0.6742089 0 -0.7385407 0.7163753 0 -0.6977152 0.7163753 0 -0.6977152 0.7560993 0 -0.6544568 0.7560993 0 -0.6544568 0.7932111 0 -0.6089467 0.7932111 0 -0.6089467 0.8590898 0 -0.511825 0.8275754 0 -0.5613545 0.8275754 0 -0.5613545 0.8590898 0 -0.511825 0.8876565 0 -0.4605063 0.9131437 0 -0.4076379 0.8876565 0 -0.4605063 0.9354969 0 -0.353335 0.9131437 0 -0.4076379 0.9546164 0 -0.2978381 0.9354969 0 -0.353335 0.9546164 0 -0.2978381 0.9704565 0 -0.2412764 0.9704565 0 -0.2412764 0.9829432 0 -0.1839095 0.9829432 0 -0.1839095 0.9920391 0 -0.1259301 0.9977223 0 -0.06745628 0.9920391 0 -0.1259301 0.999961 0 -0.008828581 0.9977223 0 -0.06745628 0.9987535 0 0.04991379 0.999961 0 -0.008828581 0.9941086 0 0.1083884 0.9987535 0 0.04991379 0.9941086 0 0.1083884 0.9860253 0 0.1665956 0.9745538 0 0.224154 0.9860253 -0 0.1665956 0.9745538 0 0.224154 0.9597226 0 0.2809494 0.9597226 -0 0.2809494 0.563769 0 0.8259326 0.514344 0 0.8575839 0.563769 0 0.8259326 0.4631327 0 0.8862889 0.514344 0 0.8575839 0.4103186 0 0.9119422 0.4631327 0 0.8862889 0.3560859 0 0.9344532 0.4103186 0 0.9119422 0.3006265 0 0.953742 0.3560859 0 0.9344532 0.244109 0 0.9697478 0.3006265 0 0.953742 0.1868135 0 0.9823954 0.244109 0 0.9697478 0.1288335 0 0.9916662 0.1868135 0 0.9823954 0.07039961 0 0.9975188 0.1288335 0 0.9916662 0.0117331 0 0.9999311 0.07039961 0 0.9975188 -0.04693323 0 0.998898 0.0117331 0 0.9999311 -0.1055223 0 0.994417 -0.04693323 0 0.998898 -0.1636521 0 0.9865181 -0.1055223 0 0.994417 -0.221327 0 0.9751996 -0.1636521 0 0.9865181 -0.2781165 0 0.9605473 -0.221327 0 0.9751996 -0.3340353 0 0.9425606 -0.2781165 0 0.9605473 -0.3887933 0 0.921325 -0.3340353 0 0.9425606 -0.4421922 0 0.8969203 -0.3887933 0 0.921325 -0.494059 0 0.8694283 -0.4421922 0 0.8969203 -0.544205 0 0.8389523 -0.494059 0 0.8694283 -0.544205 0 0.8389523 -0.5925353 0 0.8055445 -0.5925353 0 0.8055445 -0.6387887 0 0.7693822 -0.6387887 0 0.7693822 -0.682826 0 0.730581 -0.682826 0 0.730581 -0.724525 0 0.6892485 -0.724525 0 0.6892485 -0.763745 0 0.6455181 -0.763745 0 0.6455181 -0.8003026 0 0.5995964 -0.8003026 0 0.5995964 -0.8340966 0 0.5516183 -0.8340966 0 0.5516183 -0.8650514 0 0.5016832 -0.8650514 0 0.5016832 -0.893001 0 0.4500548 -0.9178681 0 0.3968855 -0.893001 0 0.4500548 -0.9395801 0 0.3423291 -0.9178681 0 0.3968855 -0.9580564 0 0.2865799 -0.9395801 0 0.3423291 -0.9732168 0 0.2298892 -0.9580564 0 0.2865799 -0.9850322 0 0.1723701 -0.9732168 0 0.2298892 -0.9934516 0 0.1142542 -0.9850322 0 0.1723701 -0.9984453 0 0.05574095 -0.9934516 0 0.1142542 -0.9999957 -0 -0.002923741 -0.9984453 0 0.05574095 -0.9980991 -0 -0.06162875 -0.9999957 0 -0.002923741 -0.9927639 -0 -0.1200825 -0.9980991 0 -0.06162875 -0.9840047 -0 -0.1781421 -0.9927639 0 -0.1200825 -0.9718554 -0 -0.2355781 -0.9840047 0 -0.1781421 -0.9563507 -0 -0.2922215 -0.9718554 0 -0.2355781 -0.9375501 -0 -0.3478502 -0.9563507 0 -0.2922215 -0.9155291 -0 -0.4022519 -0.9375501 0 -0.3478502 -0.8903393 -0 -0.4552976 -0.9155291 0 -0.4022519 -0.8903393 0 -0.4552976 -0.86208 -0 -0.506772 -0.86208 0 -0.506772 -0.8308636 -0 -0.5564761 -0.8308636 0 -0.5564761 -0.7967551 -0 -0.6043024 -0.7967551 0 -0.6043024 -0.7599441 -0 -0.6499885 -0.7599441 0 -0.6499885 -0.7204599 -0 -0.6934966 -0.7204599 0 -0.6934966 -0.6785372 -0 -0.734566 -0.6785372 0 -0.734566 -0.6342446 -0 -0.7731325 -0.6342446 0 -0.7731325 -0.587799 -0 -0.809007 -0.587799 0 -0.809007 -0.5392771 -0 -0.8421284 -0.5392771 0 -0.8421284 -0.4889606 -0 -0.8723059 -0.4889606 0 -0.8723059 -0.4368877 -0 -0.8995161 -0.4368877 0 -0.8995161 -0.3833722 -0 -0.9235939 -0.3833722 0 -0.9235939 -0.3284924 -0 -0.9445066 -0.3284924 0 -0.9445066 -0.2724994 -0 -0.9621559 -0.2724994 0 -0.9621559 -0.2155544 -0 -0.9764919 -0.2155544 0 -0.9764919 -0.1578817 -0 -0.9874581 -0.1578817 0 -0.9874581 -0.09967401 -0 -0.9950202 -0.09967401 0 -0.9950202 -0.04108527 -0 -0.9991556 -0.04108527 0 -0.9991556 0.01761891 0 -0.9998447 0.0762464 0 -0.997089 0.01761891 0 -0.9998447 0.1346467 0 -0.9908937 0.0762464 0 -0.997089 0.1925833 0 -0.9812807 0.1346467 0 -0.9908937 0.2498353 0 -0.9682884 0.1925833 0 -0.9812807 0.3062121 0 -0.9519634 0.2498353 0 -0.9682884 0.3615516 0 -0.9323521 0.3062121 0 -0.9519634 0.3615516 0 -0.9323521 0.4156694 0 -0.9095157 0.4683293 0 -0.883554 0.4156694 0 -0.9095157 0.4683293 0 -0.883554 0.5193576 0 -0.854557 0.5193576 0 -0.854557 0.5686187 0 -0.8226013 0.5686187 0 -0.8226013 0.615931 0 -0.7878001 0.615931 0 -0.7878001 0.6610766 0 -0.7503184 0.6610766 0 -0.7503184 0.7039852 0 -0.7102148 0.7039852 0 -0.7102148 0.7444636 0 -0.667663 0.7444636 0 -0.667663 0.7823488 0 -0.6228406 0.7823488 0 -0.6228406 0.8175659 0 -0.5758351 0.8175659 0 -0.5758351 0.8499295 0 -0.5268967 0.8499295 0 -0.5268967 0.879408 0 -0.4760689 0.879408 0 -0.4760689 0.9058235 0 -0.4236553 0.9058235 0 -0.4236553 0.9291263 0 -0.3697625 0.9291263 0 -0.3697625 0.9492227 0 -0.3146049 0.9492227 0 -0.3146049 0.9660543 0 -0.2583393 0.9660543 0 -0.2583393 0.9795495 0 -0.2012032 0.9795495 0 -0.2012032 0.9896682 0 -0.1433767 0.9896682 0 -0.1433767 0.9963777 0 -0.08503799 0.9963777 0 -0.08503799 0.9996507 0 -0.02642829 0.9996507 0 -0.02642829 0.9958598 0 0.09090273 0.9994784 -0 0.03229425 0.9994784 0 0.03229425 0.9888115 0 0.1491702 0.9958598 0 0.09090273 0.9783494 0 0.20696 0.9888115 0 0.1491702 0.9783494 0 0.20696 0.9645191 0 0.2640131 0.9473642 0 0.3201577 0.9645191 -0 0.2640131 0.9473642 0 0.3201577 0.926936 0 0.3752193 0.9033234 0 0.4289602 0.926936 -0 0.3752193 0.9033234 0 0.4289602 0.8765917 0 0.4812349 0.8468411 0 0.5318459 0.8765917 0 0.4812349 0.8141529 0 0.5806505 0.8468411 0 0.5318459 0.8141529 0 0.5806505 0.7786922 0 0.6274062 0.7405035 0 0.6720524 0.7786922 -0 0.6274062 0.6998177 0 0.7143216 0.7405035 0 0.6720524 0.6566762 0 0.7541726 0.6998177 0 0.7143216 0.6566762 0 0.7541726 0.611274 0 0.791419 0.611274 -0 0.791419 0.7055679 0.7066669 -0.05287474 0.7055678 0.7066671 -0.05287492 0.6967972 0.706667 -0.1228628 0.7020555 0.7066667 0.08797912 0.6982736 0.7104624 0.08750518 0.7020555 0.7066668 0.08797882 0.7063374 0.706997 0.03525181 0.703702 0.7069971 0.07041658 0.7073265 0.7066669 0.01764018 0.6605197 0.7046342 -0.2592382 0.02075954 0.7069536 0.7069552 0.6353777 0.7068396 -0.3109225 0.6523291 0.70706 -0.2730068 0.6967975 0.7066664 -0.122865 0.7063375 0.7069969 -0.03525182 0.7072166 0.7069969 0 0.7073268 0.7066666 0.01763946 0.7035165 0.7104623 0.0175444 0.5957671 0.7054057 -0.3840109 0.6152683 0.7077235 -0.3472351 0.6313801 0.7046886 -0.3236867 0.6811025 0.7066662 -0.1916306 0.6811013 0.7066669 -0.1916323 0.6993178 0.706997 -0.1054037 0.7037022 0.706997 -0.0704166 0.7055681 0.7066667 -0.05287476 0.6967973 0.7066667 -0.1228649 0.7017674 0.7104623 -0.05259057 0.7055678 0.706667 -0.05287534 0.5703146 0.7077577 -0.4169175 0.5955281 0.7052694 -0.3846315 0.01764031 0.7069997 0.7069938 0.6586344 0.7066678 -0.2584982 0.6586362 0.7066669 -0.2584959 0.6853479 0.7069964 -0.1745114 0.6931941 0.7069966 -0.1401352 0.696797 0.7066672 -0.1228635 0.6930438 0.7104626 -0.1222018 0.554693 0.7047254 -0.4423548 0.5179711 0.7071606 -0.4812794 0.5456606 0.70672 -0.4503348 0.6296254 0.706668 -0.3227884 0.6296261 0.7066677 -0.3227876 0.664569 0.7069958 -0.241878 0.6757981 0.7069958 -0.2084558 0.6811011 0.7066675 -0.191631 0.6774337 0.7104614 -0.1905992 0.6811016 0.7066671 -0.1916303 0.5079741 0.7046152 -0.495459 0.4588048 0.7059292 -0.5395944 0.4885449 0.7075831 -0.510539 0.5943539 0.7066677 -0.3838804 0.5531821 0.7066656 -0.4411499 0.5943589 0.7066658 -0.3838763 0.6516821 0.7069978 -0.2747083 0.6586351 0.7066671 -0.2584984 0.658637 0.7066661 -0.2584962 0.6550872 0.7104627 -0.257106 0.6371801 0.7069978 -0.3068478 0.4252149 0.7078131 -0.564086 0.4558469 0.7050282 -0.5432667 0.5531833 0.7066666 -0.4411469 0.6262335 0.7104634 -0.3210503 0.6296268 0.7066659 -0.3227899 0.6296273 0.7066657 -0.3227894 0.6034619 0.7069978 -0.3687654 0.6210914 0.7069978 -0.3382302 0.3995827 0.7048672 -0.5860852 0.3564042 0.7074162 -0.6103593 0.3921946 0.706315 -0.5893238 0.5065131 0.7066646 -0.494034 0.4547991 0.7066643 -0.5420179 0.5065074 0.7066665 -0.4940372 0.5943536 0.706668 -0.3838803 0.591156 0.7104632 -0.381807 0.5943593 0.7066656 -0.3838759 0.5637495 0.7069957 -0.4270171 0.5843259 0.7069958 -0.3983971 0.2828303 0.7063884 -0.6488624 0.3199608 0.7073798 -0.6302689 0.3393841 0.7045912 -0.6231932 0.4548025 0.7066661 -0.5420126 0.5502006 0.7104626 -0.4387735 0.5531833 0.7066665 -0.441147 0.5531797 0.706668 -0.4411492 0.5184342 0.7069965 -0.4810219 0.5417556 0.7069964 -0.4545953 0.2437654 0.7078075 -0.6630135 0.2755329 0.7048405 -0.6536677 0.3383951 0.7066677 -0.6213771 0.3985768 0.7066661 -0.5846021 0.3985724 0.7066675 -0.5846034 0.5037792 0.7104642 -0.4913729 0.5065068 0.7066674 -0.4940366 0.5065091 0.7066665 -0.4940355 0.4679579 0.7069972 -0.5302551 0.4937985 0.7069972 -0.5062785 0.20903 0.7050644 -0.6776361 0.1644626 0.7076118 -0.6871955 0.204996 0.7058485 -0.6780519 0.3383889 0.706665 -0.6213835 0.4548007 0.706669 -0.5420105 0.4523553 0.7104625 -0.5390896 0.4128382 0.7069961 -0.5742134 0.4409419 0.7069961 -0.5529256 0.454805 0.7066674 -0.5420089 0.08289602 0.7067819 -0.7025579 0.1239082 0.7071124 -0.6961601 0.1405986 0.7046226 -0.6955135 0.2748396 0.7066652 -0.6519874 0.2748252 0.7066694 -0.6519888 0.3985713 0.706669 -0.5846024 0.3985761 0.7066674 -0.584601 0.353613 0.7069975 -0.6124642 0.383693 0.7069974 -0.5940827 0.3964251 0.7104632 -0.5814543 0.04147276 0.7077414 -0.7052531 0.07064632 0.7047071 -0.7059724 0.2085542 0.7066693 -0.6761092 0.2085591 0.7066678 -0.6761093 0.3365671 0.7104633 -0.6180329 0.3383899 0.7066675 -0.6213802 0.3383874 0.7066684 -0.6213806 0.2908697 0.706995 -0.6446339 0.3226317 0.7069952 -0.6293383 -0.04147276 0.7077414 -0.7052532 0 0.7053133 -0.7088957 0 0.7053133 -0.7088957 0.140194 0.7066679 -0.6935171 0.07045189 0.7066677 -0.7040293 0.1401951 0.7066677 -0.6935173 0.2748311 0.7066683 -0.6519875 0.2748395 0.7066655 -0.651987 0.2733518 0.7104612 -0.648478 0.2252364 0.7069991 -0.6703886 0.2583855 0.7069989 -0.6583232 -0.07064632 0.7047071 -0.7059724 -0.1239082 0.7071124 -0.6961601 -0.08289602 0.7067819 -0.7025579 0 0.7066666 -0.7075467 0.07044879 0.7066666 -0.7040307 0.2085557 0.7066643 -0.676114 0.2074277 0.7104644 -0.6724688 0.208552 0.7066655 -0.6761138 0.1573718 0.706998 -0.6894839 0.1915367 0.706998 -0.6807845 -0.204996 0.7058485 -0.6780519 -0.1644626 0.7076117 -0.6871955 -0.1405986 0.7046226 -0.6955135 0 0.7066666 -0.7075466 0.1401941 0.7066676 -0.6935175 0.1402034 0.7066644 -0.6935189 0.1394476 0.7104626 -0.6897805 0.08792722 0.7069974 -0.7017289 0.1228126 0.7069974 -0.6964709 -0.20903 0.7050644 -0.6776361 -0.2437654 0.7078075 -0.6630135 -0.07045189 0.7066677 -0.7040293 -0.07044879 0.7066666 -0.7040307 0 0.7066666 -0.7075467 0.07044879 0.7066666 -0.7040308 0.070067 0.710461 -0.7002398 0.07044632 0.7066675 -0.7040301 0.01764039 0.7069967 -0.7069968 0.05285247 0.7069966 -0.7052393 -0.2755329 0.7048405 -0.6536676 -0.3199608 0.7073798 -0.6302689 -0.2828303 0.7063884 -0.6488624 -0.140195 0.706668 -0.6935169 -0.1401941 0.7066676 -0.6935174 0 0.7104639 -0.7037337 -0.05285247 0.7069966 -0.7052393 -0.01764039 0.7069967 -0.7069968 0 0.7066666 -0.7075467 -0.3393841 0.7045912 -0.6231932 -0.3921946 0.706315 -0.5893238 -0.3564042 0.7074162 -0.6103593 -0.2085586 0.7066694 -0.6761078 -0.2085546 0.706668 -0.6761104 -0.0704464 0.7066666 -0.7040309 -0.0704487 0.7066675 -0.7040299 -0.1228125 0.7069974 -0.6964709 -0.08792722 0.7069974 -0.7017289 -0.070067 0.710461 -0.7002398 -0.4252149 0.707813 -0.564086 -0.3995827 0.7048672 -0.5860851 -0.2748271 0.7066648 -0.6519931 -0.2748381 0.706669 -0.6519838 -0.1401948 0.7066642 -0.6935208 -0.1915367 0.706998 -0.6807845 -0.1573718 0.706998 -0.6894839 -0.1402028 0.7066674 -0.693516 -0.1394476 0.7104626 -0.6897805 -0.2085557 0.7066643 -0.6761139 -0.4885449 0.7075831 -0.510539 -0.4588048 0.7059292 -0.5395944 -0.4558469 0.7050282 -0.5432667 -0.3383889 0.7066651 -0.6213834 -0.3383951 0.7066677 -0.6213771 -0.2583855 0.7069989 -0.6583232 -0.2074277 0.7104644 -0.6724688 -0.2252364 0.7069991 -0.6703886 -0.208552 0.7066656 -0.6761138 -0.5079741 0.7046152 -0.495459 -0.5456606 0.70672 -0.4503348 -0.5179711 0.7071606 -0.4812794 -0.3985733 0.7066661 -0.5846046 -0.3985761 0.7066674 -0.584601 -0.2748322 0.7066657 -0.6519899 -0.2748383 0.7066685 -0.6519843 -0.3226317 0.7069951 -0.6293383 -0.2908697 0.706995 -0.6446339 -0.2733518 0.7104612 -0.648478 -0.5703146 0.7077577 -0.4169175 -0.554693 0.7047254 -0.4423548 -0.4548025 0.7066661 -0.5420126 -0.4547991 0.7066643 -0.5420179 -0.3365671 0.7104633 -0.6180329 -0.383693 0.7069974 -0.5940827 -0.353613 0.7069974 -0.6124642 -0.3383895 0.7066683 -0.6213795 -0.3383878 0.7066674 -0.6213814 -0.5955281 0.7052695 -0.3846315 -0.6152684 0.7077236 -0.3472352 -0.5957671 0.7054057 -0.3840109 -0.5065086 0.7066647 -0.4940384 -0.5065117 0.7066667 -0.4940326 -0.3985751 0.7066692 -0.5845995 -0.3964251 0.7104632 -0.5814543 -0.4409419 0.7069961 -0.5529256 -0.4128382 0.7069961 -0.5742134 -0.3985721 0.7066674 -0.5846037 -0.6313801 0.7046887 -0.3236867 -0.6523291 0.70706 -0.2730068 -0.6353777 0.7068397 -0.3109225 -0.5531833 0.7066666 -0.4411469 -0.5531821 0.7066656 -0.4411499 -0.4523553 0.7104625 -0.5390896 -0.4937985 0.7069972 -0.5062785 -0.4679578 0.7069972 -0.530255 -0.4548041 0.7066689 -0.5420078 -0.4548018 0.7066673 -0.5420117 -0.6605197 0.7046342 -0.2592382 -0.6810687 0.7057621 -0.1950518 -0.6666781 0.707637 -0.2340729 -0.5943571 0.7066678 -0.3838752 -0.5943553 0.7066659 -0.3838814 -0.5037792 0.7104642 -0.4913729 -0.5065085 0.7066673 -0.4940349 -0.5417556 0.7069964 -0.4545953 -0.5184342 0.7069964 -0.4810219 -0.5065074 0.7066665 -0.4940372 -0.6826012 0.7051034 -0.1920543 -0.6893531 0.7078029 -0.1542964 -0.6296259 0.706668 -0.3227874 -0.6296256 0.7066677 -0.3227885 -0.5502006 0.7104626 -0.4387735 -0.5531808 0.7066666 -0.4411501 -0.5843259 0.7069958 -0.398397 -0.5637495 0.7069957 -0.4270171 -0.5531821 0.7066681 -0.441146 -0.6986131 0.7048161 -0.123183 -0.7031459 0.7073385 -0.07251269 -0.6985477 0.7064568 -0.1137982 -0.6586353 0.7066669 -0.2584985 -0.6586355 0.7066677 -0.2584956 -0.5943574 0.7066678 -0.3838747 -0.5943558 0.7066655 -0.3838817 -0.6210914 0.7069978 -0.3382302 -0.591156 0.7104632 -0.381807 -0.6034618 0.7069978 -0.3687654 -0.7078946 0.7062415 0.01039286 -0.7060744 0.7074538 -0.03111613 -0.7076262 0.7045943 -0.05302918 -0.6811019 0.7066662 -0.1916325 -0.6811019 0.7066668 -0.1916304 -0.6296271 0.706666 -0.3227893 -0.658637 0.7066661 -0.2584962 -0.6516821 0.7069978 -0.2747083 -0.6371801 0.7069978 -0.3068478 -0.6296269 0.7066657 -0.3227901 -0.6262335 0.7104634 -0.3210503 -0.7044926 0.7078182 0.05180345 -0.7090877 0.7048985 0.01768344 -0.6967975 0.7066664 -0.122865 -0.6967972 0.706667 -0.1228628 -0.7055678 0.7066671 -0.05287492 -0.6757981 0.7069958 -0.2084558 -0.664569 0.7069958 -0.241878 -0.6550872 0.7104627 -0.257106 -0.6586351 0.7066672 -0.2584984 -0.6938297 0.7075536 0.1340455 -0.7020292 0.7060103 0.09329809 -0.7037089 0.7049944 0.08818483 -0.7055679 0.706667 -0.05287474 -0.6774337 0.7104614 -0.1905992 -0.6931941 0.7069966 -0.1401352 -0.6853479 0.7069964 -0.1745114 -0.6811013 0.7066674 -0.1916302 -0.6811014 0.7066672 -0.1916311 -0.6741976 0.7066565 0.2146958 -0.6851037 0.7072075 0.1746155 -0.6918056 0.704608 0.157901 -0.7073265 0.7066668 0.01763952 -0.7073264 0.706667 0.01764018 -0.6967973 0.7066668 -0.1228649 -0.696797 0.7066672 -0.1228635 -0.7037022 0.706997 -0.0704166 -0.6993178 0.706997 -0.1054037 -0.6930438 0.7104626 -0.1222018 -0.6593971 0.7077716 0.2534854 -0.6725163 0.7047464 0.2259524 -0.7020557 0.7066667 0.08797766 -0.7020552 0.706667 0.08797879 -0.7072166 0.7069969 0 -0.7063375 0.7069969 -0.03525182 -0.7055681 0.7066668 -0.05287536 -0.7055679 0.706667 -0.05287475 -0.7017674 0.7104623 -0.05259057 -0.625215 0.7077047 0.3290293 -0.645447 0.7054992 0.2926929 -0.6462409 0.7052254 0.2915989 -0.6898067 0.7066667 0.1574447 -0.6898069 0.7066666 0.1574444 -0.7020555 0.7066668 0.08797882 -0.7073268 0.7066666 0.01763946 -0.703702 0.7069971 0.07041658 -0.7063374 0.706997 0.03525181 -0.7035165 0.7104623 0.0175444 -0.7073265 0.7066669 0.01764018 -0.5829241 0.7070092 0.4004216 -0.6055111 0.706899 0.3655818 -0.6144759 0.7046724 0.3547622 -0.670703 0.7066666 0.2253438 -0.6707033 0.7066665 0.2253433 -0.6982736 0.7104624 0.08750518 -0.6931932 0.7069975 0.140135 -0.6993173 0.7069974 0.1054037 -0.7020555 0.7066667 0.08797912 -0.5329958 0.7056763 0.4668367 -0.5579004 0.7076607 0.4335475 -0.5761148 0.7046449 0.4142068 -0.6449303 0.7066679 0.2910075 -0.6449337 0.7066664 0.2910036 -0.6898071 0.7066665 0.1574438 -0.6898067 0.7066668 0.1574443 -0.6860912 0.7104622 0.1565956 -0.6757973 0.7069967 0.2084556 -0.6853477 0.7069967 0.1745114 -0.5031698 0.7077928 0.4958321 -0.5316469 0.7051415 0.469177 -0.6127508 0.706668 0.3537751 -0.6127567 0.7066655 0.3537696 -0.6707032 0.7066664 0.2253438 -0.6707027 0.7066666 0.2253444 -0.6670899 0.7104621 0.2241306 -0.6516819 0.706998 0.2747082 -0.6645671 0.7069978 0.2418773 -0.4419199 0.7072987 0.5517566 -0.4740345 0.7065281 0.5254611 -0.4825278 0.7047898 0.5200369 -0.5744788 0.7066682 0.4130305 -0.5744859 0.7066656 0.4130251 -0.6449335 0.7066663 0.2910042 -0.6210912 0.706998 0.3382301 -0.6371801 0.7069978 0.3068477 -0.6449339 0.7066661 0.2910038 -0.6414585 0.710463 0.2894363 -0.3748176 0.7061652 0.6007017 -0.4086631 0.7074878 0.5765896 -0.4284607 0.7045974 0.5656534 -0.5305062 0.7066681 0.4681703 -0.5305057 0.7066683 0.4681706 -0.5843245 0.7069975 0.3983961 -0.603462 0.7069975 0.3687655 -0.6094531 0.7104627 0.3518661 -0.5744842 0.7066676 0.4130239 -0.6127547 0.7066661 0.3537723 -0.6127511 0.7066676 0.3537752 -0.3381185 0.7078202 0.6202148 -0.3698462 0.7049284 0.6052187 -0.4812561 0.7066666 0.5186663 -0.4812514 0.7066682 0.5186686 -0.5744826 0.7066658 0.4130293 -0.5417543 0.7069981 0.4545942 -0.5637476 0.7069981 0.4270157 -0.5713878 0.7104617 0.4108042 -0.263253 0.7075217 0.6558284 -0.3018697 0.7060898 0.6405559 -0.3077242 0.704961 0.6390115 -0.4272166 0.7066666 0.5640109 -0.4272164 0.7066666 0.564011 -0.493798 0.7069981 0.5062779 -0.518433 0.706998 0.4810209 -0.5305076 0.7066656 0.4681723 -0.5276497 0.7104617 0.46565 -0.5305077 0.7066656 0.4681722 -0.1848219 0.7065905 0.6830598 -0.224369 0.7072515 0.6704133 -0.2426986 0.704599 0.6668115 -0.3689443 0.7066666 0.6037403 -0.368943 0.706667 0.6037408 -0.4409415 0.7069966 0.5529252 -0.4679582 0.7069967 0.5302554 -0.4786629 0.7104615 0.5158741 -0.4812524 0.7066668 0.5186697 -0.4812556 0.7066656 0.5186683 -0.1441741 0.7077831 0.6915613 -0.1750672 0.7047668 0.6874992 -0.3069857 0.7066695 0.6374779 -0.3069934 0.7066671 0.6374768 -0.3836919 0.7069994 0.5940811 -0.4128363 0.7069993 0.5742108 -0.4249147 0.7104626 0.5609726 -0.4272165 0.7066665 0.5640111 -0.4272162 0.7066665 0.5640112 -0.06216031 0.7076827 0.7037906 -0.1036458 0.7055879 0.7010016 -0.03537178 0.7046567 0.7086661 -0.105669 0.7051822 0.7011078 -0.2419936 0.706669 0.6648744 -0.2419925 0.7066693 0.6648745 -0.3689454 0.7066665 0.6037398 -0.3069934 0.7066671 0.6374767 -0.3226309 0.7069969 0.6293368 -0.3536133 0.706997 0.6124647 -0.3669579 0.7104624 0.6004873 -0.3689441 0.706667 0.60374 -0.1745918 0.7066691 0.6856651 -0.1746003 0.7066666 0.6856655 -0.3053376 0.7104608 0.6340461 -0.2583866 0.706996 0.658326 -0.2908694 0.7069958 0.6446332 -0.3069909 0.7066659 0.6374793 -0.03527193 0.7066671 0.7066666 -0.1054484 0.7066671 0.6996444 -0.03526905 0.7066662 0.7066675 -0.10545 0.7066666 0.6996446 -0.2419938 0.7066655 0.6648781 -0.2406886 0.7104642 0.6612939 -0.1915364 0.7069989 0.6807836 -0.2252365 0.7069989 0.6703887 -0.2419931 0.7066658 0.6648781 -0.174596 0.7066655 0.6856676 -0.1228127 0.7069968 0.6964716 -0.1573721 0.7069966 0.6894851 -0.1736552 0.7104624 0.681973 -0.1745924 0.7066667 0.6856673 -0.03526694 0.7066662 0.7066677 -0.1048828 0.7104639 0.695874 -0.03507689 0.710463 0.7028599 -0.05285244 0.7069969 0.7052389 -0.1054499 0.706667 0.6996442 -0.08792727 0.706997 0.7017293 -0.03526903 0.7066669 0.7066668 -0.1054511 0.7066666 0.6996445 -0.02075954 0.7069536 0.7069552 -0.01764031 0.7069997 0.7069938 0.03527204 0.7066661 0.7066675 0.1036458 0.705588 0.7010015 0.06216031 0.7076827 0.7037906 0.03537174 0.7046567 0.7086661 0.1441741 0.7077831 0.6915613 0.105669 0.7051822 0.7011078 0.224369 0.7072515 0.6704133 0.1848219 0.7065905 0.6830598 0.1750672 0.7047669 0.6874992 0.03526905 0.7066661 0.7066676 0.03526903 0.706667 0.7066668 0.3018697 0.7060898 0.6405559 0.263253 0.7075217 0.6558284 0.2426986 0.704599 0.6668115 0.1054499 0.7066671 0.6996441 0.1054485 0.7066666 0.6996449 0.3381185 0.7078202 0.6202148 0.3077242 0.704961 0.6390115 0.1745996 0.7066692 0.6856629 0.1745924 0.7066668 0.6856673 0.08792727 0.706997 0.7017293 0.05285244 0.7069969 0.7052389 0.03507691 0.710463 0.7028599 0.03526689 0.7066668 0.7066669 0.4086631 0.7074878 0.5765896 0.3748176 0.7061652 0.6007017 0.3698462 0.7049285 0.6052187 0.2419927 0.706669 0.6648748 0.2419935 0.7066693 0.6648741 0.105451 0.706667 0.6996441 0.10545 0.7066666 0.6996447 0.1573721 0.7069966 0.6894851 0.1228127 0.7069968 0.6964716 0.1048828 0.7104639 0.695874 0.4284607 0.7045974 0.5656534 0.4740345 0.7065281 0.5254611 0.4419199 0.7072987 0.5517566 0.3069925 0.7066693 0.6374749 0.3069867 0.7066669 0.6374801 0.2252365 0.7069989 0.6703887 0.1915364 0.7069989 0.6807836 0.1736552 0.7104624 0.681973 0.1745957 0.7066666 0.6856666 0.1745927 0.7066653 0.6856685 0.4825278 0.7047898 0.5200369 0.5031698 0.7077928 0.4958321 0.3689441 0.7066669 0.60374 0.3689432 0.7066665 0.6037411 0.2908694 0.7069958 0.6446332 0.2583866 0.706996 0.658326 0.2419932 0.7066655 0.6648783 0.2419938 0.7066658 0.6648778 0.2406886 0.7104642 0.6612939 0.5579004 0.7076607 0.4335475 0.5329958 0.7056763 0.4668367 0.5316469 0.7051414 0.469177 0.4272164 0.7066666 0.564011 0.4272166 0.7066666 0.5640109 0.3069909 0.7066659 0.6374793 0.3536133 0.706997 0.6124647 0.3226309 0.7069969 0.6293368 0.3069934 0.7066671 0.6374767 0.3053376 0.7104608 0.6340461 0.5761148 0.7046449 0.4142068 0.6055111 0.706899 0.3655818 0.5829241 0.7070092 0.4004216 0.4812523 0.7066668 0.5186697 0.4812549 0.7066684 0.5186651 0.4272165 0.7066665 0.5640111 0.4128363 0.7069993 0.5742108 0.3836919 0.7069994 0.5940811 0.3689443 0.7066665 0.6037405 0.3689452 0.7066669 0.6037394 0.3669579 0.7104624 0.6004873 0.6144759 0.7046724 0.3547622 0.645447 0.7054992 0.2926929 0.625215 0.7077047 0.3290293 0.5305058 0.7066681 0.4681707 0.5305061 0.7066683 0.4681703 0.4679582 0.7069967 0.5302554 0.4409415 0.7069966 0.5529252 0.4272162 0.7066665 0.5640112 0.4812524 0.7066668 0.5186697 0.4249147 0.7104626 0.5609726 0.6462409 0.7052253 0.2915989 0.6593971 0.7077716 0.2534854 0.5744839 0.706668 0.4130237 0.5744811 0.7066654 0.4130322 0.4786629 0.7104615 0.5158741 0.4812556 0.7066656 0.5186683 0.518433 0.706998 0.4810209 0.493798 0.7069981 0.5062779 0.6725163 0.7047464 0.2259524 0.6851037 0.7072075 0.1746155 0.6741976 0.7066565 0.2146958 0.6127527 0.7066658 0.3537762 0.6127545 0.7066681 0.3537683 0.5276497 0.7104617 0.46565 0.5637475 0.7069981 0.4270156 0.5417543 0.7069982 0.4545942 0.5305077 0.7066656 0.4681723 0.5305077 0.7066656 0.4681722 0.6918056 0.7046079 0.157901 0.7020292 0.7060103 0.09329809 0.6938297 0.7075536 0.1340455 0.6449324 0.7066678 0.2910031 0.6449318 0.7066663 0.2910082 0.5744842 0.7066677 0.4130239 0.5744826 0.7066658 0.4130293 0.603462 0.7069975 0.3687655 0.5843245 0.7069975 0.3983961 0.5713878 0.7104617 0.4108042 0.7037089 0.7049944 0.08818483 0.7044926 0.7078182 0.05180345 0.6707031 0.7066666 0.2253433 0.6707032 0.7066665 0.2253438 0.6371801 0.7069978 0.3068477 0.6210912 0.706998 0.3382301 0.6127526 0.7066659 0.3537761 0.6094531 0.7104627 0.3518661 0.6127534 0.7066675 0.3537715 0.7090877 0.7048985 0.01768344 0.7060744 0.7074538 -0.03111613 0.7078946 0.7062415 0.01039286 0.6898068 0.7066667 0.1574444 0.6898069 0.7066665 0.1574448 0.6449337 0.7066661 0.2910043 0.6449338 0.7066664 0.2910036 0.6645671 0.7069978 0.2418773 0.6516818 0.706998 0.2747082 0.6707032 0.7066664 0.2253438 0.6414585 0.710463 0.2894363 0.7076262 0.7045943 -0.05302918 0.6985476 0.7064568 -0.1137982 0.7031459 0.7073385 -0.07251269 0.7020555 0.7066666 0.08797883 0.7020553 0.7066671 0.08797762 0.6707027 0.7066666 0.2253444 0.6853477 0.7069967 0.1745114 0.6757973 0.7069967 0.2084556 0.6670899 0.7104621 0.2241306 0.6986131 0.7048161 -0.123183 0.6893531 0.7078028 -0.1542964 0.7073265 0.7066668 0.01764018 0.7073264 0.7066671 0.01763951 0.6993173 0.7069973 0.1054037 0.6931932 0.7069975 0.140135 0.689807 0.7066665 0.1574444 0.6898069 0.7066667 0.1574438 0.6860912 0.7104622 0.1565956 0.6826012 0.7051034 -0.1920543 0.6666781 0.707637 -0.2340729 0.6810687 0.7057621 -0.1950518 -0.02935207 1.618757e-18 0.9995692 -0.08797967 0 0.9961223 -0.02935207 0 0.9995692 -0.1462638 0 0.9892457 -0.08797967 0 0.9961223 -0.2040883 0 0.9789525 -0.1462638 0 0.9892457 -0.2611871 0 0.9652882 -0.2040883 0 0.9789525 -0.3173706 0 0.9483016 -0.2611871 0 0.9652882 -0.3725147 0 0.9280263 -0.3173706 0 0.9483016 -0.426296 0 0.9045838 -0.3725147 0 0.9280263 -0.4786552 0 0.8780029 -0.426296 0 0.9045838 -0.5293682 0 0.8483922 -0.4786552 0 0.8780029 -0.5782486 0 0.8158606 -0.5293682 0 0.8483922 -0.6251389 0 0.7805135 -0.5782486 0 0.8158606 -0.6698382 0 0.742507 -0.6251389 0 0.7805135 -0.7122813 0 0.7018941 -0.6698382 0 0.742507 -0.7522511 0 0.6588765 -0.7122813 0 0.7018941 -0.7896094 0 0.6136098 -0.7522511 0 0.6588765 -0.8242655 0 0.5662035 -0.7896094 0 0.6136098 -0.8560705 0 0.5168589 -0.8242655 0 0.5662035 -0.8849364 0 0.4657119 -0.8560705 0 0.5168589 -0.910734 0 0.4129934 -0.8849364 0 0.4657119 -0.9334067 0 0.3588201 -0.910734 0 0.4129934 -0.9334067 0 0.3588201 -0.9528529 0 0.3034326 -0.9528529 0 0.3034326 -0.9690208 0 0.2469787 -0.9690208 0 0.2469787 -0.9818442 0 0.1896889 -0.9818442 0 0.1896889 -0.9912844 0 0.1317395 -0.9912844 0 0.1317395 -0.9973074 0 0.07333501 -0.9973074 0 0.07333501 -0.9998923 0 0.01467978 -0.9998923 0 0.01467978 -0.9990304 -0 -0.04402646 -0.9990304 0 -0.04402646 -0.9947246 -0 -0.102582 -0.9947246 0 -0.102582 -0.986989 -0 -0.1607873 -0.9758541 -0 -0.2184233 -0.986989 0 -0.1607873 -0.9613519 -0 -0.2753224 -0.9758541 0 -0.2184233 -0.9435332 -0 -0.3312776 -0.9613519 0 -0.2753224 -0.9224718 -0 -0.3860643 -0.9435332 0 -0.3312776 -0.8982207 -0 -0.4395449 -0.9224718 0 -0.3860643 -0.8708811 -0 -0.4914937 -0.8982207 0 -0.4395449 -0.8405247 -0 -0.5417731 -0.8708811 0 -0.4914937 -0.8072906 -0 -0.5901542 -0.8405247 0 -0.5417731 -0.771259 -0 -0.6365216 -0.8072906 0 -0.5901542 -0.7325775 -0 -0.6806836 -0.771259 0 -0.6365216 -0.6913728 -0 -0.7224982 -0.7325775 0 -0.6806836 -0.6477711 -0 -0.7618351 -0.6913728 0 -0.7224982 -0.6019465 -0 -0.7985364 -0.6477711 0 -0.7618351 -0.5540272 -0 -0.8324986 -0.6019465 0 -0.7985364 -0.5042523 -0 -0.8635564 -0.5540272 0 -0.8324986 -0.4526678 -0 -0.8916793 -0.5042523 0 -0.8635564 -0.4526678 0 -0.8916793 -0.3995769 -0 -0.9166997 -0.3995769 0 -0.9166997 -0.3450787 -0 -0.9385738 -0.3450787 0 -0.9385738 -0.2893941 -0 -0.95721 -0.2893941 0 -0.95721 -0.2327516 -0 -0.9725363 -0.2327516 0 -0.9725363 -0.175234 -0 -0.9845269 -0.175234 0 -0.9845269 -0.1171789 -0 -0.9931108 -0.1171789 0 -0.9931108 -0.05870409 -0 -0.9982755 -0.05870409 0 -0.9982755 -0 -0 -1 0 0 -1 0.05870409 0 -0.9982755 0.05870409 0 -0.9982755 0.1171789 0 -0.9931108 0.1171789 0 -0.9931108 0.175234 0 -0.9845269 0.175234 0 -0.9845269 0.2327516 0 -0.9725363 0.2327516 0 -0.9725363 0.2893941 0 -0.95721 0.2893941 0 -0.95721 0.3450787 0 -0.9385738 0.3450787 0 -0.9385738 0.3995769 0 -0.9166997 0.3995769 0 -0.9166997 0.4526678 0 -0.8916793 0.4526678 0 -0.8916793 0.5042523 0 -0.8635564 0.5042523 0 -0.8635564 0.5540272 0 -0.8324986 0.5540272 0 -0.8324986 0.6019465 0 -0.7985364 0.6477711 0 -0.7618351 0.6019465 0 -0.7985364 0.6913728 0 -0.7224982 0.6477711 0 -0.7618351 0.7325775 0 -0.6806836 0.6913728 0 -0.7224982 0.771259 0 -0.6365216 0.7325775 0 -0.6806836 0.8072906 0 -0.5901542 0.771259 0 -0.6365216 0.8405247 0 -0.5417731 0.8072906 0 -0.5901542 0.8405247 0 -0.5417731 0.8708811 0 -0.4914937 0.8982207 0 -0.4395449 0.8708811 0 -0.4914937 0.8982207 0 -0.4395449 0.9224718 0 -0.3860643 0.9224718 0 -0.3860643 0.9435332 0 -0.3312776 0.9435332 0 -0.3312776 0.9613519 0 -0.2753224 0.9613519 0 -0.2753224 0.9758541 0 -0.2184233 0.9758541 0 -0.2184233 0.986989 0 -0.1607873 0.986989 0 -0.1607873 0.9947246 0 -0.102582 0.9947246 0 -0.102582 0.9990304 0 -0.04402646 0.9990304 0 -0.04402646 0.9998923 -0 0.01467978 0.9998923 0 0.01467978 0.9973074 0 0.07333501 0.9973074 0 0.07333501 0.9912844 0 0.1317395 0.9912844 0 0.1317395 0.9818442 -0 0.1896889 0.9818442 0 0.1896889 0.9690208 0 0.2469787 0.9690208 0 0.2469787 0.9528529 -0 0.3034326 0.9528529 0 0.3034326 0.9334067 -0 0.3588201 0.9334067 0 0.3588201 0.910734 -0 0.4129934 0.910734 0 0.4129934 0.8849364 0 0.4657119 0.8849364 0 0.4657119 0.8560705 0 0.5168589 0.8560705 0 0.5168589 0.8242655 -0 0.5662035 0.8242655 0 0.5662035 0.7522511 0 0.6588765 0.7896094 -0 0.6136098 0.7896094 0 0.6136098 0.7122813 0 0.7018941 0.7522511 0 0.6588765 0.6698382 0 0.742507 0.7122813 0 0.7018941 0.6698382 0 0.742507 0.6251389 0 0.7805135 0.5782486 0 0.8158606 0.6251389 -0 0.7805135 0.5782486 0 0.8158606 0.5293682 0 0.8483922 0.4786552 0 0.8780029 0.5293682 -0 0.8483922 0.4786552 0 0.8780029 0.426296 0 0.9045838 0.3725147 0 0.9280263 0.426296 0 0.9045838 0.3725147 0 0.9280263 0.3173706 0 0.9483016 0.3173706 -0 0.9483016 0.2611871 0 0.9652882 0.2040883 0 0.9789525 0.2611871 -0 0.9652882 0.1462638 0 0.9892457 0.2040883 0 0.9789525 0.1462638 0 0.9892457 0.08797967 0 0.9961223 0.08797967 -0 0.9961223 0.02935207 0 0.9995692 0.02935207 -0 0.9995692 -0.9996892 -1.150487e-16 -0.02493034 -0.9996892 0 -0.02493034 -0.9972039 0 -0.07472941 -0.9972039 0 -0.07472941 -0.9922389 0 -0.1243457 -0.9922389 0 -0.1243457 -0.9848078 0 -0.1736475 -0.9848078 0 -0.1736475 -0.9749282 0 -0.22252 -0.9749282 0 -0.22252 -0.9626238 0 -0.270842 -0.9626238 0 -0.270842 -0.9479275 0 -0.3184862 -0.9479275 0 -0.3184862 -0.9308743 0 -0.3653398 -0.9308743 0 -0.3653398 -0.9115055 0 -0.4112879 -0.8898718 -0 -0.4562107 -0.9115055 0 -0.4112879 -0.8660253 -0 -0.5000001 -0.8898718 0 -0.4562107 -0.8660253 0 -0.5000001 -0.8400261 0 -0.542546 -0.8400261 0 -0.542546 -0.8119378 -0 -0.5837439 -0.8119378 0 -0.5837439 -0.7818317 0 -0.6234896 -0.7818317 0 -0.6234896 -0.7497814 -0 -0.6616857 -0.7497814 0 -0.6616857 -0.7158664 0 -0.6982371 -0.7158664 0 -0.6982371 -0.6801726 0 -0.733052 -0.6801726 0 -0.733052 -0.6427878 0 -0.7660443 -0.6427878 0 -0.7660443 -0.6038047 0 -0.7971323 -0.6038047 0 -0.7971323 -0.5633196 -0 -0.8262391 -0.5633196 0 -0.8262391 -0.5214353 -0 -0.8532908 -0.5214353 0 -0.8532908 -0.4782542 0 -0.8782215 -0.4782542 0 -0.8782215 -0.4338828 0 -0.9009693 -0.4338828 0 -0.9009693 -0.388436 0 -0.9214758 -0.388436 0 -0.9214758 -0.3420202 0 -0.9396926 -0.3420202 0 -0.9396926 -0.2947545 0 -0.955573 -0.2947545 0 -0.955573 -0.2467575 0 -0.9690772 -0.1981464 -0 -0.9801725 -0.2467575 0 -0.9690772 -0.1981464 0 -0.9801725 -0.1490423 0 -0.9888308 -0.1490423 0 -0.9888308 -0.09956837 0 -0.9950308 -0.09956837 0 -0.9950308 -0.04984581 0 -0.9987569 -0 -0 -1 -0.04984581 0 -0.9987569 0 0 -1 0.04984581 0 -0.9987569 0.09956837 0 -0.9950308 0.04984581 0 -0.9987569 0.09956837 0 -0.9950308 0.1490423 0 -0.9888308 0.1490423 0 -0.9888308 0.1981464 0 -0.9801725 0.1981464 0 -0.9801725 0.2467575 0 -0.9690772 0.2467575 0 -0.9690772 0.2947545 0 -0.955573 0.2947545 0 -0.955573 0.3420202 0 -0.9396926 0.3420202 0 -0.9396926 0.388436 0 -0.9214758 0.388436 0 -0.9214758 0.4338828 0 -0.9009693 0.4338828 0 -0.9009693 0.4782542 0 -0.8782215 0.4782542 0 -0.8782215 0.5214353 0 -0.8532908 0.5214353 0 -0.8532908 0.5633196 0 -0.8262391 0.5633196 0 -0.8262391 0.6038047 0 -0.7971323 0.6038047 0 -0.7971323 0.6427878 0 -0.7660443 0.6427878 0 -0.7660443 0.6801726 0 -0.733052 0.6801726 0 -0.733052 0.7158664 0 -0.6982371 0.7158664 0 -0.6982371 0.7497814 0 -0.6616857 0.7497814 0 -0.6616857 0.7818317 0 -0.6234896 0.7818317 0 -0.6234896 0.8119378 0 -0.5837439 0.8119378 0 -0.5837439 0.8400261 0 -0.542546 0.8400261 0 -0.542546 0.8660253 0 -0.5000001 0.8660253 0 -0.5000001 0.8898718 0 -0.4562107 0.8898718 0 -0.4562107 0.9115055 0 -0.4112879 0.9115055 0 -0.4112879 0.9308743 0 -0.3653398 0.9308743 0 -0.3653398 0.9479275 0 -0.3184862 0.9479275 0 -0.3184862 0.9626238 0 -0.270842 0.9626238 0 -0.270842 0.9749282 0 -0.22252 0.9749282 0 -0.22252 0.9848078 0 -0.1736475 0.9848078 0 -0.1736475 0.9922389 0 -0.1243457 0.9922389 0 -0.1243457 0.9972039 0 -0.07472941 0.9972039 0 -0.07472941 0.9996892 0 -0.02493034 0.9996892 0 -0.02493034 0.9996892 1.150487e-16 0.02493034 0.9996892 0 0.02493034 0.9972039 0 0.07472941 0.9972039 0 0.07472941 0.9922389 -0 0.1243457 0.9922389 0 0.1243457 0.9848078 0 0.1736475 0.9848078 0 0.1736475 0.9749282 -0 0.22252 0.9749282 0 0.22252 0.9626238 -0 0.270842 0.9626238 0 0.270842 0.9479275 -0 0.3184862 0.9479275 0 0.3184862 0.9308743 0 0.3653398 0.9308743 0 0.3653398 0.9115055 -0 0.4112879 0.9115055 0 0.4112879 0.8898718 -0 0.4562107 0.8898718 0 0.4562107 0.8660253 0 0.5000001 0.8660253 -0 0.5000001 0.8400261 0 0.542546 0.8400261 -0 0.542546 0.8119378 0 0.5837439 0.7818317 0 0.6234896 0.8119378 -0 0.5837439 0.7818317 0 0.6234896 0.7497814 0 0.6616857 0.7497814 -0 0.6616857 0.7158664 0 0.6982371 0.7158664 -0 0.6982371 0.6801726 0 0.733052 0.6801726 -0 0.733052 0.6427878 0 0.7660443 0.6427878 -0 0.7660443 0.6038047 0 0.7971323 0.5633196 0 0.8262391 0.6038047 -0 0.7971323 0.5633196 0 0.8262391 0.5214353 0 0.8532908 0.5214353 -0 0.8532908 0.4782542 0 0.8782215 0.4782542 -0 0.8782215 0.4338828 0 0.9009693 0.4338828 -0 0.9009693 0.388436 0 0.9214758 0.3420202 0 0.9396926 0.388436 -0 0.9214758 0.3420202 0 0.9396926 0.2947545 -0 0.955573 0.2947545 0 0.955573 0.2467575 -0 0.9690772 0.2467575 0 0.9690772 0.1981464 -0 0.9801725 0.1981464 0 0.9801725 0.1490423 0 0.9888308 0.1490423 0 0.9888308 0.09956837 0 0.9950308 0.09956837 -0 0.9950308 0.04984581 0 0.9987569 -0 0 1 0.04984581 -0 0.9987569 0 0 1 -0.04984581 0 0.9987569 -0.09956837 0 0.9950308 -0.04984581 0 0.9987569 -0.09956837 0 0.9950308 -0.1490423 0 0.9888308 -0.1981464 0 0.9801725 -0.1490423 0 0.9888308 -0.1981464 0 0.9801725 -0.2467575 0 0.9690772 -0.2467575 0 0.9690772 -0.2947545 0 0.955573 -0.2947545 0 0.955573 -0.3420202 0 0.9396926 -0.3420202 0 0.9396926 -0.388436 0 0.9214758 -0.388436 0 0.9214758 -0.4338828 0 0.9009693 -0.4338828 0 0.9009693 -0.4782542 0 0.8782215 -0.4782542 0 0.8782215 -0.5214353 0 0.8532908 -0.5214353 0 0.8532908 -0.5633196 0 0.8262391 -0.5633196 0 0.8262391 -0.6038047 0 0.7971323 -0.6038047 0 0.7971323 -0.6427878 0 0.7660443 -0.6427878 0 0.7660443 -0.6801726 0 0.733052 -0.6801726 0 0.733052 -0.7158664 0 0.6982371 -0.7158664 0 0.6982371 -0.7497814 0 0.6616857 -0.7497814 0 0.6616857 -0.7818317 0 0.6234896 -0.7818317 0 0.6234896 -0.8119378 0 0.5837439 -0.8119378 0 0.5837439 -0.8400261 0 0.542546 -0.8400261 0 0.542546 -0.8660253 0 0.5000001 -0.8660253 0 0.5000001 -0.8898718 0 0.4562107 -0.8898718 0 0.4562107 -0.9115055 0 0.4112879 -0.9115055 0 0.4112879 -0.9308743 0 0.3653398 -0.9308743 0 0.3653398 -0.9479275 0 0.3184862 -0.9479275 0 0.3184862 -0.9626238 0 0.270842 -0.9626238 0 0.270842 -0.9749282 0 0.22252 -0.9749282 0 0.22252 -0.9848078 0 0.1736475 -0.9848078 0 0.1736475 -0.9922389 0 0.1243457 -0.9922389 0 0.1243457 -0.9972039 0 0.07472941 -0.9972039 0 0.07472941 -0.9996892 0 0.02493034 -0.9996892 0 0.02493034 0 1 0 0 1 0 0 1 0 0 1 0 0 1 0 0 1 0 0 1 0 0 1 0 0 1 0 0 1 0 0 1 0 0 1 0 0 1 0 0 1 0 0 1 0 0 1 0 0 1 0 0 1 0 0 1 0 0 1 0 0 1 0 0 1 0 0 1 0 0 1 0 0 1 0 0 1 0 0 1 0 0 1 0 0 1 -0 0 1 -0 0 1 -0 0 1 0 0 1 0 0 1 -0 0 1 0 0 1 0 0 1 0 0 1 -0 0 1 -0 0 1 0 0 1 0 0 1 0 0 1 -0 0 1 -0 0 1 -0 0 1 -0 0 1 0 0 1 0 0 1 -0 0 1 -0 0 1 -0 0 1 0 0 1 0 0 1 -0 0 1 -0 0 1 0 0 1 0 0 1 -0 0 1 0 0 1 0 0 1 0 0 1 -0 0 1 -0 0 1 -0 0 1 0 0 1 0 0 1 0 0 1 0 0 1 0 0 1 -0 0 1 0 0 1 -0 0 1 -0 0 1 -0 0 1 0 0 1 -0 0 1 0 0 1 -0 0 1 0 0 1 0 0 1 -0 0 1 0 0 1 0 0 1 0 0 1 0 0 1 0 0 1 -0 0 1 -0 0 1 0 -0 1 -0 0 1 -0 0 1 -0 0 1 -0 -0 1 -0 0 1 0 0 1 0 0 1 0 0 1 0 -0 1 -0 0 1 0 0 1 0 0 1 -0 -0 1 -0 0 1 0 0 1 0 0 1 0 -0 1 -0 0 1 0 0 1 0 -0 1 -0 -0 1 -0 -0 1 -0 -0 1 -0 -0 1 -0 0 1 0 0 1 0 0 1 0 0 1 0 -0 1 -0 -0 1 -0 0 1 0 0 1 0 -0 1 -0 0 1 0 -0.2623226 0 0.9649803 -0.2623226 0 0.9649803 -0.2902017 -0 -0.9569654 -0.2902017 0 -0.9569654 -0.3452006 -0 -0.938529 -0.3452006 0 -0.938529 -0.3990424 -0 -0.9169324 -0.3990424 0 -0.9169324 -0.451539 -0 -0.8922514 -0.451539 0 -0.8922514 -0.5025046 -0 -0.8645746 -0.5518017 0 -0.8339754 -0.5025046 0 -0.8645746 -0.5518017 0 -0.8339754 -0.599223 0 -0.8005822 -0.599223 0 -0.8005822 -0.6446446 -0 -0.7644824 -0.6446446 0 -0.7644824 -0.6878782 -0 -0.7258261 -0.728813 0 -0.6847129 -0.6878782 0 -0.7258261 -0.728813 0 -0.6847129 -0.7672849 0 -0.6413064 -0.7672849 -0 -0.6413064 -0.803179 -0 -0.5957377 -0.803179 0 -0.5957377 -0.8363737 0 -0.5481595 -0.8363737 -0 -0.5481595 -0.8667505 0 -0.4987419 -0.8667505 -0 -0.4987419 -0.9186666 0 -0.3950338 -0.8942127 0 -0.4476422 -0.8942127 -0 -0.4476422 -0.9186666 0 -0.3950338 -0.9582226 0 -0.2860238 -0.9400179 0 -0.3411251 -0.9400179 -0 -0.3411251 -0.9582226 0 -0.2860238 -0.9848928 0 -0.1731652 -0.9731929 0 -0.2299904 -0.9731929 -0 -0.2299904 -0.993275 0 -0.1157785 -0.9848928 0 -0.1731652 -0.993275 0 -0.1157785 -1 0 0 -0.9983174 0 -0.05798601 -0.9983174 -0 -0.05798601 -0.9983174 0 0.05798601 -1 0 -0 -0.993275 0 0.1157785 -0.9983174 0 0.05798601 -0.993275 0 0.1157785 -0.9848928 0 0.1731652 -0.9848928 0 0.1731652 -0.9731929 0 0.2299904 -0.9582226 0 0.2860238 -0.9731929 0 0.2299904 -0.9582226 0 0.2860238 -0.9400179 0 0.3411251 -0.9186666 0 0.3950338 -0.9400179 0 0.3411251 -0.9186666 0 0.3950338 -0.8942127 0 0.4476422 -0.8942127 0 0.4476422 -0.8363737 0 0.5481595 -0.8667505 0 0.4987419 -0.8667505 0 0.4987419 -0.8363737 0 0.5481595 -0.803179 0 0.5957377 -0.803179 0 0.5957377 -0.728813 0 0.6847129 -0.7672849 0 0.6413064 -0.7672849 0 0.6413064 -0.728813 0 0.6847129 -0.6446446 0 0.7644824 -0.6878782 0 0.7258261 -0.6878782 0 0.7258261 -0.6446446 0 0.7644824 -0.599223 0 0.8005822 -0.599223 0 0.8005822 -0.5518017 0 0.8339754 -0.5518017 0 0.8339754 -0.451539 0 0.8922514 -0.5025046 0 0.8645746 -0.5025046 0 0.8645746 -0.451539 0 0.8922514 -0.3990424 0 0.9169324 -0.3990424 0 0.9169324 -0.3452006 0 0.938529 -0.3452006 0 0.938529 -0.2902017 0 0.9569654 -0.2902017 0 0.9569654 -0.2623226 -0 -0.9649803 -0.2623226 0 -0.9649803 0.1483937 0 -0.9889284 0.1483937 0 -0.9889284 0.1000243 0 -0.994985 0.1000243 0 -0.994985 0.05142176 0 -0.998677 0.05142176 0 -0.998677 0.002694593 0 -0.9999964 0.002694593 0 -0.9999964 -0.04603917 0 -0.9989397 -0.04603917 -0 -0.9989397 -0.0946642 0 -0.9955093 -0.0946642 -0 -0.9955093 -0.1430621 0 -0.9897138 -0.1430621 -0 -0.9897138 -0.238727 0 -0.9710867 -0.1911202 0 -0.9815666 -0.1911202 -0 -0.9815666 -0.238727 0 -0.9710867 0.1293768 0 -0.9915954 0.04256861 0 -0.9990936 0.1293768 0 -0.9915954 -0.04455863 -0 -0.9990067 0.04256861 0 -0.9990936 -0.1313476 -0 -0.9913364 -0.04455863 -0 -0.9990067 -0.1313476 -0 -0.9913364 -0.2171412 -0 -0.9761402 -0.2171412 0 -0.9761402 -0.383141 -0 -0.9236898 -0.3012838 -0 -0.9535345 -0.3012838 0 -0.9535345 -0.383141 -0 -0.9236898 -0.4620929 -0 -0.8868315 -0.4620929 0 -0.8868315 -0.5375314 -0 -0.8432437 -0.5375314 0 -0.8432437 -0.6088935 -0 -0.7932521 -0.6088935 0 -0.7932521 -0.6756335 -0 -0.7372376 -0.6756335 0 -0.7372376 -0.7372376 -0 -0.6756335 -0.7372376 0 -0.6756335 -0.7932544 0 -0.6088903 -0.7932544 -0 -0.6088903 -0.8432415 0 -0.537535 -0.8432415 -0 -0.537535 -0.8868315 0 -0.4620929 -0.8868315 -0 -0.4620929 -0.9236891 0 -0.3831428 -0.9236891 -0 -0.3831428 -0.953535 0 -0.3012823 -0.953535 -0 -0.3012823 -0.9761402 0 -0.2171412 -0.9761402 -0 -0.2171412 -0.9913364 -0 -0.1313476 -0.9913364 0 -0.1313476 -0.9990067 -0 -0.04455863 -0.9990067 0 -0.04455863 -0.9990936 0 0.04256861 -0.9990936 0 0.04256861 -0.9915954 0 0.1293768 -0.9915954 0 0.1293768 -0.9710867 0 -0.238727 -0.9815666 0 -0.1911202 -0.9710867 0 -0.238727 -0.9897138 0 -0.1430621 -0.9815666 0 -0.1911202 -0.9955093 0 -0.0946642 -0.9897138 0 -0.1430621 -0.9989397 0 -0.04603917 -0.9955093 0 -0.0946642 -0.9999964 0 0.002694593 -0.9989397 0 -0.04603917 -0.998677 0 0.05142176 -0.9999964 0 0.002694593 -0.994985 0 0.1000243 -0.998677 0 0.05142176 -0.994985 0 0.1000243 -0.9889284 0 0.1483937 -0.9889284 0 0.1483937 -0.9649803 -0 -0.2623226 -0.9649803 0 -0.2623226 0.9569654 0 -0.2902017 0.9569654 0 -0.2902017 0.938529 0 -0.3452006 0.9169324 0 -0.3990424 0.938529 0 -0.3452006 0.9169324 0 -0.3990424 0.8922514 0 -0.451539 0.8922514 0 -0.451539 0.8645746 0 -0.5025046 0.8645746 0 -0.5025046 0.8339754 0 -0.5518017 0.8005822 0 -0.599223 0.8339754 0 -0.5518017 0.8005822 0 -0.599223 0.7644824 0 -0.6446446 0.7644824 0 -0.6446446 0.7258261 0 -0.6878782 0.7258261 0 -0.6878782 0.6847129 0 -0.728813 0.6847129 0 -0.728813 0.6413064 0 -0.7672849 0.6413064 0 -0.7672849 0.5957377 0 -0.803179 0.5957377 0 -0.803179 0.5481595 0 -0.8363737 0.5481595 0 -0.8363737 0.4987419 0 -0.8667505 0.4987419 0 -0.8667505 0.3950338 0 -0.9186666 0.4476422 0 -0.8942127 0.4476422 0 -0.8942127 0.3950338 0 -0.9186666 0.3411251 0 -0.9400179 0.3411251 0 -0.9400179 0.2860238 0 -0.9582226 0.2860238 0 -0.9582226 0.2299904 0 -0.9731929 0.2299904 0 -0.9731929 0.1157785 0 -0.993275 0.1731652 0 -0.9848928 0.1731652 0 -0.9848928 0.05798601 0 -0.9983174 0.1157785 0 -0.993275 0 0 -1 0.05798601 0 -0.9983174 -0.05798601 0 -0.9983174 0 0 -1 -0.05798601 0 -0.9983174 -0.1157785 0 -0.993275 -0.1157785 -0 -0.993275 -0.1731652 0 -0.9848928 -0.1731652 -0 -0.9848928 -0.2299904 -0 -0.9731929 -0.2860238 0 -0.9582226 -0.2299904 0 -0.9731929 -0.2860238 0 -0.9582226 -0.3411251 -0 -0.9400179 -0.3411251 0 -0.9400179 -0.3950338 -0 -0.9186666 -0.3950338 0 -0.9186666 -0.4476422 -0 -0.8942127 -0.4476422 0 -0.8942127 -0.5481595 0 -0.8363737 -0.4987419 0 -0.8667505 -0.4987419 -0 -0.8667505 -0.5481595 0 -0.8363737 -0.6413064 0 -0.7672849 -0.5957377 0 -0.803179 -0.5957377 -0 -0.803179 -0.6847129 0 -0.728813 -0.6413064 0 -0.7672849 -0.6847129 0 -0.728813 -0.7258261 0 -0.6878782 -0.7258261 -0 -0.6878782 -0.7644824 0 -0.6446446 -0.7644824 -0 -0.6446446 -0.8339754 0 -0.5518017 -0.8005822 0 -0.599223 -0.8005822 -0 -0.599223 -0.8645746 0 -0.5025046 -0.8339754 0 -0.5518017 -0.8922514 0 -0.451539 -0.8645746 0 -0.5025046 -0.8922514 0 -0.451539 -0.9169324 0 -0.3990424 -0.9169324 -0 -0.3990424 -0.938529 0 -0.3452006 -0.938529 -0 -0.3452006 -0.9569654 0 -0.2902017 -0.9569654 -0 -0.2902017 0.9649803 0 -0.2623226 0.9649803 0 -0.2623226 0.9889284 0 0.1483937 0.9889284 0 0.1483937 0.998677 -0 0.05142176 0.994985 0 0.1000243 0.994985 0 0.1000243 0.9999964 -0 0.002694593 0.998677 0 0.05142176 0.9999964 0 0.002694593 0.9955093 0 -0.0946642 0.9989397 0 -0.04603917 0.9989397 0 -0.04603917 0.9955093 0 -0.0946642 0.9897138 0 -0.1430621 0.9897138 0 -0.1430621 0.9815666 0 -0.1911202 0.9815666 0 -0.1911202 0.9710867 0 -0.238727 0.9710867 0 -0.238727 0.9915954 0 0.1293768 0.9915954 0 0.1293768 0.9990936 0 0.04256861 0.9990936 0 0.04256861 0.9990067 0 -0.04455863 0.9990067 0 -0.04455863 0.9913364 0 -0.1313476 0.9913364 0 -0.1313476 0.9761402 0 -0.2171412 0.9761402 0 -0.2171412 0.953535 0 -0.3012823 0.953535 0 -0.3012823 0.9236891 0 -0.3831428 0.9236891 0 -0.3831428 0.8868315 0 -0.4620929 0.8868315 0 -0.4620929 0.8432415 0 -0.537535 0.8432415 0 -0.537535 0.7932544 0 -0.6088903 0.7932544 0 -0.6088903 0.7372398 0 -0.6756311 0.7372398 0 -0.6756311 0.6756309 0 -0.7372401 0.6756309 0 -0.7372401 0.6088935 0 -0.7932521 0.6088935 0 -0.7932521 0.5375292 0 -0.8432451 0.5375292 0 -0.8432451 0.462095 0 -0.8868305 0.462095 0 -0.8868305 0.383141 0 -0.9236898 0.383141 0 -0.9236898 0.3012838 0 -0.9535345 0.3012838 0 -0.9535345 0.2171412 0 -0.9761402 0.2171412 0 -0.9761402 0.1313476 0 -0.9913364 0.1313476 0 -0.9913364 0.04455863 0 -0.9990067 0.04455863 0 -0.9990067 -0.0425684 -0 -0.9990936 -0.0425684 0 -0.9990936 -0.1293775 -0 -0.9915954 -0.1293775 0 -0.9915954 0.238727 0 -0.9710867 0.1911202 0 -0.9815666 0.238727 0 -0.9710867 0.1430621 0 -0.9897138 0.1911202 0 -0.9815666 0.0946642 0 -0.9955093 0.1430621 0 -0.9897138 0.04603927 0 -0.9989397 0.0946642 0 -0.9955093 -0.002694587 0 -0.9999963 0.04603927 0 -0.9989397 -0.002694587 0 -0.9999963 -0.05142176 0 -0.998677 -0.05142176 -0 -0.998677 -0.1000245 0 -0.994985 -0.1000245 -0 -0.994985 -0.1483934 0 -0.9889284 -0.1483934 -0 -0.9889284 0.2623226 0 -0.9649803 0.2623226 0 -0.9649803 0.2902017 -0 0.9569654 0.3452006 -0 0.938529 0.2902017 0 0.9569654 0.3452006 0 0.938529 0.3990424 -0 0.9169324 0.3990424 0 0.9169324 0.451539 -0 0.8922514 0.451539 0 0.8922514 0.5025046 -0 0.8645746 0.5025046 0 0.8645746 0.5518017 -0 0.8339754 0.5518017 0 0.8339754 0.599223 -0 0.8005822 0.599223 0 0.8005822 0.6446446 -0 0.7644824 0.6446446 0 0.7644824 0.6878782 -0 0.7258261 0.6878782 0 0.7258261 0.728813 -0 0.6847129 0.728813 0 0.6847129 0.7672849 -0 0.6413064 0.803179 -0 0.5957377 0.7672849 0 0.6413064 0.8363737 -0 0.5481595 0.803179 0 0.5957377 0.8667505 -0 0.4987419 0.8363737 0 0.5481595 0.8942127 -0 0.4476422 0.8667505 0 0.4987419 0.8942127 0 0.4476422 0.9400179 -0 0.3411251 0.9186666 0 0.3950338 0.9186666 0 0.3950338 0.9582226 -0 0.2860238 0.9400179 0 0.3411251 0.9582226 0 0.2860238 0.9848928 -0 0.1731652 0.9731929 0 0.2299904 0.9731929 0 0.2299904 0.993275 -0 0.1157785 0.9848928 0 0.1731652 0.993275 0 0.1157785 1 0 0 0.9983174 0 0.05798601 0.9983174 0 0.05798601 1 0 -0 0.993275 0 -0.1157785 0.9983174 0 -0.05798601 0.9983174 0 -0.05798601 0.9848928 0 -0.1731652 0.993275 0 -0.1157785 0.9848928 0 -0.1731652 0.9731929 0 -0.2299904 0.9582226 0 -0.2860238 0.9731929 0 -0.2299904 0.9400179 0 -0.3411251 0.9582226 0 -0.2860238 0.9400179 0 -0.3411251 0.9186666 0 -0.3950338 0.9186666 0 -0.3950338 0.8942127 0 -0.4476422 0.8667505 0 -0.4987419 0.8942127 0 -0.4476422 0.8667505 0 -0.4987419 0.8363737 0 -0.5481595 0.8363737 0 -0.5481595 0.803179 0 -0.5957377 0.803179 0 -0.5957377 0.7672849 0 -0.6413064 0.7672849 0 -0.6413064 0.728813 0 -0.6847129 0.728813 0 -0.6847129 0.6878782 0 -0.7258261 0.6878782 0 -0.7258261 0.599223 0 -0.8005822 0.6446446 0 -0.7644824 0.6446446 0 -0.7644824 0.5518017 0 -0.8339754 0.599223 0 -0.8005822 0.5518017 0 -0.8339754 0.451539 0 -0.8922514 0.5025046 0 -0.8645746 0.5025046 0 -0.8645746 0.3990424 0 -0.9169324 0.451539 0 -0.8922514 0.3452006 0 -0.938529 0.3990424 0 -0.9169324 0.3452006 0 -0.938529 0.2902017 0 -0.9569654 0.2902017 0 -0.9569654 0.2623226 0 0.9649803 0.2623226 0 0.9649803 -0.1483937 0 0.9889284 -0.1483937 0 0.9889284 -0.1000243 0 0.994985 -0.1000243 0 0.994985 -0.002694593 0 0.9999964 -0.05142176 0 0.998677 -0.05142176 0 0.998677 -0.002694593 0 0.9999964 0.04603917 0 0.9989397 0.04603917 0 0.9989397 0.0946642 0 0.9955093 0.0946642 0 0.9955093 0.1430621 0 0.9897138 0.1430621 0 0.9897138 0.1911202 0 0.9815666 0.1911202 0 0.9815666 0.238727 0 0.9710867 0.238727 0 0.9710867 -0.1293768 0 0.9915954 -0.1293768 0 0.9915954 -0.04256861 0 0.9990936 -0.04256861 0 0.9990936 0.04455863 0 0.9990067 0.04455863 0 0.9990067 0.131347 0 0.9913364 0.131347 0 0.9913364 0.2171412 0 0.9761402 0.2171412 0 0.9761402 0.3012838 0 0.9535345 0.3012838 0 0.9535345 0.3831453 0 0.9236881 0.3831453 0 0.9236881 0.4620911 0 0.8868325 0.4620911 0 0.8868325 0.5375327 0 0.8432428 0.5375327 0 0.8432428 0.6088935 0 0.7932521 0.6088935 0 0.7932521 0.6756309 0 0.7372401 0.6756309 0 0.7372401 0.7372398 0 0.6756311 0.7372398 0 0.6756311 0.7932544 0 0.6088903 0.7932544 0 0.6088903 0.8432415 0 0.537535 0.8432415 0 0.537535 0.8868335 0 0.462089 0.8868335 0 0.462089 0.9236898 0 0.383141 0.9236898 0 0.383141 0.9535331 0 0.3012883 0.9535331 0 0.3012883 0.9761412 0 0.2171364 0.9761412 0 0.2171364 0.9913364 0 0.131347 0.9913364 0 0.131347 0.9990067 0 0.04455863 0.9990067 0 0.04455863 0.9990934 0 -0.04257357 0.9990934 0 -0.04257357 0.9915961 0 -0.1293719 0.9915961 0 -0.1293719 0.9710867 0 0.238727 0.9710867 0 0.238727 0.9815666 0 0.1911202 0.9815666 0 0.1911202 0.9897137 0 0.1430624 0.9897137 0 0.1430624 0.9955093 0 0.0946642 0.9955093 0 0.0946642 0.9989397 0 0.04603927 0.9989397 0 0.04603927 0.9999963 0 -0.002694587 0.9999963 0 -0.002694587 0.998677 0 -0.05142176 0.998677 0 -0.05142176 0.994985 0 -0.1000245 0.994985 0 -0.1000245 0.9889284 0 -0.1483937 0.9889284 0 -0.1483937 0.9649803 0 0.2623226 0.9649803 0 0.2623226 -0.9569654 0 0.2902017 -0.938529 0 0.3452006 -0.9569654 0 0.2902017 -0.938529 0 0.3452006 -0.9169324 0 0.3990424 -0.9169324 0 0.3990424 -0.8922514 0 0.451539 -0.8922514 0 0.451539 -0.8645746 0 0.5025046 -0.8645746 0 0.5025046 -0.8339754 0 0.5518017 -0.8339754 0 0.5518017 -0.8005822 0 0.599223 -0.8005822 0 0.599223 -0.7644824 0 0.6446446 -0.7644824 0 0.6446446 -0.7258261 0 0.6878782 -0.7258261 0 0.6878782 -0.6847129 0 0.728813 -0.6847129 0 0.728813 -0.6413064 0 0.7672849 -0.6413064 0 0.7672849 -0.5957377 0 0.803179 -0.5957377 0 0.803179 -0.5481595 0 0.8363737 -0.5481595 0 0.8363737 -0.4476422 0 0.8942127 -0.4987419 0 0.8667505 -0.4987419 0 0.8667505 -0.4476422 0 0.8942127 -0.3950338 0 0.9186666 -0.3950338 0 0.9186666 -0.3411251 0 0.9400179 -0.3411251 0 0.9400179 -0.2860238 0 0.9582226 -0.2860238 0 0.9582226 -0.1731652 0 0.9848928 -0.2299904 0 0.9731929 -0.2299904 0 0.9731929 -0.1731652 0 0.9848928 -0.1157785 0 0.993275 -0.1157785 0 0.993275 0 -0 1 -0.05798601 0 0.9983174 -0.05798601 0 0.9983174 0 0 1 0.05798601 0 0.9983174 0.05798601 0 0.9983174 0.1157785 0 0.993275 0.1157785 0 0.993275 0.1731652 0 0.9848928 0.1731652 0 0.9848928 0.2299904 0 0.9731929 0.2299904 0 0.9731929 0.2860238 0 0.9582226 0.2860238 0 0.9582226 0.3411251 0 0.9400179 0.3950338 -0 0.9186666 0.3411251 0 0.9400179 0.3950338 0 0.9186666 0.4476422 0 0.8942127 0.4476422 0 0.8942127 0.4987419 0 0.8667505 0.4987419 0 0.8667505 0.5481595 0 0.8363737 0.5481595 0 0.8363737 0.5957377 0 0.803179 0.5957377 0 0.803179 0.6413064 0 0.7672849 0.6413064 0 0.7672849 0.6847129 0 0.728813 0.6847129 0 0.728813 0.7644824 -0 0.6446446 0.7258261 0 0.6878782 0.7258261 0 0.6878782 0.8005822 -0 0.599223 0.7644824 0 0.6446446 0.8005822 0 0.599223 0.8339754 0 0.5518017 0.8339754 0 0.5518017 0.8645746 0 0.5025046 0.8645746 0 0.5025046 0.8922514 0 0.451539 0.8922514 0 0.451539 0.938529 -0 0.3452006 0.9169324 0 0.3990424 0.9169324 0 0.3990424 0.9569654 -0 0.2902017 0.938529 0 0.3452006 0.9569654 0 0.2902017 -0.9649803 0 0.2623226 -0.9649803 0 0.2623226 -0.9889284 -0 -0.1483937 -0.9889284 0 -0.1483937 -0.994985 0 -0.1000243 -0.994985 -0 -0.1000243 -0.998677 0 -0.05142176 -0.998677 -0 -0.05142176 -0.9999964 0 -0.002694593 -0.9999964 -0 -0.002694593 -0.9989397 0 0.04603917 -0.9989397 0 0.04603917 -0.9955093 0 0.0946642 -0.9955093 0 0.0946642 -0.9897138 0 0.1430621 -0.9897138 0 0.1430621 -0.9815666 0 0.1911202 -0.9815666 0 0.1911202 -0.9710867 0 0.238727 -0.9710867 0 0.238727 -0.9915954 -0 -0.1293768 -0.9990936 -0 -0.04256861 -0.9915954 -0 -0.1293768 -0.9990067 0 0.04455863 -0.9990936 -0 -0.04256861 -0.9913364 0 0.1313476 -0.9990067 0 0.04455863 -0.9761402 0 0.2171412 -0.9913364 0 0.1313476 -0.953535 0 0.3012823 -0.9761402 0 0.2171412 -0.9236891 0 0.3831428 -0.953535 0 0.3012823 -0.9236891 0 0.3831428 -0.8868315 0 0.4620929 -0.8868315 0 0.4620929 -0.8432437 0 0.5375314 -0.8432437 0 0.5375314 -0.7932521 0 0.6088935 -0.7932521 0 0.6088935 -0.7372376 0 0.6756335 -0.7372376 0 0.6756335 -0.6756335 0 0.7372376 -0.6756335 0 0.7372376 -0.6088903 0 0.7932544 -0.6088903 0 0.7932544 -0.537535 0 0.8432415 -0.537535 0 0.8432415 -0.4620929 0 0.8868315 -0.4620929 0 0.8868315 -0.3831428 0 0.9236891 -0.3831428 0 0.9236891 -0.3012823 0 0.953535 -0.3012823 0 0.953535 -0.2171412 0 0.9761402 -0.2171412 0 0.9761402 -0.1313476 0 0.9913364 -0.1313476 0 0.9913364 -0.04455863 0 0.9990067 -0.04455863 0 0.9990067 0.04256861 0 0.9990936 0.04256861 0 0.9990936 0.1293768 0 0.9915954 0.1293768 0 0.9915954 -0.238727 0 0.9710867 -0.238727 0 0.9710867 -0.1911202 0 0.9815666 -0.1911202 0 0.9815666 -0.1430621 0 0.9897138 -0.1430621 0 0.9897138 -0.0946642 0 0.9955093 -0.0946642 0 0.9955093 -0.04603917 0 0.9989397 -0.04603917 0 0.9989397 0.002694593 0 0.9999964 0.002694593 0 0.9999964 0.05142176 0 0.998677 0.05142176 0 0.998677 0.1000243 0 0.994985 0.1000243 0 0.994985 0.1483937 0 0.9889284 0.1483937 0 0.9889284 0 1 0 0 1 0 0 1 0 0 1 0 0 1 0 0 1 0 0 1 0 0 1 0 0 1 0 0 1 0 0 1 0 0 1 0 0 1 0 0 1 0 0 1 0 0 1 0 0 1 0 0 1 0 0 1 0 0 1 0 0 1 0 0 1 0 0 1 0 0 1 0 0 1 0 0 1 0 0 1 0 0 1 0 0 1 0 0 1 0 0 1 0 0 1 0 0 1 0 0 1 0 0 1 0 0 1 0 0 1 0 0 1 0 0 1 0 0 1 0 0 1 0 0 1 0 0 1 0 0 1 0 0 1 0 0 1 0 0 1 -0 0 1 0 0 1 -0 0 1 0 0 1 0 0 1 0 0 1 -0 0 1 -0 0 1 0 0 1 -0 0 1 -0 0 1 0 0 1 0 0 1 0 0 1 -0 0 1 -0 0 1 -0 0 1 0 0 1 0 0 1 0 0 1 -0 0 1 -0 0 1 -0 0 1 0 0 1 -0 0 1 0 0 1 0 0 1 -0 0 1 -0 0 1 0 0 1 -0 0 1 -0 0 1 0 0 1 0 0 1 0 0 1 -0 0 1 -0 0 1 -0 0 1 0 0 1 0 0 1 0 0 1 0 0 1 0 0 1 0 0 1 0 0 1 0 0 1 0 0 1 -0 0 1 0 0 1 0 0 1 0 0 1 0 0 1 0 0 1 -0 0 1 0 0 1 0 0 1 0 0 1 0 0 1 -0 0 1 0 0 1 0 0 1 -0 0 1 0 0 1 0 0 1 0 0 1 0 0 1 0 0 1 -0 0 1 0 0 1 0 0 1 0 0 1 0 0 1 -0 0 1 0 0 1 0 0 1 -0 0 1 -0 0 1 -0 0 1 0 0 1 0 0 1 0 0 1 -0 0 1 -0 0 1 -0 0 1 0 0 1 0 0 1 0 0 1 0 0 1 -0 0 1 -0 0 1 -0 0 1 0 0 1 0 0 1 0 0 1 0 0 1 0 0 1 0 0 1 0 0 1 0 0 1 0 0 1 -0 0 1 0 0 1 0 0 1 0 0 1 -0 0 1 0 0 1 -0 0 1 0 0 1 -0 0 1 0 0 1 -0 0 1 0 0 1 -0 0 1 0 0 1 0 0 1 -0 0 1 -0 0 1 -0 0 1 -0 0 1 -0 0 1 -0 0 1 0 0 1 -0 0 1 0 0 1 0 0 1 0 0 1 0 0 1 0 0 1 0 0 1 0 0 1 0 0 1 0 0 1 0 0 1 0 0 1 0 0 1 0 0 1 0 0 1 0 0 1 -0 0 1 0 0 1 0 0 1 0 0 1 0 0 1 0 0 1 0 0 1 0 0 1 -0 0 1 0 0 1 0 0 1 0 0 1 0 0 1 0 0 1 -0 0 1 0 0 1 0 0 1 0 0 1 0 0 1 0 0 1 -0 0 1 0 0 1 0 0 1 0 0 1 -0 0 1 0 0 1 0 0 1 0 0 1 0 0 1 -0 0 1 0 0 1 0 0 1 0 0 1 0 0 1 0 0 1 0 0 1 -0 0 1 0 0 1 0 0 1 -0 0 1 0 0 1 0 0 1 0 0 1 0 0 1 0 0 1 0 0 1 0 0 1 0 0 1 0 0 1 0 0 1 0 0 1 0 0 1 0 0 1 0 0 1 0 0 1 0 0 1 0 0 1 0 0 1 -0 0 1 0 0 1 0 0 1 0 0 1 0 0 1 -0 0 1 0 0 1 0 0 1 0 0 1 0 0 1 -0 0 1 0 0 1 0 0 1 -0 0 1 -0 0 1 0 0 1 0 0 1 0 0 1 -0 0 1 0 0 1 0 0 1 0 0 1 0 0 1 0 0 1 -0 0 1 0 0 1 0 0 1 0 0 1 0 0 1 0 0 1 0 0 1 0 0 1 0 0 1 0 0 1 0 0 1 0 0 1 0 0 1 0 0 1 0 0 1 0 0 1 0 0 1 -0 0 1 0 0 1 0 0 1 0 0 1 0 0 1 0 0 1 0 0 1 -0 0 1 -0 0 1 -0 0 1 0 0 1 0 0 1 0 0 1 0 0 1 0 0 1 0 0 1 0 0 1 0 0 1 0 0 1 0 0 1 0 0 1 0 0 1 0 0 1 0 0 1 0 0 1 0 0 1 -0 0 1 0 0 1 0 0 1 0 0 1 -0 0 1 0 0 1 0 0 1 -0 0 1 0 0 1 0 0 1 -0 0 1 0 0 1 0 0 1 0 0 1 -0 0 1 0 0 1 0 0 1 0 0 1 -0 0 1 0 0 1 -0 0 1 0 0 1 0 0 1 0 0 1 -0 0 1 0 0 1 0 0 1 0 0 1 -0 0 1 0 0 1 0 0 1 0 0 1 -0 0 1 0 0 1 -0 0 1 0 0 1 0 0 1 0 0 1 -0 0 1 0 0 1 -0 0 1 0 0 1 0 0 1 -0 0 1 0 0 1 0 0 1 -0 0 1 0 0 1 -0 0 1 0 0 1 0 0 1 -0 0 1 0 0 1 0 0 1 -0 0 1 0 0 1 -0 0 1 0 0 1 0 0 1 0 0 1 0 0 1 0 0 1 0 0 1 0 0 1 0 0 1 0 0 1 0 0 1 0 0 1 0 0 1 0 0 1 0 0 1 0 0 1 -0 0 1 0 0 1 0 0 1 0 0 1 -0 0 1 -0 0 1 0 0 1 0 0 1 -0 0 1 -0 0 1 -0 0 1 0 0 1 0 0 1 0 0 1 0 0 1 -0 0 1 0 0 1 -0 0 1 -0 0 1 -0 0 1 -0 0 1 0 0 1 0 0 1 -0 0 1 0 0 1 0 0 1 -0 0 1 -0 0 1 0 0 1 -0 0 1 0 0 1 0 0 1 -0 0 1 0 0 1 -0 0 1 -0 0 1 0 0 1 -0 0 1 -0 0 1 -0 0 1 0 0 1 -0 0 1 0 0 1 -0 0 1 0 0 1 0 0 1 0 0 1 0 -0 1 -0 0 1 -0 0 1 -0 0 1 0 0 1 -0 0 1 0 0 1 0 -0 1 -0 0 1 -0 -0 1 -0 0 1 -0 0 1 0 0 1 0 0 1 0 0 1 0 -0 1 -0 0 1 -0 -0 1 -0 -0 1 -0 0 1 0 -0 1 -0 0 1 0 0 1 0 0 1 0 0 1 0 -0 1 -0 0 1 0 0 1 -0 0 1 0 0 1 0 -0 1 -0 0 1 -0 -0 1 -0 0 1 -0 0 1 0 0 1 -0 0 1 0 0 1 0 0 1 0 0 1 0 0 1 0 0 1 0 0 1 0 -0 1 -0 -0 1 -0 0 -1 0 0 -1 0 0 -1 0 0 -1 0 0 -1 0 0 -1 0 0 -1 0 0 -1 0 0 -1 0 0 -1 0 0 -1 0 0 -1 0 0 -1 0 0 -1 0 0 -1 0 0 -1 0 0 -1 0 0 -1 0 0 -1 0 0 -1 0 0 -1 0 0 -1 0 0 -1 0 0 -1 0 0 -1 0 0 -1 0 0 -1 0 0 -1 0 0 -1 0 0 -1 0 0 -1 0 0 -1 0 0 -1 0 0 -1 0 0 -1 0 0 -1 0 0 -1 0 0 -1 0 0 -1 0 0 -1 0 0 -1 0 0 -1 0 0 -1 0 0 -1 0 0 -1 0 0 -1 0 0 -1 0 0 -1 0 0 -1 0 0 -1 0 0 -1 0 0 -1 0 0 -1 0 0 -1 0 0 -1 0 0 -1 0 0 -1 -0 0 -1 0 0 -1 0 0 -1 0 0 -1 0 0 -1 0 0 -1 0 0 -1 0 0 -1 0 0 -1 0 0 -1 0 0 -1 0 0 -1 0 0 -1 0 0 -1 0 0 -1 0 0 -1 0 0 -1 0 0 -1 0 0 -1 0 0 -1 0 0 -1 0 0 -1 0 0 -1 0 0 -1 0 0 -1 0 0 -1 0 0 -1 0 0 -1 0 0 -1 0 0 -1 0 0 -1 0 0 -1 0 0 -1 0 0 -1 0 0 -1 0 0 -1 0 0 -1 0 0 -1 0 0 -1 0 0 -1 0 0 -1 0 0 -1 0 0 -1 0 0 -1 0 0 -1 0 0 -1 0 0 -1 -0 0 -1 0 0 -1 -0 0 -1 0 0 -1 0 0 -1 0 0 -1 -0 0 -1 0 0 -1 -0 0 -1 0 0 -1 0 0 -1 0 0 -1 0 0 -1 -0 0 -1 0 0 -1 -0 0 -1 0 0 -1 0 0 -1 0 0 -1 -0 0 -1 0 0 -1 -0 0 -1 0 0 -1 0 0 -1 0 0 -1 -0 0 -1 0 0 -1 0 0 -1 -0 0 -1 0 0 -1 0 0 -1 -0 0 -1 0 0 -1 0 0 -1 0 0 -1 -0 0 -1 0 0 -1 0 0 -1 -0 0 -1 0 0 -1 0 0 -1 -0 0 -1 0 0 -1 0 0 -1 0 0 -1 -0 0 -1 0 0 -1 0 0 -1 -0 0 -1 0 0 -1 0 0 -1 -0 0 -1 0 0 -1 -0 0 -1 -0 0 -1 0 0 -1 0 0 -1 0 0 -1 -0 0 -1 -0 0 -1 -0 0 -1 0 0 -1 0 0 -1 -0 0 -1 -0 0 -1 0 0 -1 -0 0 -1 0 0 -1 -0 0 -1 -0 0 -1 -0 0 -1 -0 0 -1 -0 0 -1 -0 0 -1 -0 0 -1 -0 0 -1 -0 0 -1 -0 0 -1 -0 0 -1 0 0 -1 0 0 -1 0 0 -1 0 0 -1 0 0 -1 0 0 -1 0 0 -1 0 0 -1 0 0 -1 0 0 -1 0 0 -1 0 0 -1 0 0 -1 0 0 -1 0 0 -1 0 0 -1 0 0 -1 0 0 -1 0 0 -1 0 0 -1 0 0 -1 0 0 -1 0 0 -1 0 0 -1 0 0 -1 0 0 -1 0 0 -1 0 0 -1 0 0 -1 0 0 -1 0 0 -1 0 0 -1 0 0 -1 0 0 -1 0 0 -1 0 0 -1 0 0 -1 0 0 -1 0 0 -1 0 0 -1 0 0 -1 0 0 -1 0 0 -1 0 0 -1 0 0 -1 0 0 -1 0 0 -1 0 0 -1 0 0 -1 -0 0 -1 0 0 -1 0 0 -1 0 0 -1 0 0 -1 0 0 -1 0 0 -1 0 0 -1 0 0 -1 0 0 -1 0 0 -1 0 0 -1 0 0 -1 0 0 -1 0 0 -1 -0 0 -1 0 0 -1 0 0 -1 0 0 -1 0 0 -1 0 0 -1 0 0 -1 0 0 -1 0 0 -1 0 0 -1 0 0 -1 0 0 -1 -0 0 -1 0 0 -1 0 0 -1 0 0 -1 0 0 -1 0 0 -1 0 0 -1 0 0 -1 0 0 -1 0 0 -1 0 0 -1 0 0 -1 0 0 -1 0 0 -1 0 0 -1 -0 0 -1 0 0 -1 0 0 -1 0 0 -1 0 0 -1 0 0 -1 0 0 -1 0 0 -1 0 0 -1 -0 0 -1 0 0 -1 0 0 -1 0 0 -1 0 0 -1 0 0 -1 0 0 -1 0 0 -1 0 0 -1 0 0 -1 0 0 -1 0 0 -1 0 0 -1 0 0 -1 0 0 -1 0 0 -1 0 0 -1 0 0 -1 0 0 -1 0 0 -1 0 0 -1 0 0 -1 0 0 -1 0 0 -1 0 0 -1 0 0 -1 0 0 -1 0 0 -1 0 0 -1 0 0 -1 0 0 -1 0 0 -1 0 0 -1 0 0 -1 0 0 -1 0 0 -1 0 0 -1 0 0 -1 0 0 -1 0 0 -1 0 0 -1 0 0 -1 0 0 -1 0 0 -1 0 0 -1 0 0 -1 0 0 -1 0 0 -1 0 0 -1 0 0 -1 0 0 -1 0 0 -1 0 0 -1 0 0 -1 0 0 -1 0 0 -1 0 0 -1 0 0 -1 0 0 -1 0 0 -1 0 0 -1 0 0 -1 0 0 -1 0 0 -1 0 0 -1 0 0 -1 0 0 -1 0 0 -1 0 0 -1 0 0 -1 0 0 -1 0 0 -1 0 0 -1 0 0 -1 0 0 -1 0 0 -1 0 0 -1 0 0 -1 0 0 -1 0 0 -1 0 0 -1 0 0 -1 0 0 -1 0 0 -1 0 0 -1 0 0 -1 0 0 -1 0 0 -1 0 0 -1 0 0 -1 0 0 -1 0 0 -1 0 0 -1 0 0 -1 0 0 -1 0 0 -1 0 0 -1 0 0 -1 0 0 -1 0 0 -1 0 0 -1 0 0 -1 0 0 -1 0 0 -1 0 0 -1 0 0 -1 0 0 -1 0 0 -1 0 0 -1 0 0 -1 0 0 -1 0 0 -1 0 0 -1 0 0 -1 0 0 -1 0 0 -1 0 0 -1 0 0 -1 0 0 -1 0 0 -1 0 0 -1 0 0 -1 0 0 -1 0 0 -1 0 0 -1 0 0 -1 -0 0 -1 -0 0 -1 -0 0 -1 0 0 -1 -0 0 -1 -0 0 -1 -0 0 -1 -0 0 -1 0 0 -1 0 0 -1 -0 0 -1 -0 0 -1 -0 0 -1 0 0 -1 0 0 -1 0 0 -1 0 0 -1 0 0 -1 0 0 -1 0 0 -1 0 0 -1 0 0 -1 0 0 -1 0 0 -1 0 0 -1 0 0 -1 0 0 -1 0 0 -1 0 0 -1 0 0 -1 0 0 -1 0 0 -1 0 0 -1 0 0 -1 0 0 -1 0 0 -1 0 0 -1 0 0 -1 0 0 -1 0 0 -1 0 0 -1 0 0 -1 0 0 -1 0 0 -1 -0 0 -1 0 0 -1 0 0 -1 0 0 -1 0 0 -1 0 0 -1 0 0 -1 0 0 -1 0 0 -1 0 0 -1 0 0 -1 0 0 -1 0 0 -1 0 0 -1 -0 0 -1 0 0 -1 0 0 -1 0 0 -1 0 0 -1 0 0 -1 0 0 -1 0 0 -1 0 0 -1 0 0 -1 0 0 -1 0 0 -1 0 0 -1 -0 0 -1 0 0 -1 0 0 -1 0 0 -1 0 0 -1 0 0 -1 0 0 -1 0 0 -1 0 0 -1 0 0 -1 0 0 -1 0 0 -1 0 0 -1 -0 0 -1 0 0 -1 0 0 -1 0 0 -1 0 0 -1 0 0 -1 0 0 -1 0 0 -1 0 0 -1 0 0 -1 0 0 -1 0 0 -1 0 0 -1 0 0 -1 0 0 -1 0 0 -1 -0 0 -1 0 0 -1 0 0 -1 0 0 -1 0 0 -1 0 0 -1 0 0 -1 0 0 -1 0 0 -1 0 0 -1 0 0 -1 0 0 -1 0 0 -1 0 0 -1 0 0 -1 0 0 -1 0 0 -1 0 0 -1 0 0 -1 0 0 -1 0 0 -1 0 0 -1 0 0 -1 0 0 -1 0 0 -1 0 0 -1 0 0 -1 0 0 -1 0 0 -1 0 0 -1 0 0 -1 0 0 -1 0 0 -1 0 0 -1 0 0 -1 0 0 -1 0 0 -1 0 0 -1 0 0 -1 0 0 -1 0 0 -1 0 0 -1 0 0 -1 0 0 -1 0 0 -1 0 0 -1 0 0 -1 0 0 -1 0 0 -1 0 0 -1 0 0 -1 0 0 -1 0 0 -1 0 0 -1 0 0 -1 0 0 -1 0 0 -1 0 0 -1 0 0 -1 0 0 -1 0 0 -1 0 0 -1 0 0 -1 0 0 -1 0 0 -1 0 0 -1 0 0 -1 0 0 -1 0 0 -1 0 0 -1 0 0 -1 0 0 -1 0 0 -1 0 0 -1 0 0 -1 0 0 -1 0 0 -1 0 0 -1 0 0 -1 0 0 -1 0 0 -1 0 0 -1 0 0 -1 0 0 -1 0 0 -1 0 0 -1 0 0 -1 0 0 -1 0 0 -1 0 0 -1 0 0 -1 0 0 -1 0 0 -1 0 0 -1 0 0 -1 0 0 -1 0 0 -1 0 0 -1 0 0 -1 0 0 -1 0 0 -1 0 0 -1 0 0 -1 0 0 -1 0 0 -1 0 0 -1 0 0 -1 0 0 -1 0 0 -1 0 0 -1 0 0 -1 0 0 -1 0 0 -1 0 0 -1 0 0 -1 0 0 -1 -0 0 -1 -0 0 -1 -0 0 -1 -0 0 -1 0 0 -1 0 0 -1 0 0 -1 0 0 -1 0 0 -1 -0 0 -1 -0 0 -1 -0 0 -1 -0 0 -1 -0 0 -1 0 0 -1 -0 0 -1 -0 0 -1 -0 0 -1 -0 0 -1 -0 0 -1 -0 0 -1 -0 0 -1 -0 0 -1 0 0 -1 0 0 -1 0 0 -1 0 0 -1 0 0 -1 0 0 -1 0 0 -1 0 0 -1 0 0 -1 0 0 -1 0 0 -1 0 0 -1 0 0 -1 0 0 -1 0 0 -1 0 0 -1 0 0 -1 0 0 -1 0 0 -1 0 0 -1 0 0 -1 0 0 -1 0 0 -1 0 0 -1 0 0 -1 0 0 -1 0 0 -1 0 0 -1 0 0 -1 0 0 -1 0 0 -1 0 0 -1 0 0 -1 0 0 -1 0 0 -1 0 0 -1 0 0 -1 0 0 -1 0 0 -1 0 0 -1 0 0 -1 0 0 -1 0 0 -1 0 0 -1 -0 0 -1 0 0 -1 0 0 -1 0 0 -1 0 0 -1 0 0 -1 0 0 -1 0 0 -1 0 0 -1 0 0 -1 -0 0 -1 0 0 -1 0 0 -1 0 0 -1 0 0 -1 0 0 -1 0 0 -1 0 0 -1 0 0 -1 0 0 -1 0 0 -1 0 0 -1 -0 0 -1 0 0 -1 0 0 -1 0 0 -1 -0 0 -1 -0 0 -1 -0 0 -1 -0 0 -1 0 0 -1 0 0 -1 0 0 -1 0 0 -1 0 0 -1 0 0 -1 0 0 -1 0 0 -1 0 0 -1 0 0 -1 0 0 -1 0 0 -1 0 0 -1 0 0 -1 -0 0 -1 -0 0 -1 -0 0 -1 -0 0 -1 0 0 -1 0 0 -1 0 0 -1 0 0 -1 0 0 -1 0 0 -1 0 0 -1 0 0 -1 0 0 -1 0 0 -1 0 0 -1 0 0 -1 0 0 -1 0 0 -1 0 0 -1 0 0 -1 0 0 -1 0 0 -1 0 0 -1 0 0 -1 0 0 -1 0 0 -1 0 0 -1 0 0 -1 0 0 -1 0 0 -1 0 0 -1 0 0 -1 0 0 -1 0 0 -1 0 0 -1 0 0 -1 0 0 -1 0 0 -1 0 0 -1 0 0 -1 0 0 -1 0 0 -1 0 0 -1 0 0 -1 0 0 -1 0 0 -1 0 0 -1 0 0 -1 0 0 -1 0 0 -1 0 0 -1 0 0 -1 0 0 -1 0 0 -1 0 0 -1 0 0 -1 0 0 -1 0 0 -1 0 0 -1 0 0 -1 0 0 -1 0 0 -1 0 0 -1 0 0 -1 0 0 -1 0 0 -1 0 0 -1 0 0 -1 0 0 -1 0 0 -1 0 0 -1 0 0 -1 0 0 -1 0 0 -1 0 0 -1 0 0 -1 0 0 -1 0 0 -1 0 0 -1 0 0 -1 0 0 -1 0 0 -1 0 0 -1 0 0 -1 0 0 -1 0 0 -1 0 0 -1 0 0 -1 -0 0 -1 -0 0 -1 0 0 -1 -0 0 -1 0 0 -1 0 0 -1 0 0 -1 0 0 -1 0 0 -1 0 0 -1 -0 0 -1 -0 0 -1 -0 0 -1 0 0 -1 0 0 -1 0 0 -1 0 0 -1 0 0 -1 0 0 -1 -0 0 -1 -0 0 -1 -0 0 -1 -0 0 -1 0 0 -1 0 0 -1 0 0 -1 0 0 -1 0 0 -1 -0 0 -1 0 0 -1 0 0 -1 0 0 -1 0 0 -1 -0 0 -1 0 0 -1 0 0 -1 0 0 -1 -0 0 -1 0 0 -1 0 0 -1 -0 0 -1 0 0 -1 0 0 -1 0 0 -1 -0 0 -1 0 0 -1 0 0 -1 0 0 -1 0 0 -1 0 0 -1 0 0 -1 0 0 -1 0 0 -1 0 0 -1 0 0 -1 0 0 -1 -0 0 -1 0 0 -1 0 0 -1 0 0 -1 0 0 -1 -0 0 -1 0 0 -1 0 0 -1 0 0 -1 0 0 -1 0 0 -1 0 0 -1 0 0 -1 0 0 -1 0 0 -1 0 0 -1 0 0 -1 0 0 -1 0 0 -1 0 0 -1 0 0 -1 0 0 -1 0 0 -1 0 0 -1 0 0 -1 -0 0 -1 -0 0 -1 -0 0 -1 -0 0 -1 0 0 -1 0 0 -1 0 0 -1 0 0 -1 0 0 -1 0 0 -1 0 0 -1 0 0 -1 0 0 -1 0 0 -1 0 0 -1 0 0 -1 0 0 -1 -0 0 -1 -0 0 -1 -0 0 -1 -0 0 -1 -0 0 -1 0 0 -1 0 -0 -1 0 0 -1 0 0 -1 0 0 -1 0 0 -1 0 0 -1 0 0 -1 0 0 -1 0 -0 -1 0 0 -1 0 0 -1 0 0 -1 0 0 -1 0 0 -1 0 0 -1 0 0 -1 0 0 -1 0 0 -1 0 0 -1 0 0 -1 0 0 -1 0 0 -1 0 0 -1 0 0 -1 0 0 -1 0 0 -1 0 0 -1 0 0 -1 0 0 -1 0 0 -1 0 0 -1 0 0 -1 0 0 -1 0 0 -1 0 0 -1 0 0 -1 0 0 -1 0 0 -1 0 0 -1 0 0 -1 0 0 -1 -0 0 -1 0 0 -1 0 0 -1 0 0 -1 -0 0 -1 0 0 -1 0 0 -1 0 0 -1 -0 0 -1 -0 0 -1 0 0 -1 0 0 -1 0 0 -1 -0 0 -1 0 0 -1 0 0 -1 0 0 -1 0 0 -1 0 0 -1 0 0 -1 -0 0 -1 0 0 -1 0 0 -1 0 0 -1 -0 0 -1 0 0 -1 0 0 -1 0 0 -1 -0 0 -1 0 0 -1 0 0 -1 0 0 -1 -0 0 -1 0 0 -1 0 0 -1 0 0 -1 0 0 -1 -0 0 -1 -0 0 -1 0 0 -1 0 0 -1 0 0 -1 0 0 -1 0 0 -1 -0 0 -1 0 0 -1 0 0 -1 0 0 -1 -0 0 -1 0 0 -1 0 0 -1 -0 0 -1 0 0 -1 0 0 -1 0 0 -1 -0 0 -1 0 0 -1 0 0 -1 -0 0 -1 -0 0 -1 -0 0 -1 -0 0 -1 0 0 -1 0 0 -1 0 0 -1 -0 0 -1 0 0 -1 0 0 -1 -0 0 -1 -0 0 -1 0 0 -1 0 0 -1 0 0 -1 0 0 -1 0 0 -1 0 0 -1 -0 0 -1 -0 0 -1 0 0 -1 0 0 -1 -0 0 -1 0 0 -1 -0 0 -1 -0 0 -1 0 0 -1 -0 0 -1 0 0 -1 0 0 -1 0 0 -1 0 0 -1 0 0 -1 0 0 -1 0 0 -1 0 0 -1 0 0 -1 0 0 -1 0 0 -1 0 0 -1 0 0 -1 0 0 -1 0 0 -1 0 0 -1 0 0 -1 0 0 -1 0 0 -1 0 0 -1 0 0 -1 0 0 -1 0 0 -1 0 0 -1 0 0 -1 0 0 -1 0 0 -1 0 0 -1 0 0 -1 0 0 -1 0 0 -1 0 0 -1 0 0 -1 0 0 -1 0 0 -1 0 0 -1 0 0 -1 0 0 -1 0 0 -1 0 0 -1 0 0 -1 0 0 -1 0 0 -1 0 0 -1 0 0 -1 0 0 -1 0 0 -1 0 0 -1 0 0 -1 0 0 -1 0 0 -1 0 0 -1 0 0 -1 0 0 -1 0 0 -1 0 0 -1 0 0 -1 0 0 -1 0 0 -1 0 0 -1 0 0 -1 0 0 -1 0 0 -1 0 0 -1 0 0 -1 0 0 -1 -0 0 -1 -0 0 -1 0 0 -1 0 0 -1 0 0 -1 0 0 -1 0 0 -1 0 0 -1 0 0 -1 0 0 -1 -0 0 -1 -0 0 -1 -0 0 -1 0 0 -1 0 0 -1 0 0 -1 0 0 -1 0 0 -1 0 0 -1 0 0 -1 0 0 -1 0 0 -1 0 0 -1 0 0 -1 0 0 -1 0 0 -1 0 0 -1 0 0 -1 0 0 -1 0 0 -1 0 0 -1 0 0 -1 0 0 -1 0 0 -1 0 0 -1 0 0 -1 0 0 -1 0 0 -1 0 0 -1 0 0 -1 0 0 -1 0 0 -1 0 0 -1 0 0 -1 0 0 -1 0 0 -1 0 0 -1 0 0 -1 0 0 -1 0 0 -1 0 0 -1 0 0 -1 0 0 -1 0 0 -1 0 0 -1 0 0 -1 0 0 -1 0 0 -1 0 0 -1 0 0 -1 0 0 -1 0 0 -1 0 0 -1 0 0 -1 0 0 -1 0 0 -1 0 0 -1 0 0 -1 0 0 -1 0 0 -1 0 0 -1 0 0 -1 0 0 -1 0 0 -1 0 0 -1 0 0 -1 0 0 -1 0 0 -1 0 0 -1 0 0 -1 0 0 -1 0 0 -1 0 0 -1 0 0 -1 0 0 -1 0 0 -1 0 0 -1 0 0 -1 0 0 -1 0 0 -1 0 0 -1 0 0 -1 0 0 -1 0 0.9727765 0 0.2317453 0.9828246 0 0.184542 0.9727765 0 0.2317453 0.9905835 0 0.1369101 0.9828246 0 0.184542 0.9905835 0 0.1369101 0.9960355 0 0.08895747 0.9960355 0 0.08895747 0.9991674 0 0.04079925 0.9991674 0 0.04079925 0.998448 0 -0.0556911 0.9999723 0 -0.00745383 0.9999723 0 -0.00745383 0.998448 0 -0.0556911 0.9945984 0 -0.1037987 0.9945984 0 -0.1037987 0.9884323 0 -0.1516629 0.9884323 0 -0.1516629 0.979964 0 -0.1991746 0.979964 0 -0.1991746 0.9692136 0 -0.2462214 0.9692136 0 -0.2462214 0.9562051 0 -0.2926977 0.9562051 0 -0.2926977 0 1 0 0 1 0 0 1 0 0 1 0 0 1 0 0 1 0 0 1 0 0 1 0 0 1 0 0 1 0 0 1 0 0 1 0 0 1 0 0 1 0 0 1 0 0 1 0 0 1 0 0 1 0 0 1 0 0 1 0 0 1 0 0 1 0 0 1 0 0 1 0 0 1 0 0 1 0 0 1 0 0 1 0 0 1 0 0 1 0 0 1 0 0 1 0 0 1 0 0 1 0 0 1 0 0 1 0 0 1 0 0 1 0 0 1 0 0 1 0 0 1 0 0 1 0 0 1 0 0 1 0 0 1 0 0 1 0 0 1 0 0 1 0 0 1 0 0 1 0 0 1 0 0 1 0 0 1 0 0 1 0 0 1 0 0 1 0 0 1 0 0 1 0 0 1 0 0 1 0 0 1 0 0 1 0 0 1 0 0 1 0 0 1 0 0 1 0 0 1 0 0 1 0 0 1 0 0 1 0 0 1 0 0 1 0 0.9406787 0 -0.3392987 0.9225513 0 -0.3858745 0.9406787 0 -0.3392987 0.9021191 0 -0.4314871 0.9225513 0 -0.3858745 0.879434 0 -0.476021 0.9021191 0 -0.4314871 0.8545513 0 -0.519367 0.879434 0 -0.476021 0.8275347 0 -0.5614145 0.8545513 0 -0.519367 0.7984505 0 -0.6020604 0.8275347 0 -0.5614145 0.7673717 0 -0.6412026 0.7984505 0 -0.6020604 0.7343758 0 -0.6787431 0.7673717 0 -0.6412026 0.6995469 0 -0.7145867 0.7343758 0 -0.6787431 0.6629702 0 -0.7486458 0.6995469 0 -0.7145867 0.6629702 0 -0.7486458 0.624735 0 -0.7808369 0.624735 0 -0.7808369 0.5849431 0 -0.8110743 0.5849431 0 -0.8110743 0.543687 0 -0.8392881 0.5010735 0 -0.8654047 0.543687 0 -0.8392881 0.5010735 0 -0.8654047 0.4572091 0 -0.8893593 0.4122025 0 -0.9110922 0.4572091 0 -0.8893593 0.3661666 0 -0.9305493 0.4122025 0 -0.9110922 0.3192143 0 -0.9476825 0.3661666 0 -0.9305493 0.3192143 0 -0.9476825 0.2230392 0 -0.9748095 0.2714655 0 -0.9624482 0.2714655 0 -0.9624482 0.1740555 0 -0.9847358 0.2230392 0 -0.9748095 0.1246367 0 -0.9922024 0.1740555 0 -0.9847358 0.0749066 0 -0.9971905 0.1246367 0 -0.9922024 0.0749066 0 -0.9971905 0.02499017 0 -0.9996877 0.02499017 0 -0.9996877 -1 -0 -1.849031e-15 -1 -0 -1.849031e-15 0.9669011 0 0.2551513 0.9669011 0 0.2551513 -0.2448087 0 0.9695714 -0.2448087 0 0.9695714 -0.9753305 0 -0.2207499 -0.985026 0 -0.1724061 -0.9753305 0 -0.2207499 -0.9923269 0 -0.1236423 -0.985026 0 -0.1724061 -0.9972152 0 -0.07457838 -0.9923269 0 -0.1236423 -0.999679 0 -0.02533438 -0.9972152 0 -0.07457838 -0.9997126 0 0.02397392 -0.999679 0 -0.02533438 -0.9973156 0 0.07322221 -0.9997126 0 0.02397392 -0.9973156 0 0.07322221 -0.992494 0 0.1222933 -0.992494 0 0.1222933 -0.9852597 0 0.1710657 -0.9852597 0 0.1710657 -0.9756297 0 0.2194236 -0.9756297 0 0.2194236 -0.9636276 0 0.2672486 -0.9636276 0 0.2672486 -0.9492838 0 0.3144206 -0.9492838 0 0.3144206 -0.9326309 0 0.3608319 -0.9326309 0 0.3608319 -0.913711 0 0.4063646 -0.913711 0 0.4063646 -0.8925701 0 0.4509088 -0.8925701 0 0.4509088 -0.8692592 0 0.4943565 -0.8692592 0 0.4943565 -0.8438345 0 0.5366036 -0.8438345 0 0.5366036 -0.8163579 0 0.5775462 -0.8163579 0 0.5775462 -0.7868981 0 0.6170828 -0.7868981 0 0.6170828 -0.755524 0 0.6551211 -0.755524 0 0.6551211 -0.7223142 0 0.6915651 -0.6873465 0 0.7263297 -0.7223142 0 0.6915651 -0.6507087 0 0.7593274 -0.6873465 0 0.7263297 -0.6124893 0 0.7904788 -0.6507087 0 0.7593274 -0.5727806 0 0.8197088 -0.6124893 0 0.7904788 -0.5316792 0 0.8469458 -0.5727806 0 0.8197088 -0.489286 0 0.8721234 -0.5316792 0 0.8469458 -0.4457024 0 0.8951812 -0.489286 0 0.8721234 -0.4010344 0 0.916063 -0.4457024 0 0.8951812 -0.3553931 0 0.934717 -0.4010344 0 0.916063 -0.3088871 0 0.9510987 -0.3553931 0 0.934717 -0.2616309 0 0.965168 -0.3088871 0 0.9510987 -0.213736 0 0.9768914 -0.2616309 0 0.965168 -0.213736 0 0.9768914 -0.1895885 0 0.9818637 -0.1895885 0 0.9818637 -0.2317453 0 0.9727765 -0.2317453 0 0.9727765 -0.1369101 0 0.9905835 -0.184542 0 0.9828246 -0.184542 0 0.9828246 -0.08895747 0 0.9960355 -0.1369101 0 0.9905835 -0.08895747 0 0.9960355 -0.04079925 0 0.9991674 -0.04079925 0 0.9991674 0.00745383 0 0.9999723 0.00745383 0 0.9999723 0.0556911 0 0.998448 0.0556911 0 0.998448 0.1037987 0 0.9945984 0.1037987 0 0.9945984 0.1516629 0 0.9884323 0.1516629 0 0.9884323 0.1991746 0 0.979964 0.1991746 0 0.979964 0.2462214 0 0.9692136 0.2462214 0 0.9692136 0.2926977 0 0.9562051 0.2926977 0 0.9562051 0 1 0 0 1 0 -0 1 0 0 1 0 0 1 0 -0 1 0 0 1 0 -0 1 0 0 1 0 -0 1 0 0 1 0 -0 1 0 0 1 0 0 1 0 -0 1 0 0 1 0 0 1 0 0 1 0 0 1 0 0 1 0 0 1 0 0 1 0 0 1 0 0 1 0 0 1 0 0 1 0 0 1 0 -0 1 0 0 1 0 -0 1 0 0 1 0 -0 1 0 0 1 0 -0 1 0 0 1 0 -0 1 0 0 1 0 -0 1 0 0 1 0 -0 1 0 0 1 0 -0 1 0 0 1 0 -0 1 0 0 1 0 -0 1 0 0 1 0 -0 1 0 0 1 0 -0 1 0 0 1 0 -0 1 0 0 1 0 -0 1 0 0 1 0 0 1 0 0 1 0 0 1 0 0 1 0 0 1 0 0 1 0 -0 1 0 0 1 0 -0 1 0 0 1 0 -0 1 0 0 1 0 -0 1 0 0 1 0 -0 1 0 -0 1 0 0 1 0 0.3392987 0 0.9406787 0.3858745 0 0.9225513 0.3392987 0 0.9406787 0.4314871 0 0.9021191 0.3858745 0 0.9225513 0.476021 0 0.879434 0.4314871 0 0.9021191 0.519367 0 0.8545513 0.476021 0 0.879434 0.5614145 0 0.8275347 0.519367 0 0.8545513 0.6020604 0 0.7984505 0.5614145 0 0.8275347 0.6412026 0 0.7673717 0.6020604 0 0.7984505 0.6787431 0 0.7343758 0.6412026 0 0.7673717 0.7145867 0 0.6995469 0.6787431 0 0.7343758 0.7486458 0 0.6629702 0.7145867 0 0.6995469 0.7486458 0 0.6629702 0.7808369 0 0.624735 0.7808369 0 0.624735 0.8110743 0 0.5849431 0.8110743 0 0.5849431 0.8392881 0 0.543687 0.8654047 0 0.5010735 0.8392881 0 0.543687 0.8654047 0 0.5010735 0.8893593 0 0.4572091 0.9110922 0 0.4122025 0.8893593 0 0.4572091 0.9305493 0 0.3661666 0.9110922 0 0.4122025 0.9305493 0 0.3661666 0.9476825 0 0.3192143 0.9476825 0 0.3192143 0.9748095 0 0.2230392 0.9624482 0 0.2714655 0.9624482 0 0.2714655 0.9847358 0 0.1740555 0.9748095 0 0.2230392 0.9922024 0 0.1246367 0.9847358 0 0.1740555 0.9971905 0 0.0749066 0.9922024 0 0.1246367 0.9971905 0 0.0749066 0.9996877 0 0.02499017 0.9996877 0 0.02499017 1.787799e-15 0 -1 1.787799e-15 0 -1 -0.2551513 0 0.9669011 -0.2551513 0 0.9669011 -0.9695714 -0 -0.2448087 -0.9695714 -0 -0.2448087 0.2207499 0 -0.9753305 0.1724061 0 -0.985026 0.2207499 0 -0.9753305 0.1236423 0 -0.9923269 0.1724061 0 -0.985026 0.07457838 0 -0.9972152 0.1236423 0 -0.9923269 0.02533438 0 -0.999679 0.07457838 0 -0.9972152 -0.02397392 0 -0.9997126 0.02533438 0 -0.999679 -0.07322221 0 -0.9973156 -0.02397392 0 -0.9997126 -0.07322221 0 -0.9973156 -0.1222933 0 -0.992494 -0.1222933 0 -0.992494 -0.1710657 0 -0.9852597 -0.1710657 0 -0.9852597 -0.2194236 0 -0.9756297 -0.2194236 0 -0.9756297 -0.2672486 0 -0.9636276 -0.2672486 0 -0.9636276 -0.3144206 0 -0.9492838 -0.3144206 0 -0.9492838 -0.3608319 0 -0.9326309 -0.3608319 0 -0.9326309 -0.4063646 0 -0.913711 -0.4063646 0 -0.913711 -0.4509088 0 -0.8925701 -0.4509088 0 -0.8925701 -0.4943565 0 -0.8692592 -0.4943565 0 -0.8692592 -0.5366036 0 -0.8438345 -0.5366036 0 -0.8438345 -0.5775462 0 -0.8163579 -0.5775462 0 -0.8163579 -0.6170828 0 -0.7868981 -0.6170828 0 -0.7868981 -0.6551211 0 -0.755524 -0.6551211 0 -0.755524 -0.6915651 0 -0.7223142 -0.7263297 0 -0.6873465 -0.6915651 0 -0.7223142 -0.7593274 0 -0.6507087 -0.7263297 0 -0.6873465 -0.7904788 0 -0.6124893 -0.7593274 0 -0.6507087 -0.8197088 0 -0.5727806 -0.7904788 0 -0.6124893 -0.8469458 0 -0.5316792 -0.8197088 0 -0.5727806 -0.8721234 0 -0.489286 -0.8469458 0 -0.5316792 -0.8951812 0 -0.4457024 -0.8721234 0 -0.489286 -0.916063 0 -0.4010344 -0.8951812 0 -0.4457024 -0.934717 0 -0.3553931 -0.916063 0 -0.4010344 -0.9510987 0 -0.3088871 -0.934717 0 -0.3553931 -0.965168 0 -0.2616309 -0.9510987 0 -0.3088871 -0.9768914 0 -0.213736 -0.965168 0 -0.2616309 -0.9768914 0 -0.213736 -0.9818637 -0 -0.1895885 -0.9818637 0 -0.1895885 -0.9727765 -0 -0.2317453 -0.9727765 -0 -0.2317453 -0.9828246 -0 -0.184542 -0.9828246 0 -0.184542 -0.9960355 -0 -0.08895747 -0.9905835 -0 -0.1369101 -0.9905835 0 -0.1369101 -0.9960355 -0 -0.08895747 -0.9991674 -0 -0.04079925 -0.9991674 0 -0.04079925 -0.9999723 0 0.00745383 -0.9999723 0 0.00745383 -0.998448 0 0.0556911 -0.998448 0 0.0556911 -0.9884323 0 0.1516629 -0.9945984 0 0.1037987 -0.9945984 0 0.1037987 -0.979964 0 0.1991746 -0.9884323 0 0.1516629 -0.979964 0 0.1991746 -0.9692136 0 0.2462214 -0.9692136 0 0.2462214 -0.9562051 0 0.2926977 -0.9562051 0 0.2926977 -0 1 0 -0 1 0 0 1 -0 0 1 0 0 1 0 0 1 -0 0 1 0 0 1 -0 0 1 0 0 1 -0 0 1 0 0 1 -0 0 1 0 0 1 0 0 1 -0 0 1 0 -0 1 0 0 1 0 -0 1 0 0 1 0 -0 1 0 0 1 0 -0 1 0 0 1 0 -0 1 0 0 1 0 -0 1 0 0 1 -0 -0 1 0 0 1 -0 -0 1 0 0 1 -0 -0 1 0 0 1 -0 -0 1 0 0 1 -0 -0 1 0 0 1 -0 -0 1 0 0 1 -0 0 1 0 0 1 -0 0 1 0 0 1 -0 0 1 0 0 1 -0 0 1 0 0 1 -0 0 1 0 0 1 -0 0 1 0 0 1 -0 -0 1 0 0 1 -0 -0 1 0 -0 1 0 0 1 0 -0 1 0 0 1 0 -0 1 0 0 1 0 0 1 -0 -0 1 0 0 1 -0 0 1 0 0 1 -0 0 1 0 0 1 -0 0 1 0 0 1 -0 0 1 -0 0 1 0 -0.9406787 0 0.3392987 -0.9225513 0 0.3858745 -0.9406787 0 0.3392987 -0.9021191 0 0.4314871 -0.9225513 0 0.3858745 -0.879434 0 0.476021 -0.9021191 0 0.4314871 -0.8545513 0 0.519367 -0.879434 0 0.476021 -0.8275347 0 0.5614145 -0.8545513 0 0.519367 -0.7984505 0 0.6020604 -0.8275347 0 0.5614145 -0.7673717 0 0.6412026 -0.7984505 0 0.6020604 -0.7343758 0 0.6787431 -0.7673717 0 0.6412026 -0.6995469 0 0.7145867 -0.7343758 0 0.6787431 -0.6629702 0 0.7486458 -0.6995469 0 0.7145867 -0.6629702 0 0.7486458 -0.624735 0 0.7808369 -0.624735 0 0.7808369 -0.5849431 0 0.8110743 -0.5849431 0 0.8110743 -0.543687 0 0.8392881 -0.5010735 0 0.8654047 -0.543687 0 0.8392881 -0.5010735 0 0.8654047 -0.4572091 0 0.8893593 -0.4122025 0 0.9110922 -0.4572091 0 0.8893593 -0.3661666 0 0.9305493 -0.4122025 0 0.9110922 -0.3661666 0 0.9305493 -0.2714655 0 0.9624482 -0.3192143 0 0.9476825 -0.3192143 0 0.9476825 -0.2714655 0 0.9624482 -0.2230392 0 0.9748095 -0.2230392 0 0.9748095 -0.1740555 0 0.9847358 -0.1740555 0 0.9847358 -0.1246367 0 0.9922024 -0.1246367 0 0.9922024 -0.02499017 0 0.9996877 -0.0749066 0 0.9971905 -0.0749066 0 0.9971905 -0.02499017 0 0.9996877 1 0 1.726567e-15 1 0 1.726567e-15 -0.9669011 0 -0.2551513 -0.9669011 -0 -0.2551513 0.2448087 0 -0.9695714 0.2448087 0 -0.9695714 0.9753305 -0 0.2207499 0.985026 -0 0.1724061 0.9753305 0 0.2207499 0.9923269 -0 0.1236423 0.985026 0 0.1724061 0.9972152 -0 0.07457838 0.9923269 0 0.1236423 0.999679 -0 0.02533438 0.9972152 0 0.07457838 0.9997126 0 -0.02397392 0.999679 0 0.02533438 0.9973156 0 -0.07322221 0.9997126 0 -0.02397392 0.9973156 0 -0.07322221 0.992494 0 -0.1222933 0.992494 0 -0.1222933 0.9852597 0 -0.1710657 0.9852597 0 -0.1710657 0.9756297 0 -0.2194236 0.9756297 0 -0.2194236 0.9636276 0 -0.2672486 0.9636276 0 -0.2672486 0.9492838 0 -0.3144206 0.9492838 0 -0.3144206 0.9326309 0 -0.3608319 0.9326309 0 -0.3608319 0.913711 0 -0.4063646 0.913711 0 -0.4063646 0.8925701 0 -0.4509088 0.8925701 0 -0.4509088 0.8692592 0 -0.4943565 0.8692592 0 -0.4943565 0.8438345 0 -0.5366036 0.8438345 0 -0.5366036 0.8163579 0 -0.5775462 0.8163579 0 -0.5775462 0.7868981 0 -0.6170828 0.7868981 0 -0.6170828 0.755524 0 -0.6551211 0.755524 0 -0.6551211 0.7223142 0 -0.6915651 0.6873465 0 -0.7263297 0.7223142 0 -0.6915651 0.6507087 0 -0.7593274 0.6873465 0 -0.7263297 0.6124893 0 -0.7904788 0.6507087 0 -0.7593274 0.5727806 0 -0.8197088 0.6124893 0 -0.7904788 0.5316792 0 -0.8469458 0.5727806 0 -0.8197088 0.489286 0 -0.8721234 0.5316792 0 -0.8469458 0.4457024 0 -0.8951812 0.489286 0 -0.8721234 0.4010344 0 -0.916063 0.4457024 0 -0.8951812 0.3553931 0 -0.934717 0.4010344 0 -0.916063 0.3088871 0 -0.9510987 0.3553931 0 -0.934717 0.2616309 0 -0.965168 0.3088871 0 -0.9510987 0.213736 0 -0.9768914 0.2616309 0 -0.965168 0.213736 0 -0.9768914 0.1895885 0 -0.9818637 0.1895885 0 -0.9818637 0.2317453 0 -0.9727765 0.2317453 0 -0.9727765 0.184542 0 -0.9828246 0.184542 0 -0.9828246 0.08895747 0 -0.9960355 0.1369101 0 -0.9905835 0.1369101 0 -0.9905835 0.08895747 0 -0.9960355 0.04079925 0 -0.9991674 0.04079925 0 -0.9991674 -0.00745383 -0 -0.9999723 -0.00745383 0 -0.9999723 -0.0556911 -0 -0.998448 -0.0556911 0 -0.998448 -0.1516629 -0 -0.9884323 -0.1037987 -0 -0.9945984 -0.1037987 0 -0.9945984 -0.1991746 -0 -0.979964 -0.1516629 -0 -0.9884323 -0.1991746 -0 -0.979964 -0.2926977 -0 -0.9562051 -0.2462214 -0 -0.9692136 -0.2462214 0 -0.9692136 -0.2926977 -0 -0.9562051 0 1 -0 0 1 -0 0 1 0 0 1 0 0 1 0 0 1 0 0 1 0 0 1 0 0 1 0 0 1 0 0 1 0 0 1 0 0 1 0 0 1 0 0 1 0 0 1 0 0 1 -0 0 1 0 0 1 -0 0 1 0 0 1 -0 0 1 0 0 1 -0 0 1 0 0 1 -0 0 1 0 0 1 -0 0 1 0 0 1 -0 0 1 0 0 1 -0 0 1 0 0 1 -0 0 1 0 0 1 -0 0 1 0 0 1 -0 0 1 0 0 1 -0 0 1 0 0 1 0 0 1 0 0 1 0 0 1 0 0 1 0 0 1 0 0 1 0 0 1 0 0 1 0 0 1 0 0 1 0 0 1 0 0 1 -0 0 1 0 0 1 -0 0 1 -0 0 1 0 0 1 -0 0 1 0 0 1 -0 0 1 0 0 1 0 0 1 -0 0 1 0 0 1 0 0 1 0 0 1 0 0 1 0 0 1 0 0 1 0 0 1 0 0 1 0 -0.3392987 -0 -0.9406787 -0.3858745 -0 -0.9225513 -0.3392987 -0 -0.9406787 -0.4314871 -0 -0.9021191 -0.3858745 -0 -0.9225513 -0.476021 -0 -0.879434 -0.4314871 -0 -0.9021191 -0.519367 -0 -0.8545513 -0.476021 -0 -0.879434 -0.5614145 -0 -0.8275347 -0.519367 -0 -0.8545513 -0.6020604 -0 -0.7984505 -0.5614145 -0 -0.8275347 -0.6412026 -0 -0.7673717 -0.6020604 -0 -0.7984505 -0.6787431 -0 -0.7343758 -0.6412026 -0 -0.7673717 -0.7145867 -0 -0.6995469 -0.6787431 -0 -0.7343758 -0.7486458 -0 -0.6629702 -0.7145867 -0 -0.6995469 -0.7486458 -0 -0.6629702 -0.7808369 -0 -0.624735 -0.7808369 -0 -0.624735 -0.8110743 -0 -0.5849431 -0.8110743 -0 -0.5849431 -0.8392881 -0 -0.543687 -0.8654047 -0 -0.5010735 -0.8392881 -0 -0.543687 -0.8654047 -0 -0.5010735 -0.8893593 -0 -0.4572091 -0.9110922 -0 -0.4122025 -0.8893593 -0 -0.4572091 -0.9305493 -0 -0.3661666 -0.9110922 -0 -0.4122025 -0.9305493 -0 -0.3661666 -0.9476825 -0 -0.3192143 -0.9476825 0 -0.3192143 -0.9624482 -0 -0.2714655 -0.9624482 0 -0.2714655 -0.9748095 -0 -0.2230392 -0.9748095 0 -0.2230392 -0.9922024 -0 -0.1246367 -0.9847358 -0 -0.1740555 -0.9847358 0 -0.1740555 -0.9971905 -0 -0.0749066 -0.9922024 -0 -0.1246367 -0.9996877 -0 -0.02499017 -0.9971905 -0 -0.0749066 -0.9996877 -0 -0.02499017 -1.665335e-15 0 1 -1.665335e-15 0 1 0.2551513 0 -0.9669011 0.2551513 0 -0.9669011 0.9695714 0 0.2448087 0.9695714 0 0.2448087 -0.2207499 0 0.9753305 -0.1724061 0 0.985026 -0.2207499 0 0.9753305 -0.1236423 0 0.9923269 -0.1724061 0 0.985026 -0.07457838 0 0.9972152 -0.1236423 0 0.9923269 -0.02533438 0 0.999679 -0.07457838 0 0.9972152 0.02397392 -0 0.9997126 -0.02533438 0 0.999679 0.07322221 -0 0.9973156 0.02397392 0 0.9997126 0.07322221 0 0.9973156 0.1222933 -0 0.992494 0.1222933 0 0.992494 0.1710657 -0 0.9852597 0.1710657 0 0.9852597 0.2194236 -0 0.9756297 0.2194236 0 0.9756297 0.2672486 -0 0.9636276 0.2672486 0 0.9636276 0.3144206 -0 0.9492838 0.3144206 0 0.9492838 0.3608319 -0 0.9326309 0.3608319 0 0.9326309 0.4063646 -0 0.913711 0.4063646 0 0.913711 0.4509088 -0 0.8925701 0.4509088 0 0.8925701 0.4943565 -0 0.8692592 0.4943565 0 0.8692592 0.5366036 -0 0.8438345 0.5366036 0 0.8438345 0.5775462 -0 0.8163579 0.5775462 0 0.8163579 0.6170828 -0 0.7868981 0.6170828 0 0.7868981 0.6551211 -0 0.755524 0.6551211 0 0.755524 0.6915651 -0 0.7223142 0.7263297 -0 0.6873465 0.6915651 0 0.7223142 0.7593274 -0 0.6507087 0.7263297 0 0.6873465 0.7904788 -0 0.6124893 0.7593274 0 0.6507087 0.8197088 -0 0.5727806 0.7904788 0 0.6124893 0.8469458 -0 0.5316792 0.8197088 0 0.5727806 0.8721234 -0 0.489286 0.8469458 0 0.5316792 0.8951812 -0 0.4457024 0.8721234 0 0.489286 0.916063 -0 0.4010344 0.8951812 0 0.4457024 0.934717 -0 0.3553931 0.916063 0 0.4010344 0.9510987 -0 0.3088871 0.934717 0 0.3553931 0.965168 -0 0.2616309 0.9510987 0 0.3088871 0.9768914 -0 0.213736 0.965168 0 0.2616309 0.9768914 0 0.213736 0.9818637 0 0.1895885 0.9818637 0 0.1895885 0.9996892 0 -0.0249311 0.9996892 0 -0.0249311 0.9972039 0 -0.07472914 0.9972039 0 -0.07472914 0.9922391 0 -0.1243445 0.9922391 0 -0.1243445 0.9848079 0 -0.1736478 0.9848079 0 -0.1736478 0.9749277 0 -0.2225215 0.9749277 0 -0.2225215 0.9626243 0 -0.2708401 0.9626243 0 -0.2708401 0.9479276 0 -0.3184859 0.9479276 0 -0.3184859 0.9308737 0 -0.365341 0.9308737 0 -0.365341 0.9115055 0 -0.4112879 0.9115055 0 -0.4112879 0.889872 0 -0.4562104 0.889872 0 -0.4562104 0.8660253 0 -0.5000002 0.8660253 0 -0.5000002 0.8400257 0 -0.5425466 0.8400257 0 -0.5425466 0.8119384 0 -0.5837432 0.8119384 0 -0.5837432 0.7818314 0 -0.6234899 0.7818314 0 -0.6234899 0.7497813 0 -0.6616858 0.7497813 0 -0.6616858 0.7158667 0 -0.6982369 0.7158667 0 -0.6982369 0.6801727 0 -0.7330519 0.6801727 0 -0.7330519 0.6427879 0 -0.7660441 0.6427879 0 -0.7660441 0.6038043 0 -0.7971326 0.6038043 0 -0.7971326 0.5633199 0 -0.8262389 0.5633199 0 -0.8262389 0.5214357 0 -0.8532906 0.5214357 0 -0.8532906 0.4782532 0 -0.878222 0.4782532 0 -0.878222 0.4338841 0 -0.9009687 0.4338841 0 -0.9009687 0.3884349 0 -0.9214762 0.3884349 0 -0.9214762 0.3420202 0 -0.9396926 0.3420202 0 -0.9396926 0.2947555 0 -0.9555727 0.2947555 0 -0.9555727 0.2467568 0 -0.9690775 0.2467568 0 -0.9690775 0.1981469 0 -0.9801724 0.1981469 0 -0.9801724 0.1490412 0 -0.9888309 0.1490412 0 -0.9888309 0.09956893 0 -0.9950307 0.09956893 0 -0.9950307 0.04984492 0 -0.998757 0.04984492 0 -0.998757 0 0 -1 0 0 -1 -0.04984492 0 -0.998757 -0.04984492 -0 -0.998757 -0.09956893 0 -0.9950307 -0.09956893 -0 -0.9950307 -0.1490412 0 -0.9888309 -0.1490412 -0 -0.9888309 -0.1981469 0 -0.9801724 -0.1981469 -0 -0.9801724 -0.2467568 -0 -0.9690775 -0.2467568 0 -0.9690775 -0.2947555 -0 -0.9555727 -0.2947555 0 -0.9555727 -0.3420202 -0 -0.9396926 -0.3420202 0 -0.9396926 -0.3884349 -0 -0.9214762 -0.3884349 0 -0.9214762 -0.4338841 -0 -0.9009687 -0.4338841 0 -0.9009687 -0.4782532 -0 -0.878222 -0.4782532 0 -0.878222 -0.5214357 -0 -0.8532906 -0.5214357 0 -0.8532906 -0.5633199 -0 -0.8262389 -0.5633199 0 -0.8262389 -0.6038043 -0 -0.7971326 -0.6038043 0 -0.7971326 -0.6427879 -0 -0.7660441 -0.6427879 0 -0.7660441 -0.6801727 -0 -0.7330519 -0.6801727 0 -0.7330519 -0.7158667 0 -0.6982369 -0.7158667 -0 -0.6982369 -0.7497813 0 -0.6616858 -0.7497813 -0 -0.6616858 -0.7818314 0 -0.6234899 -0.7818314 -0 -0.6234899 -0.8119384 0 -0.5837432 -0.8119384 -0 -0.5837432 -0.8400257 0 -0.5425466 -0.8400257 -0 -0.5425466 -0.8660253 0 -0.5000002 -0.8660253 -0 -0.5000002 -0.889872 0 -0.4562104 -0.889872 -0 -0.4562104 -0.9115055 0 -0.4112879 -0.9115055 -0 -0.4112879 -0.9308737 0 -0.365341 -0.9308737 -0 -0.365341 -0.9479276 0 -0.3184859 -0.9479276 -0 -0.3184859 -0.9626243 0 -0.2708401 -0.9626243 -0 -0.2708401 -0.9749277 0 -0.2225215 -0.9749277 -0 -0.2225215 -0.9848079 0 -0.1736478 -0.9848079 -0 -0.1736478 -0.9922391 0 -0.1243445 -0.9922391 -0 -0.1243445 -0.9972039 -0 -0.07472914 -0.9972039 0 -0.07472914 -0.9996892 -0 -0.0249311 -0.9996892 0 -0.0249311 -0.9996892 -1.256117e-14 0.0249311 -0.9996892 0 0.0249311 -0.9972039 0 0.07472914 -0.9972039 0 0.07472914 -0.9922391 0 0.1243445 -0.9922391 0 0.1243445 -0.9848079 0 0.1736478 -0.9848079 0 0.1736478 -0.9749277 0 0.2225215 -0.9749277 0 0.2225215 -0.9626243 0 0.2708401 -0.9626243 0 0.2708401 -0.9479276 0 0.3184859 -0.9479276 0 0.3184859 -0.9308737 0 0.365341 -0.9308737 0 0.365341 -0.9115055 0 0.4112879 -0.9115055 0 0.4112879 -0.889872 0 0.4562104 -0.889872 0 0.4562104 -0.8660253 0 0.5000002 -0.8660253 0 0.5000002 -0.8400257 0 0.5425466 -0.8400257 0 0.5425466 -0.8119384 0 0.5837432 -0.8119384 0 0.5837432 -0.7818314 0 0.6234899 -0.7818314 0 0.6234899 -0.7497813 0 0.6616858 -0.7497813 0 0.6616858 -0.7158667 0 0.6982369 -0.7158667 0 0.6982369 -0.6801727 0 0.7330519 -0.6801727 0 0.7330519 -0.6427879 0 0.7660441 -0.6427879 0 0.7660441 -0.6038043 0 0.7971326 -0.6038043 0 0.7971326 -0.5633199 0 0.8262389 -0.5633199 0 0.8262389 -0.5214357 0 0.8532906 -0.5214357 0 0.8532906 -0.4782532 0 0.878222 -0.4782532 0 0.878222 -0.4338841 0 0.9009687 -0.4338841 0 0.9009687 -0.3884349 0 0.9214762 -0.3884349 0 0.9214762 -0.3420202 0 0.9396926 -0.3420202 0 0.9396926 -0.2947555 0 0.9555727 -0.2947555 0 0.9555727 -0.2467568 0 0.9690775 -0.2467568 0 0.9690775 -0.1981469 0 0.9801724 -0.1981469 0 0.9801724 -0.1490412 0 0.9888309 -0.1490412 0 0.9888309 -0.09956893 0 0.9950307 -0.09956893 0 0.9950307 -0.04984492 0 0.998757 -0.04984492 0 0.998757 0 0 1 0 0 1 0.04984492 0 0.998757 0.04984492 0 0.998757 0.09956893 0 0.9950307 0.09956893 0 0.9950307 0.1490412 0 0.9888309 0.1490412 0 0.9888309 0.1981469 0 0.9801724 0.1981469 0 0.9801724 0.2467568 0 0.9690775 0.2467568 0 0.9690775 0.2947555 0 0.9555727 0.2947555 0 0.9555727 0.3420202 0 0.9396926 0.3420202 0 0.9396926 0.3884349 0 0.9214762 0.3884349 0 0.9214762 0.4338841 0 0.9009687 0.4338841 0 0.9009687 0.4782532 0 0.878222 0.4782532 0 0.878222 0.5214357 0 0.8532906 0.5214357 0 0.8532906 0.5633199 0 0.8262389 0.5633199 0 0.8262389 0.6038043 0 0.7971326 0.6038043 0 0.7971326 0.6427879 0 0.7660441 0.6427879 0 0.7660441 0.6801727 0 0.7330519 0.6801727 0 0.7330519 0.7158667 0 0.6982369 0.7497813 -0 0.6616858 0.7158667 0 0.6982369 0.7497813 0 0.6616858 0.7818314 0 0.6234899 0.7818314 0 0.6234899 0.8119384 0 0.5837432 0.8119384 0 0.5837432 0.8400257 0 0.5425466 0.8400257 0 0.5425466 0.8660253 0 0.5000002 0.8660253 0 0.5000002 0.889872 0 0.4562104 0.889872 0 0.4562104 0.9115055 0 0.4112879 0.9115055 0 0.4112879 0.9308737 0 0.365341 0.9308737 0 0.365341 0.9479276 0 0.3184859 0.9479276 0 0.3184859 0.9626243 0 0.2708401 0.9626243 0 0.2708401 0.9749277 0 0.2225215 0.9749277 0 0.2225215 0.9848079 0 0.1736478 0.9848079 0 0.1736478 0.9922391 0 0.1243445 0.9922391 0 0.1243445 0.9972039 0 0.07472914 0.9972039 0 0.07472914 0.9996892 0 0.0249311 0.9996892 0 0.0249311 -0.9996892 0 0.02493021 -0.9972038 0 0.07473086 -0.9996892 0 0.02493021 -0.9922392 0 0.1243438 -0.9972038 0 0.07473086 -0.9848078 0 0.1736472 -0.9922392 0 0.1243438 -0.9749278 0 0.2225214 -0.9848078 0 0.1736472 -0.9626241 0 0.270841 -0.9749278 0 0.2225214 -0.9479275 0 0.3184862 -0.9626241 0 0.270841 -0.9308736 0 0.3653415 -0.9479275 0 0.3184862 -0.9115059 0 0.4112871 -0.9308736 0 0.3653415 -0.8898721 0 0.4562102 -0.9115059 0 0.4112871 -0.8660251 0 0.5000005 -0.8898721 0 0.4562102 -0.8660251 0 0.5000005 -0.8400259 0 0.5425464 -0.8400259 0 0.5425464 -0.8119382 0 0.5837435 -0.8119382 0 0.5837435 -0.7818318 0 0.6234894 -0.7818318 0 0.6234894 -0.7497813 0 0.6616857 -0.7497813 0 0.6616857 -0.7158667 0 0.6982369 -0.7158667 0 0.6982369 -0.6801723 0 0.7330523 -0.6801723 0 0.7330523 -0.6427881 0 0.7660441 -0.6427881 0 0.7660441 -0.6038042 0 0.7971327 -0.5633199 0 0.8262389 -0.6038042 0 0.7971327 -0.5633199 0 0.8262389 -0.5214353 0 0.8532909 -0.4782545 0 0.8782213 -0.5214353 0 0.8532909 -0.4338838 0 0.9009688 -0.4782545 0 0.8782213 -0.3884345 0 0.9214762 -0.4338838 0 0.9009688 -0.3420202 0 0.9396926 -0.3884345 0 0.9214762 -0.294755 0 0.9555729 -0.3420202 0 0.9396926 -0.2467571 0 0.9690773 -0.294755 0 0.9555729 -0.1981459 0 0.9801725 -0.2467571 0 0.9690773 -0.1490421 0 0.9888308 -0.1981459 0 0.9801725 -0.09956902 0 0.9950307 -0.1490421 0 0.9888308 -0.04984489 0 0.998757 -0.09956902 0 0.9950307 0 0 1 -0.04984489 0 0.998757 0.04984489 0 0.998757 0 0 1 0.09956902 0 0.9950307 0.04984489 0 0.998757 0.1490421 0 0.9888308 0.09956902 0 0.9950307 0.1981459 0 0.9801725 0.1490421 0 0.9888308 0.1981459 0 0.9801725 0.2467571 0 0.9690773 0.2467571 0 0.9690773 0.294755 0 0.9555729 0.294755 0 0.9555729 0.3420202 0 0.9396926 0.3884345 0 0.9214762 0.3420202 0 0.9396926 0.4338838 0 0.9009688 0.3884345 0 0.9214762 0.4782545 0 0.8782213 0.4338838 0 0.9009688 0.5214353 0 0.8532909 0.4782545 0 0.8782213 0.5633199 0 0.8262389 0.5214353 0 0.8532909 0.6038042 0 0.7971327 0.5633199 0 0.8262389 0.6427881 0 0.7660441 0.6038042 0 0.7971327 0.6801723 0 0.7330523 0.6427881 0 0.7660441 0.7158667 0 0.6982369 0.6801723 0 0.7330523 0.7497813 0 0.6616857 0.7158667 0 0.6982369 0.7818318 0 0.6234894 0.7497813 0 0.6616857 0.8119382 0 0.5837435 0.7818318 0 0.6234894 0.8400259 0 0.5425464 0.8119382 0 0.5837435 0.8400259 0 0.5425464 0.8660251 0 0.5000005 0.8660251 0 0.5000005 0.8898721 0 0.4562102 0.8898721 0 0.4562102 0.9115059 0 0.4112871 0.9115059 0 0.4112871 0.9308736 0 0.3653415 0.9308736 0 0.3653415 0.9479275 0 0.3184862 0.9479275 0 0.3184862 0.9626241 0 0.270841 0.9626241 0 0.270841 0.9749278 0 0.2225214 0.9848078 0 0.1736472 0.9749278 0 0.2225214 0.9922392 0 0.1243438 0.9848078 0 0.1736472 0.9972038 0 0.07473086 0.9922392 0 0.1243438 0.9972038 0 0.07473086 0.9996892 0 0.02493021 0.9996892 -3.241478e-15 -0.02493021 0.9996892 3.241478e-15 0.02493021 0.9996892 0 -0.02493021 0.9972038 0 -0.07473086 0.9922392 0 -0.1243438 0.9972038 0 -0.07473086 0.9922392 0 -0.1243438 0.9848078 0 -0.1736472 0.9848078 0 -0.1736472 0.9749278 0 -0.2225214 0.9749278 0 -0.2225214 0.9626241 0 -0.270841 0.9626241 0 -0.270841 0.9479275 0 -0.3184862 0.9308736 0 -0.3653415 0.9479275 0 -0.3184862 0.9308736 0 -0.3653415 0.9115059 0 -0.4112871 0.9115059 0 -0.4112871 0.8898721 0 -0.4562102 0.8898721 0 -0.4562102 0.8660251 0 -0.5000005 0.8660251 0 -0.5000005 0.8400259 0 -0.5425464 0.8400259 0 -0.5425464 0.8119382 0 -0.5837435 0.8119382 0 -0.5837435 0.7818318 0 -0.6234894 0.7818318 0 -0.6234894 0.7497813 0 -0.6616857 0.7497813 0 -0.6616857 0.7158667 0 -0.6982369 0.6801723 0 -0.7330523 0.7158667 0 -0.6982369 0.6427881 0 -0.7660441 0.6801723 0 -0.7330523 0.6427881 0 -0.7660441 0.5633199 0 -0.8262389 0.6038042 0 -0.7971327 0.6038042 0 -0.7971327 0.5214353 0 -0.8532909 0.5633199 0 -0.8262389 0.4782545 0 -0.8782213 0.5214353 0 -0.8532909 0.4338838 0 -0.9009688 0.4782545 0 -0.8782213 0.4338838 0 -0.9009688 0.3884345 0 -0.9214762 0.3420202 0 -0.9396926 0.3884345 0 -0.9214762 0.3420202 0 -0.9396926 0.294755 0 -0.9555729 0.294755 0 -0.9555729 0.2467571 0 -0.9690773 0.1981459 0 -0.9801725 0.2467571 0 -0.9690773 0.1981459 0 -0.9801725 0.1490421 0 -0.9888308 0.1490421 0 -0.9888308 0.09956902 0 -0.9950307 0.04984489 0 -0.998757 0.09956902 0 -0.9950307 0.04984489 0 -0.998757 0 -0 -1 0 0 -1 -0.04984489 0 -0.998757 -0.09956902 -0 -0.9950307 -0.04984489 -0 -0.998757 -0.09956902 -0 -0.9950307 -0.1490421 -0 -0.9888308 -0.1490421 -0 -0.9888308 -0.1981459 0 -0.9801725 -0.2467571 -0 -0.9690773 -0.1981459 -0 -0.9801725 -0.2467571 -0 -0.9690773 -0.294755 -0 -0.9555729 -0.3420202 -0 -0.9396926 -0.294755 -0 -0.9555729 -0.3884345 -0 -0.9214762 -0.3420202 -0 -0.9396926 -0.3884345 -0 -0.9214762 -0.4782545 -0 -0.8782213 -0.4338838 -0 -0.9009688 -0.4338838 0 -0.9009688 -0.4782545 -0 -0.8782213 -0.5214353 -0 -0.8532909 -0.5214353 0 -0.8532909 -0.6038042 -0 -0.7971327 -0.5633199 -0 -0.8262389 -0.5633199 0 -0.8262389 -0.6427881 -0 -0.7660441 -0.6038042 -0 -0.7971327 -0.6427881 -0 -0.7660441 -0.6801723 -0 -0.7330523 -0.6801723 0 -0.7330523 -0.7158667 -0 -0.6982369 -0.7158667 0 -0.6982369 -0.7818318 -0 -0.6234894 -0.7497813 -0 -0.6616857 -0.7497813 0 -0.6616857 -0.7818318 -0 -0.6234894 -0.8119382 -0 -0.5837435 -0.8119382 -0 -0.5837435 -0.8400259 -0 -0.5425464 -0.8400259 -0 -0.5425464 -0.8660251 -0 -0.5000005 -0.8660251 -0 -0.5000005 -0.8898721 -0 -0.4562102 -0.8898721 -0 -0.4562102 -0.9115059 -0 -0.4112871 -0.9115059 -0 -0.4112871 -0.9308736 0 -0.3653415 -0.9479275 -0 -0.3184862 -0.9308736 -0 -0.3653415 -0.9479275 -0 -0.3184862 -0.9626241 -0 -0.270841 -0.9626241 0 -0.270841 -0.9848078 -0 -0.1736472 -0.9749278 -0 -0.2225214 -0.9749278 0 -0.2225214 -0.9922392 -0 -0.1243438 -0.9848078 -0 -0.1736472 -0.9972038 -0 -0.07473086 -0.9922392 -0 -0.1243438 -0.9972038 -0 -0.07473086 -0.9996892 -0 -0.02493021 -0.9996892 0 -0.02493021 0 1 0 0 1 0 0 1 -0 0 1 0 0 1 0 0 1 0 0 1 -0 0 1 0 0 1 0 0 1 0 0 1 -0 0 1 0 0 1 0 0 1 0 0 1 -0 0 1 0 0 1 0 0 1 0 0 1 -0 0 1 0 0 1 0 0 1 0 0 1 -0 0 1 0 0 1 0 0 1 -0 0 1 0 0 1 0 0 1 0 0 1 -0 0 1 0 0 1 0 0 1 0 0 1 0 0 1 -0 0 1 0 0 1 0 0 1 0 0 1 -0 0 1 0 0 1 0 0 1 0 0 1 -0 0 1 0 0 1 0 0 1 -0 0 1 0 0 1 0 0 1 0 0 1 -0 0 1 0 0 1 0 0 1 0 0 1 -0 0 1 0 0 1 0 0 1 0 0 1 -0 0 1 0 0 1 0 0 1 0 0 1 -0 0 1 -0 0 1 -0 0 1 0 0 1 0 0 1 -0 0 1 -0 0 1 0 0 1 0 0 1 -0 0 1 0 0 1 -0 0 1 0 0 1 -0 0 1 0 0 1 -0 0 1 0 0 1 -0 0 1 0 0 1 -0 0 1 0 0 1 -0 0 1 0 0 1 -0 0 1 0 0 1 0 0 1 -0 0 1 -0 0 1 0 0 1 -0 0 1 0 0 1 -0 0 1 0 0 1 0 0 1 -0 0 1 -0 0 1 0 0 1 0 0 1 -0 0 1 -0 0 1 0 0 1 0 0 1 -0 0 1 -0 0 1 0 0 1 -0 0 1 0 0 1 0 0 1 0 0 1 -0 0 1 0 0 1 0 0 1 0 0 1 0 0 1 -0 0 1 0 0 1 0 0 1 -0 0 1 0 0 1 0 0 1 0 0 1 -0 0 1 0 0 1 0 0 1 -0 0 1 0 0 1 0 0 1 0 0 1 -0 0 1 0 0 1 0 0 1 0 0 1 -0 0 1 0 0 1 0 0 1 0 0 1 -0 0 1 0 0 1 0 0 1 0 0 1 -0 0 1 0 0 1 0 0 1 0 0 1 -0 0 1 -0 0 1 0 0 1 0 0 1 -0 0 1 -0 0 1 0 0 1 -0 0 1 0 0 1 -0 0 1 0 0 1 -0 0 1 0 0 1 -0 0 1 0 0 1 -0 0 1 0 0 1 -0 0 1 0 0 1 -0 0 1 0 0 1 -0 0 1 0 0 1 -0 0 1 0 0 1 -0 0 1 0 0 1 -0 0 1 0 0 1 -0 0 1 0 0 1 -0 0 1 0 0 1 -0 0 1 0 0 1 -0 0 1 0 0 1 -0 0 1 0 0 1 -0 0 1 0 0 1 -0 0 1 0 0 1 0 0 1 0 0 1 0 0 1 -0 0 1 0 0 1 0 0 1 0 0 1 -0 0 1 0 0 1 0 0 1 0 0 1 -0 0 1 0 0 1 0 0 1 0 0 1 -0 0 1 0 0 1 0 0 1 0 0 1 -0 0 1 0 0 1 0 0 1 0 0 1 -0 0 1 0 0 1 0 0 1 0 0 1 0 0 1 -0 0 1 0 0 1 0 0 1 0 0 1 -0 0 1 0 0 1 0 0 1 0 0 1 -0 0 1 0 0 1 0 0 1 -0 0 1 0 0 1 0 0 1 0 0 1 -0 0 1 0 0 1 0 0 1 0 0 1 -0 0 1 0 0 1 0 0 1 0 0 1 -0 0 1 0 0 1 0 0 1 0 0 1 -0 0 1 0 0 1 0 0 1 0 0 1 -0 0 1 0 0 1 0 0 1 -0 0 1 0 0 1 0 0 1 0 0 1 0 0 1 0 0 1 -0 0 1 0 0 1 0 0 1 0 0 1 -0 0 1 -0 0 1 0 0 1 0 0 1 -0 0 1 -0 0 1 0 0 1 0 0 1 -0 0 1 0 0 1 -0 0 1 0 0 1 -0 0 1 -0 0 1 0 0 1 0 0 1 -0 0 1 -0 0 1 0 0 1 0 0 1 -0 0 1 0 0 1 0 0 1 -0 0 1 0 0 1 0 0 1 0 0 1 -0 0 1 0 0 1 0 0 1 0 0 1 -0 0 1 -0 0 1 0 0 1 -0 0 1 -0 0 1 0 0 1 0 0 1 -0 0 1 -0 0 1 0 0 1 0 0 1 -0 0 1 -0 0 1 0 0 1 0 0 1 -0 0 1 0 0 1 -0 2.042136e-15 1 1.693229e-15 0 1 -0 -1.99606e-15 1 -1.774821e-15 0 1 -0 0 1 0 0 1 0 0 1 -0 0 1 0 0 1 -0 0 1 0 0 1 0 0 1 -0 0 1 0 0 1 -0 0 1 0 0 1 -0 0 1 0 0 1 -0 0 1 0 0 1 0 0 1 -0 0 1 0 0 1 -0 0 1 0 0 1 0 0 1 -0 0 1 0 0 1 -0 0 1 0 0 1 -0 0 1 0 0 1 0 0 1 0 0 1 0 0 1 0 0 1 0 0 1 0 0 1 0 0 1 0 0 1 -0 0 1 0 0 1 -0 0 1 0 0 1 0 0 1 0 0 1 0 0 1 0 0 1 0 0 1 -0 0 1 0 0 1 0 0 1 0 0 1 0 0 1 0 0 1 0 0 1 0 0 1 0 0 1 0 0 1 0 0 1 0 0 1 0 0 1 -0 0 1 0 0 1 0 0 1 -0 0 1 0 0 1 -0 0 1 0 0 1 0 0 1 0 0 1 -0 0 1 -0 0 1 0 0 1 0 0 1 0 0 1 -0 0 1 0 0 1 0 0 1 -0 0 1 -0 0 1 -0 0 1 0 0 1 0 0 1 0 0 1 0 0 1 0 0 1 0 0 1 -0 0 1 -0 0 1 -0 0 1 0 0 1 -0 0 1 0 0 1 0 0 1 -0 0 1 0 0 1 0 0 1 -0 0 1 0 0 1 -0 0 1 0 0 1 0 0 1 -0 0 1 0 0 1 -0 0 1 0 0 1 -0 0 1 0 0 1 0 0 1 -0 0 1 -0 0 1 0 0 1 0 3.529848e-15 1 1.187193e-14 0 1 0 -4.05311e-15 1 -1.170003e-14 0 1 0 0 1 -0 0 1 0 0 1 0 0 1 -0 0 1 0 0 1 -0 0 1 0 0 1 0 0 1 -0 0 1 0 0 1 0 0 1 0 0 1 -0 0 1 -0 0 1 0 0 1 0 0 1 0 0 1 0 0 1 0 0 1 0 0 1 0 0 1 0 0 1 0 0 1 0 0 1 0 0 1 0 0 1 0 0 1 0 0 1 -0 0 1 0 0 1 0 0 1 0 0 1 0 0 1 0 0 1 0 0 1 0 0 1 0 0 1 0 0 1 0 0 1 -0 0 1 0 0 1 0 0 1 -0 0 1 0 0 1 0 0 1 0 0 1 -0 0 1 0 0 1 0 0 1 -0 0 1 0 0 1 0 0 1 -0 0 1 0 0 1 0 0 1 0 0 1 -0 0 1 0 0 1 0 0 1 0 0 1 0 0 1 0 0 1 -0 0 1 0 0 1 -0 0 1 0 0 1 0 0 1 0 0 1 0 0 1 -0 0 1 0 0 1 -0 0 1 0 0 1 0 0 1 -0 0 1 0 0 1 0 0 1 0 0 1 -0 0 1 0 0 1 0 0 1 0 0 1 -0 0 1 0 0 1 0 0 1 0 0 1 -0 0 1 0 0 1 0 0 1 -0 0 1 0 0 1 0 0 1 -0 0 1 0 0 1 0 0 1 0 0 1 -0 0 1 0 0 1 0 0 1 -0 0 1 0 0 1 0 0 1 0 0 1 -0 0 1 0 0 1 0 0 1 -0 0 1 0 0 1 0 0 1 0 0 1 0 0 1 -0 0 1 0 0 1 0 0 1 -0 0 1 0 0 1 0 0 1 -0 0 1 0 0 1 0 0 1 -0 0 1 0 0 1 0 0 1 0 0 1 -0 0 1 0 0 1 -0 0 1 0 0 1 -0 0 1 0 0 1 -0 0 1 0 0 1 -0 0 1 0 0 1 -0 0 1 0 0 1 0 0 1 -0 0 1 0 0 1 0 0 1 -0 0 1 0 0 1 -0 0 1 0 0 1 -0 0 1 0 0 1 -0 0 1 0 0 1 -0 0 1 0 0 1 -0 0 1 0 0 1 -0 0 1 -0 0 1 0 0 1 -0 -7.908217e-15 1 -1.862274e-15 -1.601167e-17 1 2.140979e-16 0 1 -0 7.92133e-15 1 -1.336741e-15 0 1 0 0 1 -0 0 1 0 0 1 0 0 1 0 0 1 -0 0 1 0 0 1 0 0 1 0 0 1 -0 0 1 0 0 1 -0 0 1 0 0 1 0 0 1 -0 0 1 0 0 1 0 0 1 -0 0 1 0 0 1 0 0 1 -0 0 1 0 0 1 0 0 1 0 0 1 0 0 1 -0 0 1 0 0 1 0 0 1 -0 0 1 0 0 1 -0 0 1 0 0 1 0 0 1 0 0 1 -0 0 1 -0 0 1 0 0 1 0 0 1 0 0 1 -0 0 1 0 0 1 -0 0 1 0 0 1 0 0 1 -0 0 1 0 0 1 0 0 1 0 0 1 -0 0 1 0 0 1 0 0 1 0 0 1 -0 0 1 0 0 1 -0 0 1 0 0 1 0 0 1 0 0 1 0 0 1 -0 0 1 0 0 1 0 0 1 -0 0 1 -0 0 1 0 0 1 -0 0 1 0 0 1 -0 0 1 -0 0 1 -0 0 1 0 0 1 -0 0 1 -0 0 1 -0 0 1 -0 0 1 0 0 1 0 0 1 0 0 1 0 0 1 0 0 1 0 0 1 0 0 1 -0 0 1 0 0 1 0 0 1 -0 0 1 0 0 1 0 0 1 0 0 1 0 0 1 0 0 1 -0 0 1 0 0 1 0 0 1 -0 0 1 0 0 1 0 0 1 0 0 1 -0 0 1 0 0 1 0 0 1 -0 0 1 0 0 1 -0 0 1 0 0 1 0 0 1 -0 0 1 0 0 1 -0 0 1 0 0 1 -0 0 1 0 0 1 -0 0 1 0 0 1 -0 0 1 -0 0 1 0 0 1 -0 0 1 0 0 1 0 0 1 -0 0 1 0 0 1 -0 0 1 0 0 1 -0 0 1 0 0 1 -0 0 1 0 0 1 0 0 1 -0 0 1 0 0 1 -0 0 1 -0 0 1 0 0 1 -0 0 1 -0 0 1 0 0 1 -0 0 1 0 0 1 -0 0 1 0 0 1 0 0 1 -0 0 1 0 0 1 -0 0 1 0 0 1 -0 0 1 0 0 1 0 0 1 0 0 1 0 0 1 -0 0 1 0 0 1 -0 0 1 0 0 1 0 0 1 0 0 1 -0 0 1 0 -2.688206e-15 1 7.49686e-15 0 1 -0 0 1 0 2.440101e-15 1 -7.571669e-15 0 1 -0 0 1 0 0 1 0 0 1 -0 0 1 0 0 1 0 0 1 0 0 1 -0 0 1 0 0 1 0 0 1 0 0 1 0 0 1 -0 0 1 0 0 1 -0 0 1 0 0 1 0 0 1 0 0 1 0 0 1 0 0 1 0 0 1 -0 0 1 0 0 1 0 0 1 0 0 1 0 0 1 -0 0 1 0 0 1 0 0 1 0 0 1 -0 0 1 0 0 1 0 0 1 0 0 1 0 0 1 0 0 1 0 0 1 -0 0 1 -0 0 1 0 0 1 0 0 1 0 0 1 0 0 1 -0 0 1 0 0 1 0 0 1 -0 0 1 -0 -2.549731e-15 1 1.291159e-15 -2.729141e-16 1 6.660329e-17 -2.382115e-15 1 1.521704e-15 -2.466333e-15 1 1.407607e-15 -2.059736e-15 1 1.952048e-15 -1.949428e-16 1 2.056972e-16 -2.794489e-16 1 5.359132e-17 -2.633697e-15 1 1.172616e-15 -1.956336e-15 1 2.082337e-15 -2.038831e-16 1 1.915463e-16 -2.664762e-16 1 7.929444e-17 -2.299684e-15 1 1.636096e-15 -2.162148e-15 1 1.823217e-15 -2.86104e-16 1 4.020504e-17 -1.856111e-16 1 2.201158e-16 -1.056064e-15 1 3.250231e-15 -2.718775e-15 1 1.05146e-15 -1.84993e-15 1 2.213331e-15 -2.600846e-16 1 9.173258e-17 -2.124707e-16 1 1.775857e-16 -2.216786e-15 1 1.749819e-15 -2.259597e-15 1 1.691272e-15 -2.929442e-16 1 2.636494e-17 -1.7583e-16 1 2.349149e-16 2.171874e-15 1 3.362723e-15 -2.381208e-15 1 3.210366e-15 -2.207468e-16 1 1.637333e-16 -2.537029e-16 1 1.039772e-16 -1.655456e-16 1 2.502004e-16 -3.000241e-16 1 1.197561e-17 -2.132933e-15 1 1.863452e-15 -2.355224e-15 1 1.558339e-15 1.946181e-15 1 3.370749e-15 1.725031e-15 1 3.36501e-15 -2.124922e-15 1 3.242175e-15 -2.473088e-16 1 1.160752e-16 -2.287464e-16 1 1.499204e-16 -2.047812e-15 1 1.977583e-15 -2.449548e-15 1 1.423717e-15 -3.074142e-16 1 -3.070319e-18 -1.546766e-16 1 2.661259e-16 -1.894353e-15 1 3.292147e-15 1.522169e-15 1 3.373431e-15 -2.408724e-16 1 1.2807e-16 -2.365005e-16 1 1.360861e-16 -1.961153e-15 1 2.092579e-15 -2.54295e-15 1 1.286903e-15 -3.151902e-16 1 -1.887983e-17 -3.24946e-16 1 -3.579527e-17 -1.4314e-16 1 2.82848e-16 -1.660411e-15 1 3.316848e-15 1.327153e-15 1 3.381269e-15 -2.34359e-16 1 1.400276e-16 -2.440423e-16 1 1.221674e-16 -1.872495e-15 1 2.209041e-15 -2.635987e-15 1 1.147163e-15 -1.298555e-16 1 2.983861e-16 -2.130748e-16 1 1.54808e-16 -1.435697e-15 1 3.33877e-15 1.138425e-15 1 3.388391e-15 -2.514032e-16 1 1.081054e-16 -2.277521e-16 1 1.519707e-16 -2.729177e-15 1 1.003819e-15 -1.781439e-15 1 2.327604e-15 -4.133669e-17 1 1.993437e-16 -7.050962e-17 1 1.917011e-16 -1.218547e-15 1 3.357878e-15 9.550687e-16 1 3.394695e-15 -2.210206e-16 1 1.63971e-16 -2.58612e-16 1 9.384826e-17 0 1 0 0 1 0 0 1 0 0 1 0 -4.896277e-13 1 -6.868053e-13 0 1 0 0 1 0 0 1 0 0 1 0 0 1 -0 6.542736e-14 1 1.701615e-14 -1.00716e-15 1 3.374137e-15 7.760484e-16 1 3.400086e-15 -2.141405e-16 1 1.760778e-16 -2.657141e-16 1 7.931408e-17 0 1 0 0 1 0 0 1 0 0 1 0 0 1 -0 -8.005537e-16 1 3.387503e-15 6.003298e-16 1 3.404488e-15 -2.727374e-16 1 6.445482e-17 -2.070867e-16 1 1.883424e-16 -5.97431e-16 1 3.397943e-15 4.269685e-16 1 3.407842e-15 -1.928793e-16 1 2.142203e-16 -1.998318e-16 1 2.008263e-16 -2.797316e-16 1 4.918281e-17 -3.969442e-16 1 3.405422e-15 2.555659e-16 1 3.410103e-15 -1.851692e-16 1 2.27499e-16 -2.854566e-16 1 3.327351e-17 -1.98061e-16 1 3.409921e-15 8.510482e-17 1 3.411241e-15 -2.923286e-16 1 1.697954e-17 -1.771371e-16 1 2.412605e-16 0 1 3.411422e-15 -8.510482e-17 1 3.411241e-15 -2.993368e-16 1 0 -2.993368e-16 1 0 -1.771371e-16 1 -2.412605e-16 1.98061e-16 1 3.409921e-15 -2.555659e-16 1 3.410103e-15 -1.851692e-16 1 -2.27499e-16 -2.923286e-16 1 -1.697954e-17 0 1 0 3.969442e-16 1 3.405422e-15 -4.269685e-16 1 3.407842e-15 -1.998318e-16 1 -2.008263e-16 -1.928793e-16 1 -2.142203e-16 -2.854566e-16 1 -3.327351e-17 0 1 0 5.97431e-16 1 3.397943e-15 -6.003298e-16 1 3.404488e-15 -2.070867e-16 1 -1.883424e-16 -2.797317e-16 1 -4.918281e-17 8.005537e-16 1 3.387503e-15 -7.760484e-16 1 3.400086e-15 -2.727374e-16 1 -6.445482e-17 -2.141405e-16 1 -1.760778e-16 1.00716e-15 1 3.374137e-15 -9.550687e-16 1 3.394695e-15 -2.210206e-16 1 -1.63971e-16 -2.657141e-16 1 -7.931408e-17 1.218548e-15 1 3.357878e-15 -1.138425e-15 1 3.388391e-15 -2.277521e-16 1 -1.519707e-16 -2.58612e-16 1 -9.384826e-17 1.435697e-15 1 3.33877e-15 -1.327153e-15 1 3.381269e-15 -2.514032e-16 1 -1.081054e-16 -2.34359e-16 1 -1.400276e-16 1.660411e-15 1 3.316848e-15 -1.522169e-15 1 3.373431e-15 -2.440423e-16 1 -1.221674e-16 -2.408724e-16 1 -1.2807e-16 1.894353e-15 1 3.292147e-15 -1.725031e-15 1 3.36501e-15 -1.946181e-15 1 3.370749e-15 -2.365005e-16 1 -1.360861e-16 -2.473088e-16 1 -1.160752e-16 2.124922e-15 1 3.242175e-15 -2.171874e-15 1 3.362723e-15 -2.287464e-16 1 -1.499204e-16 -2.537029e-16 1 -1.039772e-16 2.381208e-15 1 3.210366e-15 -2.207468e-16 1 -1.637333e-16 -2.600846e-16 1 -9.173258e-17 -2.124706e-16 1 -1.775856e-16 -2.664762e-16 1 -7.929444e-17 -2.038831e-16 1 -1.915463e-16 -2.729141e-16 1 -6.660329e-17 -1.949428e-16 1 -2.056972e-16 -2.794489e-16 1 -5.359132e-17 0 1 -0 -1.856111e-16 1 -2.201158e-16 -2.86104e-16 1 -4.020504e-17 -1.7583e-16 1 -2.349149e-16 -2.929442e-16 1 -2.636494e-17 -3.000241e-16 1 -1.197561e-17 -1.655456e-16 1 -2.502004e-16 -3.074142e-16 1 3.070319e-18 -1.546766e-16 1 -2.661259e-16 0 1 -0 -3.24946e-16 1 3.579527e-17 -3.151902e-16 1 1.887983e-17 -1.4314e-16 1 -2.82848e-16 -1.298555e-16 1 -2.983861e-16 0 1 0 0 1 0 0 1 0 0 1 0 0 1 -0 0 1 0 0 1 0 0 1 -0 0 1 0 0 1 -0 0 1 0 0 1 -0 0 1 0 0 1 -0 0 1 0 0 1 0 0 1 0 0 1 -0 0 1 0 0 1 -0 0 1 0 0 1 -0 0 1 0 0 1 0 0 1 0 0 1 -0 0 1 0 0 1 0 0 1 -0 0 1 0 0 1 -0 0 1 0 0 1 -0 0 1 -0 0 1 0 0 1 -0 0 1 -0 0 1 0 0 1 -0 0 1 -0 0 1 0 0 1 0 0 1 -0 0 1 -0 0 1 -0 0 1 -0 0 1 0 0 1 0 0 1 -0 0 1 -0 0 1 0 0 1 -0 0 1 -0 0 1 -0 0 1 0 0 1 0 0 1 0 0 1 -0 0 1 0 0 1 -0 0 1 0 0 1 0 0 1 -0 0 1 0 0 1 0 0 1 -0 0 1 0 0 1 0 0 1 0 0 1 -0 0 1 0 0 1 0 0 1 -0 0 1 0 0 1 -0 0 1 -0 1.056064e-15 1 3.25023e-15 0 1 0 0 1 0 -1.413631e-14 1 1.413631e-14 -2.030472e-13 1 1.938411e-13 0 1 -0 2.718752e-15 1 1.051436e-15 1.849965e-15 1 2.21336e-15 0 1 0 0 1 -0 2.225923e-15 1 -1.143203e-14 -1.247253e-14 1 2.428518e-15 0 1 -0 1.956346e-15 1 2.082356e-15 2.633703e-15 1 1.172612e-15 1.697176e-15 1 -1.174118e-14 -1.287296e-14 1 1.860773e-15 0 1 -0 2.549724e-15 1 1.29114e-15 2.059734e-15 1 1.952075e-15 1.157202e-15 1 -1.216939e-14 -1.341376e-14 1 1.275531e-15 0 1 -0 5.86457e-16 1 -1.272468e-14 -1.410742e-14 1 6.501832e-16 2.466343e-15 1 1.4076e-15 0 1 -0 -3.616439e-17 1 -1.342108e-14 -1.4974e-14 1 -4.034897e-17 2.162161e-15 1 1.823221e-15 2.382105e-15 1 1.521717e-15 0 1 0 -9.621223e-15 1 4.723898e-15 1.098342e-16 1 1.727193e-16 2.299684e-15 1 1.63608e-15 2.259576e-15 1 1.691326e-15 -7.352301e-16 1 -1.427912e-14 -1.604217e-14 1 -8.260096e-16 7.837304e-15 1 -7.20573e-15 2.216774e-15 1 1.749795e-15 2.355254e-15 1 1.558352e-15 -1.540838e-15 1 -1.532735e-14 -1.735148e-14 1 -1.744317e-15 0 1 -0 2.132937e-15 1 1.863457e-15 2.449564e-15 1 1.423709e-15 6.611276e-15 1 -2.570708e-14 1.228884e-13 1 -1.228884e-13 0 1 -0 2.047803e-15 1 1.977589e-15 2.542974e-15 1 1.286891e-15 0 1 0 0 1 0 0 1 0 0 1 -0 0 1 0 1.961124e-15 1 2.092562e-15 2.636046e-15 1 1.147188e-15 -3.803111e-13 1 2.424328e-13 0 1 0 -1.471501e-13 1 1.110601e-12 0 1 0 -5.37458e-14 1 5.37458e-14 0 1 0 0 1 0 0 1 0 0 1 -0 0 1 0 0 1 -0 0 1 0 2.729206e-15 1 1.003873e-15 1.872471e-15 1 2.209014e-15 0 1 0 0 1 0 0 1 0 0 1 0 0 1 0 0 1 -0 0 1 0 0 1 -0 4.896258e-13 1 -6.868026e-13 1.781426e-15 1 2.327586e-15 0 1 -0 0 1 -0 0 1 0 0 1 0 0 1 0 0 1 0 0 1 -0 0 1 0 0 1 0 0 1 0 0 1 0 0 1 0 0 1 0 0 1 0 0 1 0 0 1 0 0 1 -0 0 1 0 0 1 0 0 1 0 0 1 0 0 1 0 0 1 0 0 1 0 0 1 -0 0 1 0 0 1 -0 0 1 0 0 1 0 1.866021e-12 1 1.858564e-15 4.646793e-13 1 6.156794e-14 6.249955e-14 1 1.401245e-12 0 1 0 0 1 0 6.138009e-14 1 2.759291e-13 0 1 0 2.282927e-13 1 6.133277e-14 5.713884e-14 1 1.80839e-13 5.229965e-14 1 1.260842e-13 0 1 0 1.087449e-13 1 5.076722e-14 4.773122e-14 1 9.160447e-14 0 1 0 5.335741e-14 1 4.095673e-14 0 1 0 0 1 0 0 1 0 4.095675e-14 1 5.335755e-14 3.108507e-14 1 3.391939e-14 0 1 0 0 1 0 0 1 0 0 1 0 0 1 0 0 1 0 0 1 0 0 1 0 0 1 0 0 1 0 0 1 0 0 1 0 3.017528e-14 1 1.923546e-14 0 1 0 0 1 0 0 1 0 0 1 0 1.103782e-14 1 2.661025e-14 0 1 0 0 1 0 0 1 -0 0 1 0 1.807906e-17 1 1.81516e-14 0 1 -0 0 1 0 0 1 0 -1.228883e-13 1 -1.228883e-13 2.170106e-13 1 2.170106e-13 9.102839e-15 1 9.102833e-15 4.514646e-14 1 4.514643e-14 9.329238e-13 1 1.236076e-13 2.012771e-14 1 -2.023408e-15 1.199304e-14 1 -1.015808e-14 -1.036275e-13 1 -1.257785e-13 2.023407e-15 1 -2.01277e-14 1.860892e-14 1 -9.581688e-16 1.787368e-15 1 -1.777972e-14 1.777972e-14 1 -1.787372e-15 9.581773e-16 1 -1.86089e-14 1.736984e-14 1 -4.680589e-17 8.528668e-16 1 -1.656377e-14 1.656377e-14 1 -8.528668e-16 4.680586e-17 1 -1.736983e-14 1.636462e-14 1 7.542041e-16 4.195078e-17 1 -1.556845e-14 1.556845e-14 1 -4.195069e-17 -7.542194e-16 1 -1.63646e-14 -6.802885e-16 1 -1.476063e-14 1.555996e-14 1 1.479615e-15 -1.479615e-15 1 -1.555996e-14 1.476063e-14 1 6.802901e-16 1.493265e-14 1 2.158507e-15 -1.342354e-15 1 -1.411649e-14 -2.158489e-15 1 -1.493263e-14 1.411649e-14 1 1.342354e-15 0 1 -0 1.446814e-14 1 2.817093e-15 -1.968724e-15 1 -1.361977e-14 1.361978e-14 1 1.96873e-15 -2.817093e-15 1 -1.446814e-14 -2.58207e-15 1 -1.326115e-14 2.050002e-13 1 1.943211e-13 1.326115e-14 1 2.58207e-15 -1.761736e-14 1 -2.829643e-14 -1.413631e-14 1 -1.413631e-14 0 1 0 1.908402e-13 1 1.908402e-13 0 1 0 0 1 0 0 1 0 0 1 0 0 1 0 0 1 0 0 1 0 0 1 0 0 1 -0 0 1 0 0 1 0 0 1 -0 0 1 0 0 1 -0 0 1 0 0 1 0 0 1 0 0 1 0 0 1 -0 0 1 0 0 1 0 0 1 -0 0 1 0 0 1 0 0 1 0 0 1 -0 0 1 0 0 1 0 0 1 -0 0 1 0 0 1 0 0 1 -0 0 1 0 0 1 0 0 1 0 0 1 -0 0 1 0 0 1 0 0 1 -0 0 1 0 0 1 0 0 1 0 0 1 -0 0 1 0 0 1 -0 0 1 0 0 1 0 0 1 0 0 1 -0 0 1 0 0 1 0 0 1 -0 0 1 0 0 1 0 0 1 0 0 1 -0 0 1 0 0 1 -0 0 1 -0 0 1 0 0 1 0 0 1 -0 0 1 0 0 1 0 0 1 0 0 1 0 0 1 0 0 1 0 0 1 0 0 1 0 0 1 0 0 1 0 -2.130748e-16 1 -1.548079e-16 0 1 0 0 1 0 -7.051302e-17 1 -1.917006e-16 0 1 0 -4.133679e-17 1 -1.993437e-16 6.542749e-14 1 -1.701619e-14 0 1 0 0 1 0 0 1 -0 0 1 0 0 1 0 0 1 0 0 1 0 0 1 0 0 1 0 0 1 -0 0 1 0 0 1 -0 0 1 0 0 1 -0 0 1 0 0 1 0 0 1 0 0 1 0 0 1 0 0 1 0 0 1 0 0 1 0 0 1 0 0 1 0 0 1 0 0 1 0 0 1 0 0 1 0 0 1 0 0 1 0 0 1 0 0 1 0 0 1 -0 0 1 0 0 1 0 0 1 0 0 1 0 -2.212576e-15 1 2.221454e-12 -9.290721e-14 1 9.290721e-14 -3.323842e-12 1 -1.416197e-13 -1.450696e-13 1 1.329466e-13 9.10284e-15 1 -9.10284e-15 1.062841e-13 1 -1.253799e-13 -1.744318e-15 1 -1.735148e-14 -1.532735e-14 1 -1.540835e-15 0 1 -0 -8.260096e-16 1 -1.604217e-14 -1.427912e-14 1 -7.352301e-16 0 1 0 0 1 0 0 1 0 0 1 -0 0 1 0 0 1 0 0 1 0 1.306216e-15 1 -1.200954e-15 -4.034897e-17 1 -1.4974e-14 -1.342108e-14 1 -3.616447e-17 6.501834e-16 1 -1.410742e-14 -1.272468e-14 1 5.864556e-16 1.275531e-15 1 -1.341376e-14 -1.216939e-14 1 1.157202e-15 1.860773e-15 1 -1.287296e-14 -1.174118e-14 1 1.697176e-15 0 1 0 0 1 0 0 1 0 2.428518e-15 1 -1.247253e-14 -1.143203e-14 1 2.225923e-15 -1.908404e-13 1 1.908404e-13 -1.11354e-14 1 1.929295e-15 0 1 0 0 1 0 0 1 -0 0 1 -0 -1.603537e-15 1 7.873163e-16 0 1 0 0 1 0 0 1 0 0 1 0 0 1 0 0 1 0 1.830569e-17 1 2.878656e-17 0 1 -0 0 1 0 0 1 0 0 1 0 0 1 0 0 1 0 0 1 0 0 1 0 0 1 0 0 1 0 0 1 0 0 1 0 -4.133669e-17 1 -1.993437e-16 6.542736e-14 1 -1.701615e-14 4.896277e-13 1 -6.868054e-13 1.781439e-15 1 2.327604e-15 -7.050962e-17 1 -1.917011e-16 1.872495e-15 1 2.209041e-15 2.729177e-15 1 1.003819e-15 1.961153e-15 1 2.092579e-15 2.635987e-15 1 1.147163e-15 0 1 0 2.54295e-15 1 1.286903e-15 2.047812e-15 1 1.977583e-15 2.449548e-15 1 1.423717e-15 2.132933e-15 1 1.863452e-15 2.355224e-15 1 1.558339e-15 2.216786e-15 1 1.749819e-15 2.259597e-15 1 1.691272e-15 2.299684e-15 1 1.636096e-15 0 1 0 2.162148e-15 1 1.823217e-15 2.466333e-15 1 1.407607e-15 2.382115e-15 1 1.521704e-15 2.059736e-15 1 1.952048e-15 2.549731e-15 1 1.291159e-15 1.956336e-15 1 2.082337e-15 2.633697e-15 1 1.172616e-15 1.84993e-15 1 2.213331e-15 2.718775e-15 1 1.05146e-15 0 1 0 0 1 -0 0 1 0 0 1 0 0 1 0 0 1 0 0 1 0 0 1 -0 0 1 -0 0 1 0 0 1 0 0 1 0 0 1 0 0 1 0 0 1 0 0 1 0 0 1 0 0 1 0 0 1 0 0 1 -0 0 1 -0 0 1 -0 0 1 0 0 1 0 0 1 0 0 1 0 0 1 -0 0 1 0 0 1 0 0 1 0 0 1 -0 0 1 0 0 1 0 0 1 -0 0 1 0 0 1 0 0 1 0 0 1 -0 0 1 0 0 1 0 0 1 0 0 1 0 0 1 -0 0 1 0 0 1 0 0 1 -0 0 1 0 0 1 0 0 1 0 0 1 0 0 1 0 0 1 -0 0 1 0 0 1 -0 0 1 -0 0 1 0 0 1 0 0 1 -0 0 1 0 0 1 -0 0 1 0 0 1 0 0 1 -0 0 1 -0 0 1 0 0 1 -0 0 1 -0 0 1 -0 0 1 0 0 1 -0 0 1 -0 0 1 0 -2.130748e-16 1 -1.548079e-16 -1.298544e-16 1 -2.983869e-16 0 1 -0 0 1 0 0 1 0 0 1 0 0 1 0 0 1 0 0 1 0 0 1 0 0 1 -0 -3.249489e-16 1 3.579335e-17 0 1 -0 -3.151883e-16 1 1.888085e-17 -1.43141e-16 1 -2.828484e-16 0 1 -0 -1.546755e-16 1 -2.661297e-16 -3.074145e-16 1 3.068825e-18 0 1 0 0 1 -0 -1.655439e-16 1 -2.501975e-16 -3.000256e-16 1 -1.197463e-17 0 1 -0 -1.758305e-16 1 -2.349088e-16 -2.929444e-16 1 -2.636731e-17 0 1 -0 0 1 -0 -2.861055e-16 1 -4.02081e-17 -1.856129e-16 1 -2.20111e-16 0 1 -0 -1.94942e-16 1 -2.056942e-16 -2.794468e-16 1 -5.359324e-17 0 1 0 0 1 -0 -2.729144e-16 1 -6.660601e-17 -2.038832e-16 1 -1.915438e-16 0 1 -0 -2.124711e-16 1 -1.775877e-16 -2.664751e-16 1 -7.929497e-17 0 1 -0 0 1 -0 -2.600841e-16 1 -9.173233e-17 -2.207447e-16 1 -1.637277e-16 0 1 -0 -2.287437e-16 1 -1.499228e-16 -2.537042e-16 1 -1.039782e-16 0 1 -0 -2.365036e-16 1 -1.360842e-16 -2.473088e-16 1 -1.160762e-16 0 1 -0 -2.44043e-16 1 -1.221707e-16 -2.408723e-16 1 -1.280699e-16 -2.514049e-16 1 -1.081083e-16 -2.343587e-16 1 -1.400251e-16 0 1 0 -2.586129e-16 1 -9.384496e-17 -2.27752e-16 1 -1.519721e-16 -2.657127e-16 1 -7.930961e-17 -2.210209e-16 1 -1.639727e-16 -2.727366e-16 1 -6.445561e-17 -2.141406e-16 1 -1.760784e-16 -2.070867e-16 1 -1.883428e-16 -2.797315e-16 1 -4.918015e-17 0 1 0 0 1 0 0 1 0 0 1 0 0 1 0 0 1 0 0 1 0 -1.99831e-16 1 -2.008287e-16 -1.928801e-16 1 -2.142175e-16 -2.854582e-16 1 -3.32743e-17 -1.851681e-16 1 -2.275008e-16 -2.92331e-16 1 -1.697579e-17 -1.771357e-16 1 -2.412624e-16 -2.993387e-16 1 0 0 1 0 0 1 0 0 1 0 0 1 0 0 1 0 0 1 0 0 1 0 0 1 -0 0 1 -0 0 1 0 0 1 0 0 1 0 0 1 0 0 1 0 0 1 0 0 1 0 0 1 0 0 1 0 0 1 0 0 1 0 0 1 0 0 1 0 0 1 0 0 1 -0 0 1 0 0 1 -0 0 1 0 0 1 0 0 1 0 0 1 0 0 1 0 -2.982346e-15 1 9.254262e-15 0 1 0 0 1 0 0 1 0 0 1 0 3.28559e-15 1 -9.162841e-15 0 1 0 0 1 -0 0 1 0 0 1 -0 0 1 0 0 1 0 0 1 0 0 1 0 0 1 0 0 1 0 0 1 -0 0 1 0 0 1 0 0 1 0 0 1 0 0 1 -0 0 1 0 0 1 0 0 1 0 0 1 -0 0 1 0 0 1 0 1.056064e-15 1 3.250231e-15 2.381192e-15 1 3.210367e-15 0 1 0 0 1 -0 -2.171842e-15 1 3.362725e-15 2.124867e-15 1 3.242175e-15 0 1 -0 0 1 0 -1.946139e-15 1 3.370748e-15 0 1 0 0 1 -0 1.894357e-15 1 3.292147e-15 -1.72508e-15 1 3.36501e-15 0 1 -0 0 1 0 1.6604e-15 1 3.316848e-15 -1.522149e-15 1 3.373432e-15 0 1 0 0 1 0 0 1 -0 1.43568e-15 1 3.338769e-15 -1.327115e-15 1 3.381269e-15 0 1 0 0 1 0 0 1 -0 1.21857e-15 1 3.357879e-15 -1.138428e-15 1 3.388391e-15 0 1 -0 0 1 0 0 1 0 1.007121e-15 1 3.374136e-15 -9.550871e-16 1 3.394694e-15 0 1 -0 0 1 0 -7.760555e-16 1 3.400086e-15 8.005794e-16 1 3.387504e-15 0 1 -0 0 1 0 -6.003322e-16 1 3.404488e-15 5.974651e-16 1 3.397943e-15 0 1 -0 -4.270054e-16 1 3.407841e-15 3.969969e-16 1 3.405422e-15 0 1 -0 1.980904e-16 1 3.409921e-15 -2.55562e-16 1 3.410103e-15 0 1 -0 -8.51144e-17 1 3.411241e-15 0 1 3.411422e-15 0 1 -0 0 1 0 8.51144e-17 1 3.411241e-15 -1.980904e-16 1 3.409921e-15 0 1 0 -3.969969e-16 1 3.405422e-15 2.55562e-16 1 3.410103e-15 0 1 0 -5.974651e-16 1 3.397943e-15 4.270054e-16 1 3.407841e-15 0 1 0 6.003322e-16 1 3.404488e-15 -8.005794e-16 1 3.387504e-15 0 1 0 7.760555e-16 1 3.400086e-15 -1.007121e-15 1 3.374136e-15 0 1 -0 0 1 0 -1.21857e-15 1 3.357879e-15 9.550871e-16 1 3.394694e-15 0 1 -0 0 1 0 0 1 0 0 1 0 0 1 0 0 1 0 0 1 0 0 1 0 0 1 0 0 1 0 0 1 0 0 1 0 0 1 0 0 1 0 0 1 0 0 1 0 0 1 0 0 1 0 0 1 0 0 1 0 -1.43568e-15 1 3.338769e-15 1.138428e-15 1 3.388391e-15 1.327115e-15 1 3.381269e-15 -1.6604e-15 1 3.316848e-15 -1.894357e-15 1 3.292147e-15 1.522149e-15 1 3.373431e-15 1.72508e-15 1 3.36501e-15 0 1 -0 0 1 0 1.946139e-15 1 3.370748e-15 -2.124867e-15 1 3.242175e-15 2.171842e-15 1 3.362725e-15 -2.381192e-15 1 3.210367e-15 0 1 0 0 1 0 0 1 0 0 1 0 0 1 0 0 1 -0 0 1 0 0 1 0 0 1 0 0 1 0 0 1 0 0 1 0 0 1 0 0 1 0 0 1 0 0 1 -0 0 1 0 0 1 0 0 1 -0 0 1 0 0 1 0 0 1 0 0 1 0 0 1 0 0 1 0 0 1 0 0 1 -0 0 1 0 0 1 0 0 1 0 0 1 0 0 1 0 0 1 0 0 1 0 0 1 -0 0 1 0 0 1 0 0 1 0 0 1 0 0 1 0 0 1 0 0 1 0 0 1 0 0 1 -0 0 1 0 0 1 0 -2.797315e-16 1 4.918015e-17 -1.99831e-16 1 2.008287e-16 -2.070867e-16 1 1.883428e-16 -2.727366e-16 1 6.445561e-17 -1.928801e-16 1 2.142175e-16 -2.854582e-16 1 3.32743e-17 -2.141406e-16 1 1.760784e-16 -2.657127e-16 1 7.930961e-17 -1.851681e-16 1 2.275008e-16 -2.92331e-16 1 1.697579e-17 -2.210209e-16 1 1.639727e-16 -2.586129e-16 1 9.384496e-17 -2.993368e-16 1 0 -1.771357e-16 1 2.412624e-16 -2.27752e-16 1 1.519721e-16 -2.514049e-16 1 1.081083e-16 0 1 0 0 1 -0 0 1 0 0 1 0 0 1 0 -2.343587e-16 1 1.400251e-16 -2.44043e-16 1 1.221707e-16 0 1 0 0 1 -0 -2.408723e-16 1 1.280699e-16 -2.365036e-16 1 1.360842e-16 0 1 0 0 1 -0 -2.473088e-16 1 1.160762e-16 -2.287437e-16 1 1.499228e-16 0 1 -0 0 1 0 -2.207447e-16 1 1.637277e-16 -2.537042e-16 1 1.039783e-16 0 1 0 0 1 -0 0 1 0 -2.600841e-16 1 9.173233e-17 -2.124711e-16 1 1.775877e-16 0 1 0 0 1 -0 -2.664751e-16 1 7.929497e-17 -2.038832e-16 1 1.915438e-16 0 1 -0 0 1 0 0 1 -0 0 1 0 0 1 0 0 1 0 0 1 0 0 1 0 0 1 0 -7.921331e-15 1 1.336741e-15 -2.729144e-16 1 6.6606e-17 -1.94942e-16 1 2.056942e-16 0 1 0 0 1 -0 -2.794468e-16 1 5.359324e-17 -1.856129e-16 1 2.20111e-16 0 1 0 0 1 -0 -1.758305e-16 1 2.349088e-16 -2.861055e-16 1 4.02081e-17 0 1 0 0 1 -0 0 1 0 -2.929444e-16 1 2.636731e-17 -1.655439e-16 1 2.501975e-16 0 1 -0 0 1 0 -3.000256e-16 1 1.197463e-17 -1.546755e-16 1 2.661297e-16 0 1 -0 -3.074145e-16 1 -3.068825e-18 -1.43141e-16 1 2.828484e-16 0 1 0 0 1 -0 0 1 0 0 1 0 0 1 -0 0 1 0 -3.151883e-16 1 -1.888085e-17 0 1 -0 -3.249489e-16 1 -3.579335e-17 -1.298544e-16 1 2.983869e-16 0 1 0 0 1 0 0 1 0 0 1 0 1.601167e-17 1 -2.140979e-16 7.908223e-15 1 1.862276e-15 0 1 0 0 1 0 0 1 0 0 1 0 0 1 0 0 1 0 0 1 0 0 1 0 0 1 0 0 1 -0 0 1 0 0 1 0 0 1 0 0 1 0 0 1 0 0 1 0 0 1 0 0 1 0 0 1 0 0 1 0 0 1 0 0 1 0 0 1 0 0 1 0 0 1 0 0 1 0 -2.542974e-15 1 1.286891e-15 -2.449564e-15 1 1.423709e-15 -2.047803e-15 1 1.977589e-15 -1.961124e-15 1 2.092562e-15 -2.636046e-15 1 1.147188e-15 -2.132937e-15 1 1.863457e-15 -2.355254e-15 1 1.558352e-15 -1.872471e-15 1 2.209014e-15 -2.729206e-15 1 1.003873e-15 -2.259576e-15 1 1.691326e-15 -2.216774e-15 1 1.749795e-15 -1.781426e-15 1 2.327586e-15 -4.896258e-13 1 -6.868026e-13 -2.299684e-15 1 1.63608e-15 -2.162161e-15 1 1.823221e-15 0 1 0 -2.382105e-15 1 1.521717e-15 0 1 0 -2.466343e-15 1 1.4076e-15 -2.059734e-15 1 1.952075e-15 0 1 0 -1.956346e-15 1 2.082356e-15 -2.549724e-15 1 1.29114e-15 0 1 0 0 1 0 -2.633703e-15 1 1.172612e-15 -1.849965e-15 1 2.21336e-15 0 1 0 -1.056064e-15 1 3.25023e-15 -2.718752e-15 1 1.051436e-15 0 1 0 0 1 0 0 1 0 0 1 -0 0 1 0 0 1 0 0 1 0 0 1 0 0 1 -0 0 1 0 0 1 0 0 1 -0 0 1 0 0 1 0 0 1 0 6.542749e-14 1 1.701619e-14 0 1 -0 -4.133679e-17 1 1.993437e-16 -7.051302e-17 1 1.917006e-16 -2.130748e-16 1 1.548079e-16 0 1 -0 0 1 0 0 1 0 0 1 0 0 1 -0 0 1 -0 0 1 0 0 1 -0 0 1 -0 0 1 0 0 1 0 0 1 0 0 1 -0 0 1 -0 0 1 0 0 1 -0 0 1 0 0 1 0 0 1 0 0 1 0 0 1 0 0 1 0 0 1 0 0 1 0 0 1 0 0 1 0 0 1 0 0 1 -0 0 1 0 0 1 0 0 1 0 0 1 -0 0 1 0 0 1 0 0 1 -0 0 1 0 0 1 0 0 1 0 0 1 0 0 1 -0 0 1 0 0 1 -0 0 1 -0 0 1 0 0 1 0 0 1 0 0 1 0 0 1 0 0 1 0 0 1 0 0 1 -0 0 1 0 0 1 0 0 1 0 0 1 -0 0 1 0 0 1 0 0 1 0 0 1 -0 0 1 0 0 1 0 0 1 0 0 1 0 0 1 -0 0 1 0 0 1 0 0 1 0 0 1 -0 0 1 -0 0 1 0 0 1 -0 0 1 0 0 1 0 0 1 0 0 1 0 0 1 0 0 1 0 0 1 0 0 1 0 0 1 0 0 1 0 0 1 0 0 1 0 0 1 0 0 1 0 0 1 0 0 1 0 0 1 -0 0 1 0 0 1 0 0 1 0 0 1 0 0 1 0 0 1 -0 0 1 0 0 1 0 0 1 -0 0 1 0 0 1 -0 0 1 -0 0 1 0 0 1 -0 0 1 0 0 1 0 0 1 0 0 1 0 0 1 0 0 1 0 0 1 0 0 1 -0 0 1 0 0 1 -0 0 1 0 0 1 0 0 1 -0 0 1 0 0 1 -0 0 1 0 0 1 0 0 1 0 0 1 0 0 1 0 0 1 0 0 1 0 0 1 -0 0 1 0 0 1 0 0 1 -0 0 1 0 0 1 0 0 1 0 0 1 0 0 1 0 0 1 0 0 1 0 0 1 -0 0 1 0 0 1 -0 0 1 0 0 1 0 3.184587e-15 1 9.192884e-15 0 1 0 0 1 0 0 1 -0 0 1 0 0 1 0 0 1 0 -2.773453e-15 1 -9.32795e-15 0 1 0 0 1 -0 0 1 0 0 1 0 0 1 -0 0 1 0 0 1 0 0 1 0 0 1 0 0 1 0 0 1 0 0 1 0 0 1 -0 0 1 0 0 1 0 0 1 0 0 1 -0 0 1 0 0 1 0 0 1 0 0 1 0 0 1 0 0 1 0 0 1 0 0 1 -0 0 1 -0 0 1 0 0 1 -0 0 1 0 0 1 0 0 1 0 0 1 0 0 1 0 0 1 0 0 1 0 0 1 0 0 1 -0 0 1 -0 0 1 0 0 1 0 0 1 0 0 1 0 0 1 0 0 1 -0 0 1 -0 0 1 0 0 1 0 0 1 0 0 1 0 0 1 0 0 1 0 0 1 0 0 1 0 0 1 0 0 1 0 0 1 0 0 1 0 0 1 -0 0 1 0 0 1 0 0 1 0 0 1 0 0 1 -0 0 1 -0 0 1 0 0 1 0 0 1 0 0 1 0 0 1 0 0 1 0 0 1 0 0 1 0 0 1 0 0 1 0 0 1 0 0 1 0 0 1 -0 0 1 0 0 1 0 0 1 0 0 1 0 0 1 0 0 1 0 0 1 0 0 1 0 0 1 0 0 1 0 0 1 -0 0 1 0 0 1 0 0 1 0 0 1 -0 0 1 0 0 1 0 0 1 0 0 1 0 0 1 0 0 1 0 0 1 0 0 1 -0 0 1 0 0 1 0 0 1 0 0 1 0 1.293355e-14 1 1.072381e-14 0 1 0 0 1 0 0 1 0 0 1 0 -1.264172e-14 1 -1.124054e-14 0 1 0 0 1 0 0 1 0 0 1 0 0 1 0 0 1 -0 0 1 0 0 1 0 0 1 0 0 1 0 0 1 0 0 1 0 0 1 0 0 1 0 0 1 0 0 1 0 0 1 0 0 1 0 0 1 0 0 1 0 0 1 -0 0 1 0 0 1 -0 0 1 0 0 1 0 0 1 0 0 1 0 0 1 0 0 1 0 0 1 -0 0 1 0 0 1 0 0 1 -0 0 1 -0 0 1 0 0 1 0 0 1 -0 0 1 -0 0 1 0 0 1 -0 0 1 0 0 1 -0 0 1 0 0 1 -0 0 1 0 0 1 0 0 1 -0 0 1 -0 0 1 0 0 1 0 0 1 0 0 1 -0 0 1 0 0 1 0 0 1 0 0 1 -0 0 1 0 0 1 0 0 1 0 0 1 -0 0 1 0 0 1 0 0 1 0 0 1 -0 0 1 0 0 1 0 0 1 0 0 1 0 0 1 0 0 1 0 -0 1 0 0 1 0 0 1 0 0 1 -0 0 1 0 0 1 0</float_array>
          <technique_common>
            <accessor count="9816" source="#cubenormals-array1-array" stride="3">
              <param type="float" name="X"/>
              <param type="float" name="Y"/>
              <param type="float" name="Z"/>
            </accessor>
          </technique_common>
        </source>
        <vertices id="cubeverts-array1-vertices">
          <input semantic="POSITION" source="#cubeverts-array1"/>
        </vertices>
        <triangles count="9816" material="ref_Part__Feature">
          <input offset="0" semantic="VERTEX" source="#cubeverts-array1-vertices"/>
          <input offset="1" semantic="NORMAL" source="#cubenormals-array1"/>
          <p>0 0 1 0 2 0 2 1 3 1 4 1 1 2 3 2 2 2 4 3 5 3 6 3 3 4 5 4 4 4 6 5 7 5 8 5 5 6 7 6 6 6 8 7 9 7 10 7 7 8 9 8 8 8 10 9 11 9 12 9 9 10 11 10 10 10 12 11 13 11 14 11 11 12 13 12 12 12 14 13 15 13 16 13 13 14 15 14 14 14 16 15 17 15 18 15 15 16 17 16 16 16 18 17 19 17 20 17 17 18 19 18 18 18 20 19 21 19 22 19 19 20 21 20 20 20 22 21 23 21 24 21 21 22 23 22 22 22 24 23 25 23 26 23 23 24 25 24 24 24 26 25 27 25 28 25 25 26 27 26 26 26 28 27 29 27 30 27 27 28 29 28 28 28 30 29 31 29 32 29 29 30 31 30 30 30 32 31 33 31 34 31 31 32 33 32 32 32 34 33 35 33 36 33 33 34 35 34 34 34 36 35 37 35 38 35 35 36 37 36 36 36 38 37 39 37 40 37 37 38 39 38 38 38 40 39 41 39 42 39 39 40 41 40 40 40 41 41 43 41 42 41 42 42 43 42 44 42 43 43 45 43 44 43 44 44 45 44 46 44 45 45 47 45 46 45 46 46 47 46 48 46 47 47 49 47 48 47 48 48 49 48 50 48 49 49 51 49 50 49 50 50 51 50 52 50 51 51 53 51 52 51 52 52 53 52 54 52 53 53 55 53 54 53 54 54 55 54 56 54 55 55 57 55 56 55 56 56 57 56 58 56 57 57 59 57 58 57 58 58 59 58 60 58 60 59 61 59 62 59 59 60 61 60 60 60 62 61 63 61 64 61 61 62 63 62 62 62 64 63 65 63 66 63 63 64 65 64 64 64 66 65 67 65 68 65 65 66 67 66 66 66 68 67 69 67 70 67 67 68 69 68 68 68 70 69 71 69 72 69 69 70 71 70 70 70 72 71 73 71 74 71 71 72 73 72 72 72 74 73 75 73 76 73 73 74 75 74 74 74 76 75 77 75 78 75 75 76 77 76 76 76 78 77 79 77 80 77 77 78 79 78 78 78 80 79 81 79 82 79 79 80 81 80 80 80 82 81 83 81 84 81 81 82 83 82 82 82 84 83 85 83 86 83 83 84 85 84 84 84 86 85 87 85 88 85 85 86 87 86 86 86 88 87 89 87 90 87 87 88 89 88 88 88 90 89 91 89 92 89 89 90 91 90 90 90 91 91 93 91 92 91 92 92 93 92 94 92 93 93 95 93 94 93 94 94 95 94 96 94 95 95 97 95 96 95 96 96 97 96 98 96 97 97 99 97 98 97 98 98 99 98 100 98 99 99 101 99 100 99 100 100 101 100 102 100 101 101 103 101 102 101 102 102 103 102 104 102 103 103 105 103 104 103 104 104 105 104 106 104 105 105 107 105 106 105 106 106 107 106 108 106 107 107 109 107 108 107 108 108 109 108 110 108 109 109 111 109 110 109 110 110 111 110 112 110 111 111 113 111 112 111 112 112 113 112 114 112 113 113 115 113 114 113 114 114 115 114 116 114 115 115 117 115 116 115 116 116 117 116 118 116 117 117 119 117 118 117 118 118 119 118 120 118 119 119 121 119 120 119 120 120 121 120 122 120 121 121 123 121 122 121 122 122 123 122 124 122 123 123 125 123 124 123 124 124 125 124 126 124 125 125 127 125 126 125 126 126 127 126 128 126 127 127 129 127 128 127 128 128 130 128 131 128 131 129 130 129 132 129 129 130 130 130 128 130 132 131 133 131 134 131 130 132 133 132 132 132 134 133 135 133 136 133 133 134 135 134 134 134 136 135 137 135 138 135 135 136 137 136 136 136 138 137 139 137 140 137 137 138 139 138 138 138 140 139 141 139 142 139 139 140 141 140 140 140 141 141 143 141 142 141 142 142 143 142 144 142 144 143 145 143 146 143 143 144 145 144 144 144 145 145 147 145 146 145 146 146 147 146 148 146 147 147 149 147 148 147 148 148 149 148 150 148 149 149 151 149 150 149 150 150 151 150 152 150 151 151 153 151 152 151 152 152 153 152 154 152 153 153 155 153 154 153 154 154 155 154 156 154 155 155 157 155 156 155 156 156 157 156 158 156 157 157 159 157 158 157 158 158 159 158 160 158 159 159 161 159 160 159 161 160 162 160 160 160 160 161 162 161 163 161 163 162 162 162 164 162 162 163 165 163 164 163 164 164 165 164 166 164 165 165 167 165 166 165 166 166 167 166 168 166 167 167 169 167 168 167 168 168 169 168 170 168 169 169 171 169 170 169 171 170 172 170 170 170 170 171 172 171 173 171 173 172 172 172 174 172 172 173 175 173 174 173 175 174 176 174 174 174 174 175 176 175 177 175 177 176 176 176 178 176 176 177 179 177 178 177 178 178 179 178 180 178 179 179 181 179 180 179 181 180 182 180 180 180 180 181 182 181 183 181 184 182 185 182 186 182 182 183 185 183 183 183 183 184 185 184 184 184 186 185 187 185 188 185 185 186 187 186 186 186 188 187 189 187 190 187 187 188 189 188 188 188 189 189 191 189 190 189 190 190 192 190 193 190 193 191 192 191 194 191 191 192 192 192 190 192 192 193 195 193 194 193 194 194 196 194 197 194 197 195 196 195 198 195 195 196 196 196 194 196 196 197 199 197 198 197 198 198 199 198 200 198 200 199 201 199 202 199 199 200 201 200 200 200 202 201 203 201 204 201 201 202 203 202 202 202 203 203 205 203 204 203 204 204 206 204 207 204 207 205 206 205 208 205 205 206 206 206 204 206 208 207 209 207 210 207 206 208 209 208 208 208 210 209 211 209 212 209 209 210 211 210 210 210 211 211 213 211 212 211 212 212 1 212 0 212 213 213 1 213 212 213 214 214 215 214 216 214 216 215 217 215 218 215 215 216 217 216 216 216 218 217 219 217 220 217 217 218 219 218 218 218 220 219 221 219 222 219 219 220 221 220 220 220 222 221 223 221 224 221 221 222 223 222 222 222 224 223 225 223 226 223 223 224 225 224 224 224 226 225 227 225 228 225 225 226 227 226 226 226 228 227 229 227 230 227 227 228 229 228 228 228 230 229 231 229 232 229 229 230 231 230 230 230 232 231 233 231 234 231 231 232 233 232 232 232 234 233 235 233 236 233 233 234 235 234 234 234 236 235 237 235 238 235 235 236 237 236 236 236 238 237 239 237 240 237 237 238 239 238 238 238 240 239 241 239 242 239 239 240 241 240 240 240 242 241 243 241 244 241 241 242 243 242 242 242 244 243 245 243 246 243 243 244 245 244 244 244 246 245 247 245 248 245 245 246 247 246 246 246 248 247 249 247 250 247 247 248 249 248 248 248 250 249 251 249 252 249 249 250 251 250 250 250 252 251 253 251 254 251 251 252 253 252 252 252 254 253 255 253 256 253 253 254 255 254 254 254 255 255 257 255 256 255 256 256 257 256 258 256 257 257 259 257 258 257 258 258 259 258 260 258 259 259 261 259 260 259 260 260 261 260 262 260 261 261 263 261 262 261 262 262 263 262 264 262 263 263 265 263 264 263 264 264 265 264 266 264 265 265 267 265 266 265 266 266 267 266 268 266 267 267 269 267 268 267 268 268 269 268 270 268 269 269 271 269 270 269 270 270 271 270 272 270 271 271 273 271 272 271 272 272 273 272 274 272 274 273 275 273 276 273 273 274 275 274 274 274 276 275 277 275 278 275 275 276 277 276 276 276 278 277 279 277 280 277 277 278 279 278 278 278 280 279 281 279 282 279 279 280 281 280 280 280 282 281 283 281 284 281 281 282 283 282 282 282 284 283 285 283 286 283 283 284 285 284 284 284 286 285 287 285 288 285 285 286 287 286 286 286 288 287 289 287 290 287 287 288 289 288 288 288 290 289 291 289 292 289 289 290 291 290 290 290 292 291 293 291 294 291 291 292 293 292 292 292 294 293 295 293 296 293 293 294 295 294 294 294 296 295 297 295 298 295 295 296 297 296 296 296 298 297 299 297 300 297 297 298 299 298 298 298 300 299 301 299 302 299 299 300 301 300 300 300 302 301 303 301 304 301 301 302 303 302 302 302 304 303 305 303 306 303 303 304 305 304 304 304 305 305 307 305 306 305 306 306 307 306 308 306 307 307 309 307 308 307 308 308 309 308 310 308 309 309 311 309 310 309 310 310 311 310 312 310 311 311 313 311 312 311 312 312 313 312 314 312 313 313 315 313 314 313 314 314 315 314 316 314 315 315 317 315 316 315 316 316 317 316 318 316 317 317 319 317 318 317 318 318 319 318 320 318 319 319 321 319 320 319 320 320 321 320 322 320 321 321 323 321 322 321 322 322 323 322 324 322 323 323 325 323 324 323 324 324 325 324 326 324 325 325 327 325 326 325 326 326 327 326 328 326 327 327 329 327 328 327 328 328 329 328 330 328 329 329 331 329 330 329 330 330 331 330 332 330 331 331 333 331 332 331 332 332 333 332 334 332 333 333 335 333 334 333 334 334 335 334 336 334 335 335 337 335 336 335 336 336 337 336 338 336 337 337 339 337 338 337 339 338 340 338 338 338 338 339 340 339 341 339 341 340 340 340 342 340 340 341 343 341 342 341 342 342 344 342 345 342 345 343 344 343 346 343 343 344 344 344 342 344 346 345 347 345 348 345 344 346 347 346 346 346 348 347 349 347 350 347 347 348 349 348 348 348 350 349 351 349 352 349 349 350 351 350 350 350 352 351 353 351 354 351 351 352 353 352 352 352 354 353 355 353 356 353 353 354 355 354 354 354 355 355 357 355 356 355 356 356 357 356 358 356 358 357 359 357 360 357 357 358 359 358 358 358 359 359 361 359 360 359 360 360 361 360 362 360 361 361 363 361 362 361 362 362 363 362 364 362 363 363 365 363 364 363 364 364 365 364 366 364 365 365 367 365 366 365 366 366 367 366 368 366 367 367 369 367 368 367 368 368 369 368 370 368 369 369 371 369 370 369 370 370 371 370 372 370 371 371 373 371 372 371 372 372 373 372 374 372 373 373 375 373 374 373 375 374 376 374 374 374 374 375 376 375 377 375 377 376 376 376 378 376 376 377 379 377 378 377 379 378 380 378 378 378 378 379 380 379 381 379 380 380 382 380 381 380 381 381 382 381 383 381 383 382 382 382 384 382 382 383 385 383 384 383 385 384 386 384 384 384 384 385 386 385 387 385 386 386 388 386 387 386 387 387 388 387 389 387 388 388 390 388 389 388 389 389 390 389 391 389 391 390 390 390 392 390 390 391 393 391 392 391 392 392 393 392 394 392 393 393 395 393 394 393 395 394 396 394 394 394 394 395 396 395 397 395 398 396 399 396 400 396 396 397 399 397 397 397 397 398 399 398 398 398 400 399 401 399 402 399 399 400 401 400 400 400 402 401 403 401 404 401 401 402 403 402 402 402 403 403 405 403 404 403 404 404 406 404 407 404 407 405 406 405 408 405 405 406 406 406 404 406 406 407 409 407 408 407 408 408 410 408 411 408 411 409 410 409 412 409 409 410 410 410 408 410 410 411 413 411 412 411 412 412 413 412 414 412 414 413 415 413 416 413 413 414 415 414 414 414 415 415 417 415 416 415 416 416 418 416 419 416 417 417 418 417 416 417 419 418 420 418 421 418 421 419 420 419 422 419 418 420 420 420 419 420 422 421 423 421 424 421 420 422 423 422 422 422 424 423 425 423 426 423 423 424 425 424 424 424 425 425 427 425 426 425 426 426 215 426 214 426 427 427 215 427 426 427 428 428 429 428 430 428 430 429 431 429 432 429 429 430 431 430 430 430 432 431 433 431 434 431 431 432 433 432 432 432 434 433 435 433 436 433 433 434 435 434 434 434 436 435 437 435 438 435 435 436 437 436 436 436 438 437 439 437 440 437 437 438 439 438 438 438 440 439 441 439 442 439 439 440 441 440 440 440 442 441 443 441 444 441 441 442 443 442 442 442 444 443 445 443 446 443 443 444 445 444 444 444 446 445 447 445 448 445 445 446 447 446 446 446 448 447 449 447 450 447 447 448 449 448 448 448 450 449 451 449 452 449 449 450 451 450 450 450 452 451 453 451 454 451 451 452 453 452 452 452 454 453 455 453 456 453 453 454 455 454 454 454 456 455 457 455 458 455 455 456 457 456 456 456 458 457 459 457 460 457 457 458 459 458 458 458 460 459 461 459 462 459 459 460 461 460 460 460 462 461 463 461 464 461 461 462 463 462 462 462 464 463 465 463 466 463 463 464 465 464 464 464 466 465 467 465 468 465 465 466 467 466 466 466 468 467 469 467 470 467 467 468 469 468 468 468 469 469 471 469 470 469 470 470 471 470 472 470 471 471 473 471 472 471 472 472 473 472 474 472 473 473 475 473 474 473 474 474 475 474 476 474 475 475 477 475 476 475 476 476 477 476 478 476 477 477 479 477 478 477 478 478 479 478 480 478 479 479 481 479 480 479 480 480 481 480 482 480 481 481 483 481 482 481 482 482 483 482 484 482 483 483 485 483 484 483 484 484 485 484 486 484 485 485 487 485 486 485 486 486 487 486 488 486 488 487 489 487 490 487 487 488 489 488 488 488 490 489 491 489 492 489 489 490 491 490 490 490 492 491 493 491 494 491 491 492 493 492 492 492 494 493 495 493 496 493 493 494 495 494 494 494 496 495 497 495 498 495 495 496 497 496 496 496 498 497 499 497 500 497 497 498 499 498 498 498 500 499 501 499 502 499 499 500 501 500 500 500 502 501 503 501 504 501 501 502 503 502 502 502 504 503 505 503 506 503 503 504 505 504 504 504 506 505 507 505 508 505 505 506 507 506 506 506 508 507 509 507 510 507 507 508 509 508 508 508 510 509 511 509 512 509 509 510 511 510 510 510 512 511 513 511 514 511 511 512 513 512 512 512 514 513 515 513 516 513 513 514 515 514 514 514 516 515 517 515 518 515 515 516 517 516 516 516 518 517 519 517 520 517 517 518 519 518 518 518 519 519 521 519 520 519 520 520 521 520 522 520 521 521 523 521 522 521 522 522 523 522 524 522 523 523 525 523 524 523 524 524 525 524 526 524 525 525 527 525 526 525 526 526 527 526 528 526 527 527 529 527 528 527 528 528 529 528 530 528 529 529 531 529 530 529 530 530 531 530 532 530 531 531 533 531 532 531 532 532 533 532 534 532 533 533 535 533 534 533 534 534 535 534 536 534 535 535 537 535 536 535 536 536 537 536 538 536 537 537 539 537 538 537 538 538 539 538 540 538 539 539 541 539 540 539 540 540 541 540 542 540 541 541 543 541 542 541 542 542 543 542 544 542 543 543 545 543 544 543 544 544 545 544 546 544 545 545 547 545 546 545 546 546 547 546 548 546 547 547 549 547 548 547 548 548 549 548 550 548 549 549 551 549 550 549 550 550 551 550 552 550 551 551 553 551 552 551 552 552 553 552 554 552 553 553 555 553 554 553 554 554 555 554 556 554 555 555 557 555 556 555 556 556 558 556 559 556 559 557 558 557 560 557 557 558 558 558 556 558 560 559 561 559 562 559 558 560 561 560 560 560 562 561 563 561 564 561 561 562 563 562 562 562 564 563 565 563 566 563 563 564 565 564 564 564 566 565 567 565 568 565 565 566 567 566 566 566 568 567 569 567 570 567 567 568 569 568 568 568 569 569 571 569 570 569 570 570 571 570 572 570 572 571 573 571 574 571 571 572 573 572 572 572 573 573 575 573 574 573 574 574 575 574 576 574 575 575 577 575 576 575 576 576 577 576 578 576 577 577 579 577 578 577 578 578 579 578 580 578 579 579 581 579 580 579 580 580 581 580 582 580 581 581 583 581 582 581 582 582 583 582 584 582 583 583 585 583 584 583 584 584 585 584 586 584 585 585 587 585 586 585 586 586 587 586 588 586 587 587 589 587 588 587 589 588 590 588 588 588 588 589 590 589 591 589 591 590 590 590 592 590 590 591 593 591 592 591 592 592 593 592 594 592 593 593 595 593 594 593 594 594 595 594 596 594 595 595 597 595 596 595 596 596 597 596 598 596 597 597 599 597 598 597 599 598 600 598 598 598 598 599 600 599 601 599 601 600 600 600 602 600 600 601 603 601 602 601 603 602 604 602 602 602 602 603 604 603 605 603 605 604 604 604 606 604 604 605 607 605 606 605 606 606 607 606 608 606 607 607 609 607 608 607 609 608 610 608 608 608 608 609 610 609 611 609 612 610 613 610 614 610 610 611 613 611 611 611 611 612 613 612 612 612 614 613 615 613 616 613 613 614 615 614 614 614 616 615 617 615 618 615 615 616 617 616 616 616 617 617 619 617 618 617 618 618 620 618 621 618 621 619 620 619 622 619 619 620 620 620 618 620 620 621 623 621 622 621 622 622 624 622 625 622 625 623 624 623 626 623 623 624 624 624 622 624 624 625 627 625 626 625 626 626 627 626 628 626 628 627 629 627 630 627 627 628 629 628 628 628 630 629 631 629 632 629 629 630 631 630 630 630 631 631 633 631 632 631 632 632 634 632 635 632 635 633 634 633 636 633 633 634 634 634 632 634 636 635 637 635 638 635 634 636 637 636 636 636 638 637 639 637 640 637 637 638 639 638 638 638 639 639 641 639 640 639 640 640 429 640 428 640 641 641 429 641 640 641 642 642 643 642 644 642 644 643 645 643 646 643 643 644 645 644 644 644 646 645 647 645 648 645 645 646 647 646 646 646 648 647 649 647 650 647 647 648 649 648 648 648 650 649 651 649 652 649 649 650 651 650 650 650 652 651 653 651 654 651 651 652 653 652 652 652 654 653 655 653 656 653 653 654 655 654 654 654 656 655 657 655 658 655 655 656 657 656 656 656 658 657 659 657 660 657 657 658 659 658 658 658 660 659 661 659 662 659 659 660 661 660 660 660 662 661 663 661 664 661 661 662 663 662 662 662 664 663 665 663 666 663 663 664 665 664 664 664 666 665 667 665 668 665 665 666 667 666 666 666 668 667 669 667 670 667 667 668 669 668 668 668 670 669 671 669 672 669 669 670 671 670 670 670 672 671 673 671 674 671 671 672 673 672 672 672 674 673 675 673 676 673 673 674 675 674 674 674 676 675 677 675 678 675 675 676 677 676 676 676 678 677 679 677 680 677 677 678 679 678 678 678 680 679 681 679 682 679 679 680 681 680 680 680 682 681 683 681 684 681 681 682 683 682 682 682 683 683 685 683 684 683 684 684 685 684 686 684 685 685 687 685 686 685 686 686 687 686 688 686 687 687 689 687 688 687 688 688 689 688 690 688 689 689 691 689 690 689 690 690 691 690 692 690 691 691 693 691 692 691 692 692 693 692 694 692 693 693 695 693 694 693 694 694 695 694 696 694 695 695 697 695 696 695 696 696 697 696 698 696 697 697 699 697 698 697 698 698 699 698 700 698 699 699 701 699 700 699 700 700 701 700 702 700 702 701 703 701 704 701 701 702 703 702 702 702 704 703 705 703 706 703 703 704 705 704 704 704 706 705 707 705 708 705 705 706 707 706 706 706 708 707 709 707 710 707 707 708 709 708 708 708 710 709 711 709 712 709 709 710 711 710 710 710 712 711 713 711 714 711 711 712 713 712 712 712 714 713 715 713 716 713 713 714 715 714 714 714 716 715 717 715 718 715 715 716 717 716 716 716 718 717 719 717 720 717 717 718 719 718 718 718 720 719 721 719 722 719 719 720 721 720 720 720 722 721 723 721 724 721 721 722 723 722 722 722 724 723 725 723 726 723 723 724 725 724 724 724 726 725 727 725 728 725 725 726 727 726 726 726 728 727 729 727 730 727 727 728 729 728 728 728 730 729 731 729 732 729 729 730 731 730 730 730 732 731 733 731 734 731 731 732 733 732 732 732 733 733 735 733 734 733 734 734 735 734 736 734 735 735 737 735 736 735 736 736 737 736 738 736 737 737 739 737 738 737 738 738 739 738 740 738 739 739 741 739 740 739 740 740 741 740 742 740 741 741 743 741 742 741 742 742 743 742 744 742 743 743 745 743 744 743 744 744 745 744 746 744 745 745 747 745 746 745 746 746 747 746 748 746 747 747 749 747 748 747 748 748 749 748 750 748 749 749 751 749 750 749 750 750 751 750 752 750 751 751 753 751 752 751 752 752 753 752 754 752 753 753 755 753 754 753 754 754 755 754 756 754 755 755 757 755 756 755 756 756 757 756 758 756 757 757 759 757 758 757 758 758 759 758 760 758 759 759 761 759 760 759 760 760 761 760 762 760 761 761 763 761 762 761 762 762 763 762 764 762 763 763 765 763 764 763 764 764 765 764 766 764 765 765 767 765 766 765 766 766 767 766 768 766 767 767 769 767 768 767 768 768 769 768 770 768 769 769 771 769 770 769 770 770 772 770 773 770 773 771 772 771 774 771 771 772 772 772 770 772 774 773 775 773 776 773 772 774 775 774 774 774 776 775 777 775 778 775 775 776 777 776 776 776 778 777 779 777 780 777 777 778 779 778 778 778 780 779 781 779 782 779 779 780 781 780 780 780 782 781 783 781 784 781 781 782 783 782 782 782 783 783 785 783 784 783 784 784 785 784 786 784 786 785 787 785 788 785 785 786 787 786 786 786 787 787 789 787 788 787 788 788 789 788 790 788 789 789 791 789 790 789 790 790 791 790 792 790 791 791 793 791 792 791 792 792 793 792 794 792 793 793 795 793 794 793 794 794 795 794 796 794 795 795 797 795 796 795 796 796 797 796 798 796 797 797 799 797 798 797 798 798 799 798 800 798 799 799 801 799 800 799 800 800 801 800 802 800 801 801 803 801 802 801 803 802 804 802 802 802 802 803 804 803 805 803 805 804 804 804 806 804 804 805 807 805 806 805 806 806 807 806 808 806 807 807 809 807 808 807 808 808 809 808 810 808 809 809 811 809 810 809 810 810 811 810 812 810 811 811 813 811 812 811 813 812 814 812 812 812 812 813 814 813 815 813 815 814 814 814 816 814 814 815 817 815 816 815 817 816 818 816 816 816 816 817 818 817 819 817 819 818 818 818 820 818 818 819 821 819 820 819 820 820 821 820 822 820 821 821 823 821 822 821 823 822 824 822 822 822 822 823 824 823 825 823 826 824 827 824 828 824 824 825 827 825 825 825 825 826 827 826 826 826 828 827 829 827 830 827 827 828 829 828 828 828 830 829 831 829 832 829 829 830 831 830 830 830 831 831 833 831 832 831 832 832 834 832 835 832 835 833 834 833 836 833 833 834 834 834 832 834 834 835 837 835 836 835 836 836 838 836 839 836 839 837 838 837 840 837 837 838 838 838 836 838 838 839 841 839 840 839 840 840 841 840 842 840 842 841 843 841 844 841 841 842 843 842 842 842 844 843 845 843 846 843 843 844 845 844 844 844 845 845 847 845 846 845 846 846 848 846 849 846 849 847 848 847 850 847 847 848 848 848 846 848 850 849 851 849 852 849 848 850 851 850 850 850 852 851 853 851 854 851 851 852 853 852 852 852 853 853 855 853 854 853 854 854 643 854 642 854 855 855 643 855 854 855 856 856 857 856 858 856 858 857 857 857 859 857 859 858 857 858 860 858 861 859 862 859 863 859 864 860 862 860 861 860 863 861 862 861 865 861 866 862 862 862 867 862 867 863 862 863 864 863 865 864 862 864 856 864 868 865 869 865 870 865 871 866 872 866 873 866 874 867 869 867 875 867 870 868 869 868 874 868 857 869 876 869 860 869 877 870 878 870 879 870 879 871 878 871 866 871 862 872 878 872 856 872 866 873 878 873 862 873 880 874 881 874 882 874 875 875 881 875 880 875 869 876 881 876 875 876 876 877 883 877 860 877 860 878 883 878 868 878 884 879 885 879 886 879 886 880 885 880 877 880 856 881 885 881 857 881 857 882 885 882 876 882 877 883 885 883 878 883 878 884 885 884 856 884 882 885 887 885 888 885 881 886 887 886 882 886 889 887 890 887 891 887 868 888 892 888 869 888 883 889 892 889 868 889 893 890 894 890 895 890 895 891 894 891 884 891 885 892 894 892 876 892 884 893 894 893 885 893 887 894 896 894 888 894 897 895 896 895 898 895 888 896 896 896 897 896 892 897 899 897 869 897 869 898 899 898 881 898 900 899 901 899 902 899 902 900 901 900 893 900 894 901 901 901 876 901 893 902 901 902 894 902 876 903 901 903 883 903 896 904 903 904 898 904 904 905 903 905 905 905 898 906 903 906 904 906 899 907 906 907 881 907 887 908 906 908 896 908 881 909 906 909 887 909 907 910 908 910 900 910 901 911 908 911 883 911 883 912 908 912 892 912 900 913 908 913 901 913 909 914 908 914 907 914 905 915 910 915 911 915 903 916 910 916 905 916 906 917 912 917 896 917 909 918 913 918 908 918 908 919 913 919 892 919 892 920 913 920 899 920 914 921 913 921 915 921 915 922 913 922 909 922 910 923 916 923 911 923 917 924 916 924 918 924 911 925 916 925 917 925 896 926 919 926 903 926 903 927 919 927 910 927 912 928 919 928 896 928 899 929 920 929 906 929 914 930 920 930 913 930 913 931 920 931 899 931 921 932 920 932 922 932 922 933 920 933 914 933 923 934 924 934 925 934 918 935 924 935 923 935 916 936 924 936 918 936 919 937 926 937 910 937 921 938 927 938 920 938 906 939 927 939 912 939 920 940 927 940 906 940 928 941 927 941 929 941 929 942 927 942 921 942 925 943 930 943 931 943 924 944 930 944 925 944 916 945 932 945 924 945 926 946 932 946 910 946 910 947 932 947 916 947 928 948 933 948 927 948 912 949 933 949 919 949 927 950 933 950 912 950 934 951 933 951 935 951 935 952 933 952 928 952 930 953 936 953 931 953 937 954 936 954 938 954 931 955 936 955 937 955 932 956 939 956 924 956 919 957 940 957 926 957 934 958 940 958 933 958 941 959 940 959 942 959 942 960 940 960 934 960 933 961 940 961 919 961 943 962 944 962 945 962 938 963 944 963 943 963 936 964 944 964 938 964 939 965 946 965 924 965 924 966 946 966 930 966 940 967 947 967 926 967 926 968 947 968 932 968 948 969 947 969 949 969 949 970 947 970 941 970 941 971 947 971 940 971 945 972 950 972 951 972 944 973 950 973 945 973 946 974 952 974 930 974 930 975 952 975 936 975 948 976 953 976 947 976 947 977 953 977 932 977 932 978 953 978 939 978 954 979 953 979 955 979 955 980 953 980 948 980 956 981 957 981 958 981 951 982 957 982 956 982 950 983 957 983 951 983 952 984 959 984 936 984 944 985 959 985 950 985 936 986 959 986 944 986 953 987 960 987 939 987 939 988 960 988 946 988 954 989 960 989 953 989 961 990 960 990 962 990 962 991 960 991 954 991 957 992 963 992 958 992 964 993 963 993 965 993 958 994 963 994 964 994 950 995 966 995 957 995 959 996 966 996 950 996 946 997 967 997 952 997 961 998 967 998 960 998 960 999 967 999 946 999 968 1000 967 1000 969 1000 969 1001 967 1001 961 1001 970 1002 971 1002 972 1002 965 1003 971 1003 970 1003 963 1004 971 1004 965 1004 966 1005 973 1005 957 1005 952 1006 974 1006 959 1006 967 1007 974 1007 952 1007 968 1008 974 1008 967 1008 975 1009 974 1009 976 1009 976 1010 974 1010 968 1010 971 1011 977 1011 972 1011 972 1012 977 1012 978 1012 957 1013 979 1013 963 1013 973 1014 979 1014 957 1014 966 1015 980 1015 973 1015 959 1016 980 1016 966 1016 975 1017 980 1017 974 1017 974 1018 980 1018 959 1018 981 1019 980 1019 982 1019 982 1020 980 1020 975 1020 977 1021 983 1021 978 1021 984 1022 983 1022 985 1022 978 1023 983 1023 984 1023 963 1024 986 1024 971 1024 979 1025 986 1025 963 1025 981 1026 987 1026 980 1026 988 1027 987 1027 989 1027 989 1028 987 1028 981 1028 980 1029 987 1029 973 1029 983 1030 990 1030 985 1030 991 1031 990 1031 992 1031 985 1032 990 1032 991 1032 971 1033 993 1033 977 1033 986 1034 993 1034 971 1034 987 1035 994 1035 973 1035 973 1036 994 1036 979 1036 995 1037 994 1037 996 1037 996 1038 994 1038 988 1038 988 1039 994 1039 987 1039 992 1040 997 1040 998 1040 990 1041 997 1041 992 1041 977 1042 999 1042 983 1042 993 1043 999 1043 977 1043 979 1044 1000 1044 986 1044 1001 1045 1000 1045 1002 1045 1002 1046 1000 1046 995 1046 994 1047 1000 1047 979 1047 995 1048 1000 1048 994 1048 986 1049 1000 1049 993 1049 1003 1050 1004 1050 1005 1050 998 1051 1004 1051 1003 1051 997 1052 1004 1052 998 1052 999 1053 1006 1053 983 1053 983 1054 1006 1054 990 1054 1007 1055 1008 1055 1009 1055 1001 1056 1008 1056 1000 1056 1009 1057 1008 1057 1001 1057 1000 1058 1008 1058 993 1058 1004 1059 1010 1059 1005 1059 1011 1060 1010 1060 1012 1060 1005 1061 1010 1061 1011 1061 990 1062 1013 1062 997 1062 1006 1063 1013 1063 990 1063 1008 1064 1014 1064 993 1064 993 1065 1014 1065 999 1065 1015 1066 1014 1066 1016 1066 1016 1067 1014 1067 1007 1067 1007 1068 1014 1068 1008 1068 1012 1069 1017 1069 1018 1069 1010 1070 1017 1070 1012 1070 1013 1071 1019 1071 997 1071 997 1072 1019 1072 1004 1072 1015 1073 1020 1073 1014 1073 1021 1074 1020 1074 1022 1074 1022 1075 1020 1075 1015 1075 1014 1076 1020 1076 999 1076 999 1077 1020 1077 1006 1077 1017 1078 1023 1078 1018 1078 1024 1079 1023 1079 1025 1079 1018 1080 1023 1080 1024 1080 1019 1081 1026 1081 1004 1081 1004 1082 1026 1082 1010 1082 1006 1083 1027 1083 1013 1083 1021 1084 1027 1084 1020 1084 1028 1085 1027 1085 1029 1085 1029 1086 1027 1086 1021 1086 1020 1087 1027 1087 1006 1087 1023 1088 1030 1088 1025 1088 1031 1089 1030 1089 1032 1089 1025 1090 1030 1090 1031 1090 1026 1091 1033 1091 1010 1091 1010 1092 1033 1092 1017 1092 1028 1093 1034 1093 1027 1093 1035 1094 1034 1094 1036 1094 1036 1095 1034 1095 1028 1095 1027 1096 1034 1096 1013 1096 1013 1097 1034 1097 1019 1097 1030 1098 1037 1098 1032 1098 1038 1099 1037 1099 1039 1099 1032 1100 1037 1100 1038 1100 1017 1101 1040 1101 1023 1101 1033 1102 1040 1102 1017 1102 1035 1103 1041 1103 1034 1103 1034 1104 1041 1104 1019 1104 1042 1105 1041 1105 1043 1105 1043 1106 1041 1106 1035 1106 1019 1107 1041 1107 1026 1107 1037 1108 1044 1108 1039 1108 1039 1109 1044 1109 1045 1109 1023 1110 1046 1110 1030 1110 1040 1111 1046 1111 1023 1111 1042 1112 1047 1112 1041 1112 1041 1113 1047 1113 1026 1113 1048 1114 1047 1114 1049 1114 1049 1115 1047 1115 1042 1115 1026 1116 1047 1116 1033 1116 1044 1117 1050 1117 1045 1117 1051 1118 1050 1118 1052 1118 1045 1119 1050 1119 1051 1119 1030 1120 1053 1120 1037 1120 1046 1121 1053 1121 1030 1121 1047 1122 1054 1122 1033 1122 1033 1123 1054 1123 1040 1123 1055 1124 1054 1124 1056 1124 1048 1125 1054 1125 1047 1125 1056 1126 1054 1126 1048 1126 1057 1127 1058 1127 1059 1127 1052 1128 1058 1128 1057 1128 1050 1129 1058 1129 1052 1129 1037 1130 1060 1130 1044 1130 1053 1131 1060 1131 1037 1131 1040 1132 1061 1132 1046 1132 1046 1133 1061 1133 1053 1133 1062 1134 1061 1134 1063 1134 1063 1135 1061 1135 1055 1135 1054 1136 1061 1136 1040 1136 1055 1137 1061 1137 1054 1137 1059 1138 1064 1138 1065 1138 1058 1139 1064 1139 1059 1139 1060 1140 1066 1140 1044 1140 1044 1141 1066 1141 1050 1141 1050 1142 1066 1142 1058 1142 1067 1143 1068 1143 1069 1143 1069 1144 1068 1144 1062 1144 1062 1145 1068 1145 1061 1145 1061 1146 1068 1146 1053 1146 1070 1147 1071 1147 1072 1147 1065 1148 1071 1148 1070 1148 1064 1149 1071 1149 1065 1149 1066 1150 1073 1150 1058 1150 1067 1151 1074 1151 1068 1151 1075 1152 1074 1152 1076 1152 1076 1153 1074 1153 1067 1153 1053 1154 1074 1154 1060 1154 1068 1155 1074 1155 1053 1155 1077 1156 1078 1156 1079 1156 1072 1157 1078 1157 1077 1157 1071 1158 1078 1158 1072 1158 1058 1159 1080 1159 1064 1159 1073 1160 1080 1160 1058 1160 1060 1161 1081 1161 1066 1161 1074 1162 1081 1162 1060 1162 1082 1163 1081 1163 1083 1163 1083 1164 1081 1164 1075 1164 1075 1165 1081 1165 1074 1165 1079 1166 1084 1166 1085 1166 1078 1167 1084 1167 1079 1167 1064 1168 1086 1168 1071 1168 1080 1169 1086 1169 1064 1169 1087 1170 1088 1170 1089 1170 1089 1171 1088 1171 1082 1171 1081 1172 1088 1172 1066 1172 1066 1173 1088 1173 1073 1173 1082 1174 1088 1174 1081 1174 1090 1175 1091 1175 1092 1175 1085 1176 1091 1176 1090 1176 1084 1177 1091 1177 1085 1177 1071 1178 1093 1178 1078 1178 1086 1179 1093 1179 1071 1179 1080 1180 1094 1180 1086 1180 1088 1181 1094 1181 1073 1181 1095 1182 1094 1182 1096 1182 1096 1183 1094 1183 1087 1183 1087 1184 1094 1184 1088 1184 1073 1185 1094 1185 1080 1185 1097 1186 1098 1186 1099 1186 1092 1187 1098 1187 1097 1187 1091 1188 1098 1188 1092 1188 1093 1189 1100 1189 1078 1189 1078 1190 1100 1190 1084 1190 1095 1191 1101 1191 1094 1191 1102 1192 1101 1192 1103 1192 1103 1193 1101 1193 1095 1193 1094 1194 1101 1194 1086 1194 1104 1195 1105 1195 1106 1195 1099 1196 1105 1196 1104 1196 1098 1197 1105 1197 1099 1197 1084 1198 1107 1198 1091 1198 1100 1199 1107 1199 1084 1199 1101 1200 1108 1200 1086 1200 1086 1201 1108 1201 1093 1201 1102 1202 1108 1202 1101 1202 1109 1203 1108 1203 1110 1203 1110 1204 1108 1204 1102 1204 1106 1205 1111 1205 1112 1205 1105 1206 1111 1206 1106 1206 1107 1207 1113 1207 1091 1207 1091 1208 1113 1208 1098 1208 1093 1209 1114 1209 1100 1209 1108 1210 1114 1210 1093 1210 1109 1211 1114 1211 1108 1211 1115 1212 1114 1212 1116 1212 1116 1213 1114 1213 1109 1213 1117 1214 1118 1214 1119 1214 1112 1215 1118 1215 1117 1215 1111 1216 1118 1216 1112 1216 1098 1217 1120 1217 1105 1217 1113 1218 1120 1218 1098 1218 1114 1219 1121 1219 1100 1219 1122 1220 1121 1220 1123 1220 1123 1221 1121 1221 1115 1221 1100 1222 1121 1222 1107 1222 1115 1223 1121 1223 1114 1223 1124 1224 1125 1224 1126 1224 1119 1225 1125 1225 1124 1225 1118 1226 1125 1226 1119 1226 1105 1227 1127 1227 1111 1227 1120 1228 1127 1228 1105 1228 1128 1229 1129 1229 1130 1229 1130 1230 1129 1230 1122 1230 1122 1231 1129 1231 1121 1231 1113 1232 1129 1232 1120 1232 1121 1233 1129 1233 1107 1233 1107 1234 1129 1234 1113 1234 1126 1235 1131 1235 1132 1235 1125 1236 1131 1236 1126 1236 1111 1237 1133 1237 1118 1237 1127 1238 1133 1238 1111 1238 1129 1239 1134 1239 1120 1239 1135 1240 1134 1240 1136 1240 1136 1241 1134 1241 1128 1241 1128 1242 1134 1242 1129 1242 1137 1243 1138 1243 1139 1243 1132 1244 1138 1244 1137 1244 1131 1245 1138 1245 1132 1245 1118 1246 1140 1246 1125 1246 1133 1247 1140 1247 1118 1247 1141 1248 1142 1248 1143 1248 1143 1249 1142 1249 1135 1249 1120 1250 1142 1250 1127 1250 1135 1251 1142 1251 1134 1251 1134 1252 1142 1252 1120 1252 1144 1253 1145 1253 1146 1253 1139 1254 1145 1254 1144 1254 1138 1255 1145 1255 1139 1255 1140 1256 1147 1256 1125 1256 1125 1257 1147 1257 1131 1257 1148 1258 1149 1258 1150 1258 1150 1259 1149 1259 1141 1259 1141 1260 1149 1260 1142 1260 1127 1261 1149 1261 1133 1261 1142 1262 1149 1262 1127 1262 1146 1263 1151 1263 1152 1263 1145 1264 1151 1264 1146 1264 1131 1265 1153 1265 1138 1265 1147 1266 1153 1266 1131 1266 1154 1267 1155 1267 1156 1267 1156 1268 1155 1268 1148 1268 1148 1269 1155 1269 1149 1269 1133 1270 1155 1270 1140 1270 1149 1271 1155 1271 1133 1271 1157 1272 1158 1272 1159 1272 1152 1273 1158 1273 1157 1273 1159 1274 1158 1274 872 1274 1151 1275 1158 1275 1152 1275 1138 1276 1160 1276 1145 1276 1153 1277 1160 1277 1138 1277 1155 1278 1161 1278 1140 1278 1147 1279 1161 1279 1153 1279 1162 1280 1161 1280 1163 1280 1163 1281 1161 1281 1154 1281 1154 1282 1161 1282 1155 1282 1140 1283 1161 1283 1147 1283 1160 1284 1164 1284 1145 1284 1145 1285 1164 1285 1151 1285 1162 1286 1165 1286 1161 1286 1166 1287 1165 1287 1167 1287 1167 1288 1165 1288 1162 1288 1161 1289 1165 1289 1153 1289 1158 1290 1168 1290 872 1290 1151 1291 1168 1291 1158 1291 872 1292 1168 1292 1169 1292 1164 1293 1168 1293 1151 1293 1153 1294 1170 1294 1160 1294 1166 1295 1170 1295 1165 1295 1171 1296 1170 1296 1172 1296 1172 1297 1170 1297 1166 1297 1165 1298 1170 1298 1153 1298 1170 1299 1173 1299 1160 1299 1174 1300 1173 1300 1175 1300 1175 1301 1173 1301 1171 1301 1171 1302 1173 1302 1170 1302 1160 1303 1173 1303 1164 1303 1169 1304 1176 1304 891 1304 1174 1305 1176 1305 1173 1305 891 1306 1176 1306 1177 1306 1177 1307 1176 1307 1178 1307 1164 1308 1176 1308 1168 1308 1178 1309 1176 1309 1174 1309 1168 1310 1176 1310 1169 1310 1173 1311 1176 1311 1164 1311 1159 1312 872 1312 871 1312 1177 1313 889 1313 891 1313 1169 1314 1179 1314 872 1314 1180 1315 1179 1315 1181 1315 873 1316 1179 1316 1180 1316 872 1317 1179 1317 873 1317 1181 1318 1182 1318 1183 1318 1179 1319 1182 1319 1181 1319 1184 1320 1185 1320 1186 1320 1183 1321 1185 1321 1184 1321 1182 1322 1185 1322 1183 1322 891 1323 1187 1323 1169 1323 1169 1324 1187 1324 1179 1324 1188 1325 1189 1325 1190 1325 1186 1326 1189 1326 1188 1326 1185 1327 1189 1327 1186 1327 1187 1328 1191 1328 1179 1328 1179 1329 1191 1329 1182 1329 1190 1330 1192 1330 1193 1330 1189 1331 1192 1331 1190 1331 1182 1332 1194 1332 1185 1332 1191 1333 1194 1333 1182 1333 1195 1334 1196 1334 1197 1334 1197 1335 1196 1335 890 1335 890 1336 1196 1336 891 1336 891 1337 1196 1337 1187 1337 1198 1338 1199 1338 1200 1338 1193 1339 1199 1339 1198 1339 1192 1340 1199 1340 1193 1340 1194 1341 1201 1341 1185 1341 1185 1342 1201 1342 1189 1342 1196 1343 1202 1343 1187 1343 1187 1344 1202 1344 1191 1344 1203 1345 1202 1345 1204 1345 1204 1346 1202 1346 1195 1346 1195 1347 1202 1347 1196 1347 1199 1348 1205 1348 1200 1348 1206 1349 1205 1349 1207 1349 1200 1350 1205 1350 1206 1350 1201 1351 1208 1351 1189 1351 1189 1352 1208 1352 1192 1352 1209 1353 1210 1353 1211 1353 1211 1354 1210 1354 1203 1354 1203 1355 1210 1355 1202 1355 1202 1356 1210 1356 1191 1356 1191 1357 1210 1357 1194 1357 1205 1358 1212 1358 1207 1358 1207 1359 1212 1359 1213 1359 1208 1360 1214 1360 1192 1360 1192 1361 1214 1361 1199 1361 1215 1362 1216 1362 1217 1362 1217 1363 1216 1363 1209 1363 1210 1364 1216 1364 1194 1364 1194 1365 1216 1365 1201 1365 1209 1366 1216 1366 1210 1366 1218 1367 1219 1367 1220 1367 1213 1368 1219 1368 1218 1368 1212 1369 1219 1369 1213 1369 1214 1370 1221 1370 1199 1370 1199 1371 1221 1371 1205 1371 1216 1372 1222 1372 1201 1372 1223 1373 1222 1373 1224 1373 1224 1374 1222 1374 1215 1374 1201 1375 1222 1375 1208 1375 1215 1376 1222 1376 1216 1376 1219 1377 1225 1377 1220 1377 1226 1378 1225 1378 1227 1378 1220 1379 1225 1379 1226 1379 1221 1380 1228 1380 1205 1380 1205 1381 1228 1381 1212 1381 1214 1382 1229 1382 1221 1382 1230 1383 1229 1383 1231 1383 1231 1384 1229 1384 1223 1384 1208 1385 1229 1385 1214 1385 1222 1386 1229 1386 1208 1386 1223 1387 1229 1387 1222 1387 1225 1388 1232 1388 1227 1388 1233 1389 1232 1389 1234 1389 1227 1390 1232 1390 1233 1390 1228 1391 1235 1391 1212 1391 1212 1392 1235 1392 1219 1392 1236 1393 1237 1393 1238 1393 1238 1394 1237 1394 1230 1394 1229 1395 1237 1395 1221 1395 1221 1396 1237 1396 1228 1396 1230 1397 1237 1397 1229 1397 1232 1398 1239 1398 1234 1398 1234 1399 1239 1399 1240 1399 1235 1400 1241 1400 1219 1400 1219 1401 1241 1401 1225 1401 1236 1402 1242 1402 1237 1402 1237 1403 1242 1403 1228 1403 1243 1404 1242 1404 1244 1404 1244 1405 1242 1405 1236 1405 1239 1406 1245 1406 1240 1406 1246 1407 1245 1407 1247 1407 1240 1408 1245 1408 1246 1408 1241 1409 1248 1409 1225 1409 1225 1410 1248 1410 1232 1410 1243 1411 1249 1411 1242 1411 1250 1412 1249 1412 1251 1412 1251 1413 1249 1413 1243 1413 1228 1414 1249 1414 1235 1414 1242 1415 1249 1415 1228 1415 1245 1416 1252 1416 1247 1416 1253 1417 1252 1417 1254 1417 1247 1418 1252 1418 1253 1418 1248 1419 1255 1419 1232 1419 1232 1420 1255 1420 1239 1420 1235 1421 1256 1421 1241 1421 1249 1422 1256 1422 1235 1422 1257 1423 1256 1423 1258 1423 1258 1424 1256 1424 1250 1424 1250 1425 1256 1425 1249 1425 1252 1426 1259 1426 1254 1426 1254 1427 1259 1427 1260 1427 1239 1428 1261 1428 1245 1428 1255 1429 1261 1429 1239 1429 1262 1430 1263 1430 1264 1430 1264 1431 1263 1431 1257 1431 1241 1432 1263 1432 1248 1432 1257 1433 1263 1433 1256 1433 1256 1434 1263 1434 1241 1434 1259 1435 858 1435 1260 1435 1265 1436 858 1436 1266 1436 1260 1437 858 1437 1265 1437 1261 1438 863 1438 1245 1438 1245 1439 863 1439 1252 1439 1263 1440 1267 1440 1248 1440 1248 1441 1267 1441 1255 1441 1268 1442 1267 1442 1269 1442 1269 1443 1267 1443 1262 1443 1255 1444 1267 1444 1261 1444 1262 1445 1267 1445 1263 1445 858 1446 859 1446 1266 1446 1270 1447 859 1447 1271 1447 1266 1448 859 1448 1270 1448 863 1449 865 1449 1252 1449 1252 1450 865 1450 1259 1450 1267 1451 1272 1451 1261 1451 1273 1452 1272 1452 1274 1452 1274 1453 1272 1453 1268 1453 1268 1454 1272 1454 1267 1454 859 1455 860 1455 1271 1455 1271 1456 860 1456 1275 1456 865 1457 856 1457 1259 1457 1259 1458 856 1458 858 1458 864 1459 861 1459 1276 1459 1276 1460 861 1460 1273 1460 1261 1461 861 1461 863 1461 1272 1462 861 1462 1261 1462 1273 1463 861 1463 1272 1463 860 1464 868 1464 1275 1464 1277 1465 868 1465 870 1465 1275 1466 868 1466 1277 1466 871 1467 1278 1467 1159 1467 1159 1468 1279 1468 1157 1468 1278 1469 1279 1469 1159 1469 1157 1470 1280 1470 1152 1470 1279 1471 1280 1471 1157 1471 1152 1472 1281 1472 1146 1472 1280 1473 1281 1473 1152 1473 1146 1474 1282 1474 1144 1474 1281 1475 1282 1475 1146 1475 1144 1476 1283 1476 1139 1476 1282 1477 1283 1477 1144 1477 1139 1478 1284 1478 1137 1478 1283 1479 1284 1479 1139 1479 1137 1480 1285 1480 1132 1480 1284 1481 1285 1481 1137 1481 1132 1482 1286 1482 1126 1482 1285 1483 1286 1483 1132 1483 1126 1484 1287 1484 1124 1484 1286 1485 1287 1485 1126 1485 1124 1486 1288 1486 1119 1486 1287 1487 1288 1487 1124 1487 1119 1488 1289 1488 1117 1488 1288 1489 1289 1489 1119 1489 1117 1490 1290 1490 1112 1490 1289 1491 1290 1491 1117 1491 1112 1492 1291 1492 1106 1492 1290 1493 1291 1493 1112 1493 1106 1494 1292 1494 1104 1494 1291 1495 1292 1495 1106 1495 1104 1496 1293 1496 1099 1496 1292 1497 1293 1497 1104 1497 1099 1498 1294 1498 1097 1498 1293 1499 1294 1499 1099 1499 1097 1500 1295 1500 1092 1500 1294 1501 1295 1501 1097 1501 1092 1502 1296 1502 1090 1502 1295 1503 1296 1503 1092 1503 1090 1504 1297 1504 1085 1504 1296 1505 1297 1505 1090 1505 1085 1506 1298 1506 1079 1506 1297 1507 1298 1507 1085 1507 1298 1508 1299 1508 1079 1508 1079 1509 1299 1509 1077 1509 1299 1510 1300 1510 1077 1510 1077 1511 1300 1511 1072 1511 1300 1512 1301 1512 1072 1512 1072 1513 1301 1513 1070 1513 1301 1514 1302 1514 1070 1514 1070 1515 1302 1515 1065 1515 1302 1516 1303 1516 1065 1516 1065 1517 1303 1517 1059 1517 1303 1518 1304 1518 1059 1518 1059 1519 1304 1519 1057 1519 1304 1520 1305 1520 1057 1520 1057 1521 1305 1521 1052 1521 1305 1522 1306 1522 1052 1522 1052 1523 1306 1523 1051 1523 1306 1524 1307 1524 1051 1524 1051 1525 1307 1525 1045 1525 1045 1526 1308 1526 1039 1526 1307 1527 1308 1527 1045 1527 1039 1528 1309 1528 1038 1528 1308 1529 1309 1529 1039 1529 1038 1530 1310 1530 1032 1530 1309 1531 1310 1531 1038 1531 1032 1532 1311 1532 1031 1532 1310 1533 1311 1533 1032 1533 1031 1534 1312 1534 1025 1534 1311 1535 1312 1535 1031 1535 1025 1536 1313 1536 1024 1536 1312 1537 1313 1537 1025 1537 1024 1538 1314 1538 1018 1538 1313 1539 1314 1539 1024 1539 1018 1540 1315 1540 1012 1540 1314 1541 1315 1541 1018 1541 1012 1542 1316 1542 1011 1542 1315 1543 1316 1543 1012 1543 1011 1544 1317 1544 1005 1544 1316 1545 1317 1545 1011 1545 1005 1546 1318 1546 1003 1546 1317 1547 1318 1547 1005 1547 1003 1548 1319 1548 998 1548 1318 1549 1319 1549 1003 1549 998 1550 1320 1550 992 1550 1319 1551 1320 1551 998 1551 992 1552 1321 1552 991 1552 1320 1553 1321 1553 992 1553 991 1554 1322 1554 985 1554 1321 1555 1322 1555 991 1555 985 1556 1323 1556 984 1556 1322 1557 1323 1557 985 1557 1323 1558 1324 1558 984 1558 984 1559 1324 1559 978 1559 1324 1560 1325 1560 978 1560 978 1561 1325 1561 972 1561 1325 1562 1326 1562 972 1562 972 1563 1326 1563 970 1563 1326 1564 1327 1564 970 1564 970 1565 1327 1565 965 1565 1327 1566 1328 1566 965 1566 965 1567 1328 1567 964 1567 1328 1568 1329 1568 964 1568 964 1569 1329 1569 958 1569 1329 1570 1330 1570 958 1570 958 1571 1330 1571 956 1571 1330 1572 1331 1572 956 1572 956 1573 1331 1573 951 1573 1331 1574 1332 1574 951 1574 951 1575 1332 1575 945 1575 1332 1576 1333 1576 945 1576 945 1577 1333 1577 943 1577 1333 1578 1334 1578 943 1578 943 1579 1334 1579 938 1579 1334 1580 1335 1580 938 1580 938 1581 1335 1581 937 1581 1335 1582 1336 1582 937 1582 937 1583 1336 1583 931 1583 1336 1584 1337 1584 931 1584 931 1585 1337 1585 925 1585 1337 1586 1338 1586 925 1586 925 1587 1338 1587 923 1587 1338 1588 1339 1588 923 1588 923 1589 1339 1589 918 1589 1339 1590 1340 1590 918 1590 918 1591 1340 1591 917 1591 1340 1592 1341 1592 917 1592 917 1593 1341 1593 911 1593 1341 1594 1342 1594 911 1594 911 1595 1343 1595 905 1595 905 1596 1343 1596 904 1596 1342 1597 1343 1597 911 1597 904 1598 1344 1598 898 1598 1343 1599 1344 1599 904 1599 898 1600 1345 1600 897 1600 1344 1601 1345 1601 898 1601 897 1602 1346 1602 888 1602 1345 1603 1346 1603 897 1603 888 1604 1347 1604 882 1604 1346 1605 1347 1605 888 1605 882 1606 1348 1606 880 1606 1347 1607 1348 1607 882 1607 1348 1608 1349 1608 880 1608 880 1609 1349 1609 875 1609 875 1610 1350 1610 874 1610 1349 1611 1350 1611 875 1611 1350 1612 1351 1612 874 1612 874 1613 1351 1613 870 1613 1351 1614 1352 1614 870 1614 870 1615 1352 1615 1277 1615 1352 1616 1353 1616 1277 1616 1277 1617 1353 1617 1275 1617 1353 1618 1354 1618 1275 1618 1275 1619 1354 1619 1271 1619 1354 1620 1355 1620 1271 1620 1271 1621 1355 1621 1270 1621 1355 1622 1356 1622 1270 1622 1270 1623 1356 1623 1266 1623 1356 1624 1357 1624 1266 1624 1266 1625 1357 1625 1265 1625 1357 1626 1358 1626 1265 1626 1358 1627 1359 1627 1265 1627 1265 1628 1359 1628 1260 1628 1260 1629 1359 1629 1254 1629 1359 1630 1360 1630 1254 1630 1254 1631 1360 1631 1253 1631 1360 1632 1361 1632 1253 1632 1361 1633 1362 1633 1253 1633 1253 1634 1362 1634 1247 1634 1247 1635 1362 1635 1246 1635 1362 1636 1363 1636 1246 1636 1363 1637 1364 1637 1246 1637 1246 1638 1364 1638 1240 1638 1364 1639 1365 1639 1240 1639 1240 1640 1365 1640 1234 1640 1365 1641 1366 1641 1234 1641 1234 1642 1366 1642 1233 1642 1233 1643 1366 1643 1227 1643 1366 1644 1367 1644 1227 1644 1227 1645 1367 1645 1226 1645 1367 1646 1368 1646 1226 1646 1368 1647 1369 1647 1226 1647 1226 1648 1369 1648 1220 1648 1218 1649 1370 1649 1213 1649 1369 1650 1370 1650 1220 1650 1220 1651 1370 1651 1218 1651 1213 1652 1371 1652 1207 1652 1370 1653 1371 1653 1213 1653 1207 1654 1372 1654 1206 1654 1371 1655 1372 1655 1207 1655 1372 1656 1373 1656 1206 1656 1206 1657 1374 1657 1200 1657 1200 1658 1374 1658 1198 1658 1373 1659 1374 1659 1206 1659 1374 1660 1375 1660 1198 1660 1198 1661 1376 1661 1193 1661 1193 1662 1376 1662 1190 1662 1375 1663 1376 1663 1198 1663 1376 1664 1377 1664 1190 1664 1190 1665 1377 1665 1188 1665 1188 1666 1378 1666 1186 1666 1377 1667 1378 1667 1188 1667 1378 1668 1379 1668 1186 1668 1186 1669 1380 1669 1184 1669 1379 1670 1380 1670 1186 1670 1184 1671 1381 1671 1183 1671 1183 1672 1381 1672 1181 1672 1380 1673 1381 1673 1184 1673 1181 1674 1382 1674 1180 1674 1381 1675 1382 1675 1181 1675 1382 1676 1383 1676 1180 1676 1180 1677 1384 1677 873 1677 1383 1678 1384 1678 1180 1678 873 1679 1278 1679 871 1679 1384 1680 1278 1680 873 1680 1385 1681 1386 1681 1387 1681 1387 1682 1388 1682 1389 1682 1386 1683 1388 1683 1387 1683 1389 1684 1390 1684 1391 1684 1388 1685 1390 1685 1389 1685 1391 1686 1392 1686 1393 1686 1390 1687 1392 1687 1391 1687 1393 1688 1394 1688 1395 1688 1392 1689 1394 1689 1393 1689 1395 1690 1396 1690 1397 1690 1394 1691 1396 1691 1395 1691 1397 1692 1398 1692 1399 1692 1396 1693 1398 1693 1397 1693 1399 1694 1400 1694 1401 1694 1398 1695 1400 1695 1399 1695 1401 1696 1402 1696 1403 1696 1400 1697 1402 1697 1401 1697 1403 1698 1404 1698 1405 1698 1402 1699 1404 1699 1403 1699 1405 1700 1406 1700 1407 1700 1404 1701 1406 1701 1405 1701 1407 1702 1408 1702 1409 1702 1406 1703 1408 1703 1407 1703 1409 1704 1410 1704 1411 1704 1408 1705 1410 1705 1409 1705 1411 1706 1412 1706 1413 1706 1410 1707 1412 1707 1411 1707 1413 1708 1414 1708 1415 1708 1412 1709 1414 1709 1413 1709 1415 1710 1416 1710 1417 1710 1414 1711 1416 1711 1415 1711 1417 1712 1418 1712 1419 1712 1416 1713 1418 1713 1417 1713 1419 1714 1420 1714 1421 1714 1418 1715 1420 1715 1419 1715 1421 1716 1422 1716 1423 1716 1420 1717 1422 1717 1421 1717 1423 1718 1424 1718 1425 1718 1422 1719 1424 1719 1423 1719 1425 1720 1426 1720 1427 1720 1424 1721 1426 1721 1425 1721 1426 1722 1428 1722 1427 1722 1427 1723 1428 1723 1429 1723 1428 1724 1430 1724 1429 1724 1429 1725 1430 1725 1431 1725 1430 1726 1432 1726 1431 1726 1431 1727 1432 1727 1433 1727 1432 1728 1434 1728 1433 1728 1433 1729 1434 1729 1435 1729 1434 1730 1436 1730 1435 1730 1435 1731 1436 1731 1437 1731 1436 1732 1438 1732 1437 1732 1437 1733 1438 1733 1439 1733 1438 1734 1440 1734 1439 1734 1439 1735 1440 1735 1441 1735 1440 1736 1442 1736 1441 1736 1441 1737 1442 1737 1443 1737 1442 1738 1444 1738 1443 1738 1443 1739 1444 1739 1445 1739 1445 1740 1446 1740 1447 1740 1444 1741 1446 1741 1445 1741 1447 1742 1448 1742 1449 1742 1446 1743 1448 1743 1447 1743 1449 1744 1450 1744 1451 1744 1448 1745 1450 1745 1449 1745 1451 1746 1452 1746 1453 1746 1450 1747 1452 1747 1451 1747 1453 1748 1454 1748 1455 1748 1452 1749 1454 1749 1453 1749 1455 1750 1456 1750 1457 1750 1454 1751 1456 1751 1455 1751 1457 1752 1458 1752 1459 1752 1456 1753 1458 1753 1457 1753 1459 1754 1460 1754 1461 1754 1458 1755 1460 1755 1459 1755 1461 1756 1462 1756 1463 1756 1460 1757 1462 1757 1461 1757 1463 1758 1464 1758 1465 1758 1462 1759 1464 1759 1463 1759 1465 1760 1466 1760 1467 1760 1464 1761 1466 1761 1465 1761 1467 1762 1468 1762 1469 1762 1466 1763 1468 1763 1467 1763 1469 1764 1470 1764 1471 1764 1468 1765 1470 1765 1469 1765 1471 1766 1472 1766 1473 1766 1470 1767 1472 1767 1471 1767 1473 1768 1474 1768 1475 1768 1472 1769 1474 1769 1473 1769 1475 1770 1476 1770 1477 1770 1474 1771 1476 1771 1475 1771 1476 1772 1478 1772 1477 1772 1477 1773 1478 1773 1479 1773 1478 1774 1480 1774 1479 1774 1479 1775 1480 1775 1481 1775 1480 1776 1482 1776 1481 1776 1481 1777 1482 1777 1483 1777 1482 1778 1484 1778 1483 1778 1483 1779 1484 1779 1485 1779 1484 1780 1486 1780 1485 1780 1485 1781 1486 1781 1487 1781 1486 1782 1488 1782 1487 1782 1487 1783 1488 1783 1489 1783 1488 1784 1490 1784 1489 1784 1489 1785 1490 1785 1491 1785 1490 1786 1492 1786 1491 1786 1491 1787 1492 1787 1493 1787 1492 1788 1494 1788 1493 1788 1493 1789 1494 1789 1495 1789 1494 1790 1496 1790 1495 1790 1495 1791 1496 1791 1497 1791 1496 1792 1498 1792 1497 1792 1497 1793 1498 1793 1499 1793 1498 1794 1500 1794 1499 1794 1499 1795 1500 1795 1501 1795 1500 1796 1502 1796 1501 1796 1501 1797 1502 1797 1503 1797 1502 1798 1504 1798 1503 1798 1503 1799 1504 1799 1505 1799 1504 1800 1506 1800 1505 1800 1505 1801 1506 1801 1507 1801 1506 1802 1508 1802 1507 1802 1507 1803 1508 1803 1509 1803 1508 1804 1510 1804 1509 1804 1509 1805 1510 1805 1511 1805 1510 1806 1512 1806 1511 1806 1511 1807 1512 1807 1513 1807 1512 1808 1514 1808 1513 1808 1513 1809 1515 1809 1516 1809 1516 1810 1515 1810 1517 1810 1514 1811 1515 1811 1513 1811 1517 1812 1518 1812 1519 1812 1515 1813 1518 1813 1517 1813 1519 1814 1520 1814 1521 1814 1518 1815 1520 1815 1519 1815 1521 1816 1522 1816 1523 1816 1520 1817 1522 1817 1521 1817 1523 1818 1524 1818 1525 1818 1522 1819 1524 1819 1523 1819 1525 1820 1526 1820 1527 1820 1524 1821 1526 1821 1525 1821 1526 1822 1528 1822 1527 1822 1527 1823 1528 1823 1529 1823 1529 1824 1530 1824 1531 1824 1528 1825 1530 1825 1529 1825 1530 1826 1532 1826 1531 1826 1531 1827 1532 1827 1533 1827 1532 1828 1534 1828 1533 1828 1533 1829 1534 1829 1535 1829 1534 1830 1536 1830 1535 1830 1535 1831 1536 1831 1537 1831 1536 1832 1538 1832 1537 1832 1537 1833 1538 1833 1539 1833 1538 1834 1540 1834 1539 1834 1539 1835 1540 1835 1541 1835 1540 1836 1542 1836 1541 1836 1541 1837 1542 1837 1543 1837 1542 1838 1544 1838 1543 1838 1543 1839 1544 1839 1545 1839 1544 1840 1546 1840 1545 1840 1546 1841 1547 1841 1545 1841 1545 1842 1547 1842 1548 1842 1548 1843 1547 1843 1549 1843 1547 1844 1550 1844 1549 1844 1549 1845 1550 1845 1551 1845 1550 1846 1552 1846 1551 1846 1551 1847 1552 1847 1553 1847 1552 1848 1554 1848 1553 1848 1553 1849 1554 1849 1555 1849 1554 1850 1556 1850 1555 1850 1556 1851 1557 1851 1555 1851 1555 1852 1557 1852 1558 1852 1558 1853 1557 1853 1559 1853 1557 1854 1560 1854 1559 1854 1560 1855 1561 1855 1559 1855 1559 1856 1561 1856 1562 1856 1562 1857 1561 1857 1563 1857 1561 1858 1564 1858 1563 1858 1563 1859 1564 1859 1565 1859 1564 1860 1566 1860 1565 1860 1566 1861 1567 1861 1565 1861 1565 1862 1567 1862 1568 1862 1569 1863 1570 1863 1571 1863 1567 1864 1570 1864 1568 1864 1568 1865 1570 1865 1569 1865 1571 1866 1572 1866 1573 1866 1570 1867 1572 1867 1571 1867 1573 1868 1574 1868 1575 1868 1572 1869 1574 1869 1573 1869 1574 1870 1576 1870 1575 1870 1575 1871 1577 1871 1578 1871 1578 1872 1577 1872 1579 1872 1576 1873 1577 1873 1575 1873 1577 1874 1580 1874 1579 1874 1579 1875 1581 1875 1582 1875 1582 1876 1581 1876 1583 1876 1580 1877 1581 1877 1579 1877 1581 1878 1584 1878 1583 1878 1583 1879 1584 1879 1585 1879 1585 1880 1586 1880 1587 1880 1584 1881 1586 1881 1585 1881 1587 1882 1588 1882 1589 1882 1586 1883 1588 1883 1587 1883 1588 1884 1590 1884 1589 1884 1589 1885 1591 1885 1592 1885 1592 1886 1591 1886 1593 1886 1590 1887 1591 1887 1589 1887 1593 1888 1594 1888 1595 1888 1591 1889 1594 1889 1593 1889 1595 1890 1596 1890 1597 1890 1594 1891 1596 1891 1595 1891 1596 1892 1598 1892 1597 1892 1597 1893 1386 1893 1385 1893 1598 1894 1386 1894 1597 1894 1599 1895 1600 1895 1601 1895 1601 1896 1602 1896 1603 1896 1600 1897 1602 1897 1601 1897 1603 1898 1604 1898 1605 1898 1602 1899 1604 1899 1603 1899 1605 1900 1606 1900 1607 1900 1604 1901 1606 1901 1605 1901 1607 1902 1608 1902 1609 1902 1606 1903 1608 1903 1607 1903 1609 1904 1610 1904 1611 1904 1608 1905 1610 1905 1609 1905 1611 1906 1612 1906 1613 1906 1610 1907 1612 1907 1611 1907 1613 1908 1614 1908 1615 1908 1612 1909 1614 1909 1613 1909 1615 1910 1616 1910 1617 1910 1614 1911 1616 1911 1615 1911 1617 1912 1618 1912 1619 1912 1616 1913 1618 1913 1617 1913 1619 1914 1620 1914 1621 1914 1618 1915 1620 1915 1619 1915 1621 1916 1622 1916 1623 1916 1620 1917 1622 1917 1621 1917 1623 1918 1624 1918 1625 1918 1622 1919 1624 1919 1623 1919 1625 1920 1626 1920 1627 1920 1624 1921 1626 1921 1625 1921 1627 1922 1628 1922 1629 1922 1626 1923 1628 1923 1627 1923 1629 1924 1630 1924 1631 1924 1628 1925 1630 1925 1629 1925 1631 1926 1632 1926 1633 1926 1630 1927 1632 1927 1631 1927 1633 1928 1634 1928 1635 1928 1632 1929 1634 1929 1633 1929 1635 1930 1636 1930 1637 1930 1634 1931 1636 1931 1635 1931 1637 1932 1638 1932 1639 1932 1636 1933 1638 1933 1637 1933 1639 1934 1640 1934 1641 1934 1638 1935 1640 1935 1639 1935 1640 1936 1642 1936 1641 1936 1641 1937 1642 1937 1643 1937 1642 1938 1644 1938 1643 1938 1643 1939 1644 1939 1645 1939 1644 1940 1646 1940 1645 1940 1645 1941 1646 1941 1647 1941 1646 1942 1648 1942 1647 1942 1647 1943 1648 1943 1649 1943 1648 1944 1650 1944 1649 1944 1649 1945 1650 1945 1651 1945 1650 1946 1652 1946 1651 1946 1651 1947 1652 1947 1653 1947 1652 1948 1654 1948 1653 1948 1653 1949 1654 1949 1655 1949 1654 1950 1656 1950 1655 1950 1655 1951 1656 1951 1657 1951 1656 1952 1658 1952 1657 1952 1657 1953 1658 1953 1659 1953 1659 1954 1660 1954 1661 1954 1658 1955 1660 1955 1659 1955 1661 1956 1662 1956 1663 1956 1660 1957 1662 1957 1661 1957 1663 1958 1664 1958 1665 1958 1662 1959 1664 1959 1663 1959 1665 1960 1666 1960 1667 1960 1664 1961 1666 1961 1665 1961 1667 1962 1668 1962 1669 1962 1666 1963 1668 1963 1667 1963 1669 1964 1670 1964 1671 1964 1668 1965 1670 1965 1669 1965 1671 1966 1672 1966 1673 1966 1670 1967 1672 1967 1671 1967 1673 1968 1674 1968 1675 1968 1672 1969 1674 1969 1673 1969 1675 1970 1676 1970 1677 1970 1674 1971 1676 1971 1675 1971 1677 1972 1678 1972 1679 1972 1676 1973 1678 1973 1677 1973 1679 1974 1680 1974 1681 1974 1678 1975 1680 1975 1679 1975 1681 1976 1682 1976 1683 1976 1680 1977 1682 1977 1681 1977 1683 1978 1684 1978 1685 1978 1682 1979 1684 1979 1683 1979 1685 1980 1686 1980 1687 1980 1684 1981 1686 1981 1685 1981 1687 1982 1688 1982 1689 1982 1686 1983 1688 1983 1687 1983 1689 1984 1690 1984 1691 1984 1688 1985 1690 1985 1689 1985 1690 1986 1692 1986 1691 1986 1691 1987 1692 1987 1693 1987 1692 1988 1694 1988 1693 1988 1693 1989 1694 1989 1695 1989 1694 1990 1696 1990 1695 1990 1695 1991 1696 1991 1697 1991 1696 1992 1698 1992 1697 1992 1697 1993 1698 1993 1699 1993 1698 1994 1700 1994 1699 1994 1699 1995 1700 1995 1701 1995 1700 1996 1702 1996 1701 1996 1701 1997 1702 1997 1703 1997 1702 1998 1704 1998 1703 1998 1703 1999 1704 1999 1705 1999 1704 2000 1706 2000 1705 2000 1705 2001 1706 2001 1707 2001 1706 2002 1708 2002 1707 2002 1707 2003 1708 2003 1709 2003 1708 2004 1710 2004 1709 2004 1709 2005 1710 2005 1711 2005 1710 2006 1712 2006 1711 2006 1711 2007 1712 2007 1713 2007 1712 2008 1714 2008 1713 2008 1713 2009 1714 2009 1715 2009 1714 2010 1716 2010 1715 2010 1715 2011 1716 2011 1717 2011 1716 2012 1718 2012 1717 2012 1717 2013 1718 2013 1719 2013 1718 2014 1720 2014 1719 2014 1719 2015 1720 2015 1721 2015 1720 2016 1722 2016 1721 2016 1721 2017 1722 2017 1723 2017 1722 2018 1724 2018 1723 2018 1724 2019 1725 2019 1723 2019 1723 2020 1725 2020 1726 2020 1726 2021 1725 2021 1727 2021 1725 2022 1728 2022 1727 2022 1727 2023 1729 2023 1730 2023 1730 2024 1729 2024 1731 2024 1728 2025 1729 2025 1727 2025 1731 2026 1732 2026 1733 2026 1729 2027 1732 2027 1731 2027 1733 2028 1734 2028 1735 2028 1732 2029 1734 2029 1733 2029 1735 2030 1736 2030 1737 2030 1734 2031 1736 2031 1735 2031 1737 2032 1738 2032 1739 2032 1736 2033 1738 2033 1737 2033 1739 2034 1740 2034 1741 2034 1738 2035 1740 2035 1739 2035 1740 2036 1742 2036 1741 2036 1741 2037 1742 2037 1743 2037 1743 2038 1744 2038 1745 2038 1742 2039 1744 2039 1743 2039 1744 2040 1746 2040 1745 2040 1745 2041 1746 2041 1747 2041 1746 2042 1748 2042 1747 2042 1747 2043 1748 2043 1749 2043 1748 2044 1750 2044 1749 2044 1749 2045 1750 2045 1751 2045 1750 2046 1752 2046 1751 2046 1751 2047 1752 2047 1753 2047 1752 2048 1754 2048 1753 2048 1753 2049 1754 2049 1755 2049 1754 2050 1756 2050 1755 2050 1755 2051 1756 2051 1757 2051 1756 2052 1758 2052 1757 2052 1757 2053 1758 2053 1759 2053 1758 2054 1760 2054 1759 2054 1760 2055 1761 2055 1759 2055 1759 2056 1761 2056 1762 2056 1762 2057 1761 2057 1763 2057 1761 2058 1764 2058 1763 2058 1764 2059 1765 2059 1763 2059 1763 2060 1765 2060 1766 2060 1765 2061 1767 2061 1766 2061 1766 2062 1767 2062 1768 2062 1768 2063 1767 2063 1769 2063 1767 2064 1770 2064 1769 2064 1770 2065 1771 2065 1769 2065 1769 2066 1771 2066 1772 2066 1771 2067 1773 2067 1772 2067 1772 2068 1773 2068 1774 2068 1773 2069 1775 2069 1774 2069 1774 2070 1775 2070 1776 2070 1776 2071 1775 2071 1777 2071 1775 2072 1778 2072 1777 2072 1777 2073 1778 2073 1779 2073 1778 2074 1780 2074 1779 2074 1780 2075 1781 2075 1779 2075 1779 2076 1781 2076 1782 2076 1783 2077 1784 2077 1785 2077 1781 2078 1784 2078 1782 2078 1782 2079 1784 2079 1783 2079 1785 2080 1786 2080 1787 2080 1784 2081 1786 2081 1785 2081 1787 2082 1788 2082 1789 2082 1786 2083 1788 2083 1787 2083 1788 2084 1790 2084 1789 2084 1789 2085 1791 2085 1792 2085 1792 2086 1791 2086 1793 2086 1790 2087 1791 2087 1789 2087 1791 2088 1794 2088 1793 2088 1793 2089 1795 2089 1796 2089 1796 2090 1795 2090 1797 2090 1794 2091 1795 2091 1793 2091 1795 2092 1798 2092 1797 2092 1797 2093 1798 2093 1799 2093 1799 2094 1800 2094 1801 2094 1798 2095 1800 2095 1799 2095 1800 2096 1802 2096 1801 2096 1801 2097 1803 2097 1804 2097 1802 2098 1803 2098 1801 2098 1804 2099 1805 2099 1806 2099 1806 2100 1805 2100 1807 2100 1803 2101 1805 2101 1804 2101 1807 2102 1808 2102 1809 2102 1805 2103 1808 2103 1807 2103 1809 2104 1810 2104 1811 2104 1808 2105 1810 2105 1809 2105 1810 2106 1812 2106 1811 2106 1811 2107 1600 2107 1599 2107 1812 2108 1600 2108 1811 2108 1813 2109 1814 2109 1815 2109 1815 2110 1816 2110 1817 2110 1814 2111 1816 2111 1815 2111 1817 2112 1818 2112 1819 2112 1816 2113 1818 2113 1817 2113 1819 2114 1820 2114 1821 2114 1818 2115 1820 2115 1819 2115 1821 2116 1822 2116 1823 2116 1820 2117 1822 2117 1821 2117 1823 2118 1824 2118 1825 2118 1822 2119 1824 2119 1823 2119 1825 2120 1826 2120 1827 2120 1824 2121 1826 2121 1825 2121 1827 2122 1828 2122 1829 2122 1826 2123 1828 2123 1827 2123 1829 2124 1830 2124 1831 2124 1828 2125 1830 2125 1829 2125 1831 2126 1832 2126 1833 2126 1830 2127 1832 2127 1831 2127 1833 2128 1834 2128 1835 2128 1832 2129 1834 2129 1833 2129 1835 2130 1836 2130 1837 2130 1834 2131 1836 2131 1835 2131 1837 2132 1838 2132 1839 2132 1836 2133 1838 2133 1837 2133 1839 2134 1840 2134 1841 2134 1838 2135 1840 2135 1839 2135 1841 2136 1842 2136 1843 2136 1840 2137 1842 2137 1841 2137 1843 2138 1844 2138 1845 2138 1842 2139 1844 2139 1843 2139 1845 2140 1846 2140 1847 2140 1844 2141 1846 2141 1845 2141 1847 2142 1848 2142 1849 2142 1846 2143 1848 2143 1847 2143 1849 2144 1850 2144 1851 2144 1848 2145 1850 2145 1849 2145 1851 2146 1852 2146 1853 2146 1850 2147 1852 2147 1851 2147 1853 2148 1854 2148 1855 2148 1852 2149 1854 2149 1853 2149 1854 2150 1856 2150 1855 2150 1855 2151 1856 2151 1857 2151 1856 2152 1858 2152 1857 2152 1857 2153 1858 2153 1859 2153 1858 2154 1860 2154 1859 2154 1859 2155 1860 2155 1861 2155 1860 2156 1862 2156 1861 2156 1861 2157 1862 2157 1863 2157 1862 2158 1864 2158 1863 2158 1863 2159 1864 2159 1865 2159 1864 2160 1866 2160 1865 2160 1865 2161 1866 2161 1867 2161 1866 2162 1868 2162 1867 2162 1867 2163 1868 2163 1869 2163 1868 2164 1870 2164 1869 2164 1869 2165 1870 2165 1871 2165 1870 2166 1872 2166 1871 2166 1871 2167 1872 2167 1873 2167 1873 2168 1874 2168 1875 2168 1872 2169 1874 2169 1873 2169 1875 2170 1876 2170 1877 2170 1874 2171 1876 2171 1875 2171 1877 2172 1878 2172 1879 2172 1876 2173 1878 2173 1877 2173 1879 2174 1880 2174 1881 2174 1878 2175 1880 2175 1879 2175 1881 2176 1882 2176 1883 2176 1880 2177 1882 2177 1881 2177 1883 2178 1884 2178 1885 2178 1882 2179 1884 2179 1883 2179 1885 2180 1886 2180 1887 2180 1884 2181 1886 2181 1885 2181 1887 2182 1888 2182 1889 2182 1886 2183 1888 2183 1887 2183 1889 2184 1890 2184 1891 2184 1888 2185 1890 2185 1889 2185 1891 2186 1892 2186 1893 2186 1890 2187 1892 2187 1891 2187 1893 2188 1894 2188 1895 2188 1892 2189 1894 2189 1893 2189 1895 2190 1896 2190 1897 2190 1894 2191 1896 2191 1895 2191 1897 2192 1898 2192 1899 2192 1896 2193 1898 2193 1897 2193 1899 2194 1900 2194 1901 2194 1898 2195 1900 2195 1899 2195 1901 2196 1902 2196 1903 2196 1900 2197 1902 2197 1901 2197 1902 2198 1904 2198 1903 2198 1904 2199 1905 2199 1903 2199 1903 2200 1905 2200 1906 2200 1906 2201 1905 2201 1907 2201 1905 2202 1908 2202 1907 2202 1907 2203 1908 2203 1909 2203 1908 2204 1910 2204 1909 2204 1909 2205 1910 2205 1911 2205 1910 2206 1912 2206 1911 2206 1911 2207 1912 2207 1913 2207 1912 2208 1914 2208 1913 2208 1913 2209 1914 2209 1915 2209 1914 2210 1916 2210 1915 2210 1915 2211 1916 2211 1917 2211 1916 2212 1918 2212 1917 2212 1917 2213 1918 2213 1919 2213 1918 2214 1920 2214 1919 2214 1919 2215 1920 2215 1921 2215 1920 2216 1922 2216 1921 2216 1921 2217 1922 2217 1923 2217 1922 2218 1924 2218 1923 2218 1923 2219 1924 2219 1925 2219 1924 2220 1926 2220 1925 2220 1925 2221 1926 2221 1927 2221 1926 2222 1928 2222 1927 2222 1927 2223 1928 2223 1929 2223 1928 2224 1930 2224 1929 2224 1930 2225 1931 2225 1929 2225 1929 2226 1931 2226 1932 2226 1932 2227 1931 2227 1933 2227 1931 2228 1934 2228 1933 2228 1933 2229 1934 2229 1935 2229 1934 2230 1936 2230 1935 2230 1935 2231 1936 2231 1937 2231 1936 2232 1938 2232 1937 2232 1937 2233 1938 2233 1939 2233 1938 2234 1940 2234 1939 2234 1939 2235 1940 2235 1941 2235 1941 2236 1942 2236 1943 2236 1940 2237 1942 2237 1941 2237 1943 2238 1944 2238 1945 2238 1942 2239 1944 2239 1943 2239 1945 2240 1946 2240 1947 2240 1944 2241 1946 2241 1945 2241 1947 2242 1948 2242 1949 2242 1946 2243 1948 2243 1947 2243 1949 2244 1950 2244 1951 2244 1948 2245 1950 2245 1949 2245 1951 2246 1952 2246 1953 2246 1950 2247 1952 2247 1951 2247 1953 2248 1954 2248 1955 2248 1952 2249 1954 2249 1953 2249 1954 2250 1956 2250 1955 2250 1955 2251 1956 2251 1957 2251 1957 2252 1958 2252 1959 2252 1956 2253 1958 2253 1957 2253 1958 2254 1960 2254 1959 2254 1960 2255 1961 2255 1959 2255 1959 2256 1961 2256 1962 2256 1962 2257 1961 2257 1963 2257 1961 2258 1964 2258 1963 2258 1963 2259 1964 2259 1965 2259 1964 2260 1966 2260 1965 2260 1965 2261 1966 2261 1967 2261 1966 2262 1968 2262 1967 2262 1967 2263 1968 2263 1969 2263 1968 2264 1970 2264 1969 2264 1969 2265 1970 2265 1971 2265 1970 2266 1972 2266 1971 2266 1971 2267 1972 2267 1973 2267 1972 2268 1974 2268 1973 2268 1973 2269 1974 2269 1975 2269 1974 2270 1976 2270 1975 2270 1975 2271 1976 2271 1977 2271 1976 2272 1978 2272 1977 2272 1978 2273 1979 2273 1977 2273 1977 2274 1979 2274 1980 2274 1980 2275 1979 2275 1981 2275 1979 2276 1982 2276 1981 2276 1982 2277 1983 2277 1981 2277 1981 2278 1983 2278 1984 2278 1983 2279 1985 2279 1984 2279 1984 2280 1985 2280 1986 2280 1986 2281 1985 2281 1987 2281 1985 2282 1988 2282 1987 2282 1987 2283 1988 2283 1989 2283 1988 2284 1990 2284 1989 2284 1990 2285 1991 2285 1989 2285 1989 2286 1991 2286 1992 2286 1992 2287 1991 2287 1993 2287 1991 2288 1994 2288 1993 2288 1993 2289 1994 2289 1995 2289 1994 2290 1996 2290 1995 2290 1997 2291 1998 2291 1999 2291 1996 2292 1998 2292 1995 2292 1995 2293 1998 2293 1997 2293 1998 2294 2000 2294 1999 2294 1999 2295 2001 2295 2002 2295 2002 2296 2001 2296 2003 2296 2000 2297 2001 2297 1999 2297 2003 2298 2004 2298 2005 2298 2001 2299 2004 2299 2003 2299 2005 2300 2006 2300 2007 2300 2004 2301 2006 2301 2005 2301 2006 2302 2008 2302 2007 2302 2007 2303 2008 2303 2009 2303 2008 2304 2010 2304 2009 2304 2009 2305 2011 2305 2012 2305 2010 2306 2011 2306 2009 2306 2012 2307 2013 2307 2014 2307 2014 2308 2013 2308 2015 2308 2011 2309 2013 2309 2012 2309 2015 2310 2016 2310 2017 2310 2013 2311 2016 2311 2015 2311 2017 2312 2018 2312 2019 2312 2016 2313 2018 2313 2017 2313 2019 2314 2020 2314 2021 2314 2018 2315 2020 2315 2019 2315 2020 2316 2022 2316 2021 2316 2021 2317 2023 2317 2024 2317 2024 2318 2023 2318 2025 2318 2022 2319 2023 2319 2021 2319 2023 2320 2026 2320 2025 2320 2025 2321 1814 2321 1813 2321 2026 2322 1814 2322 2025 2322 2027 2323 2028 2323 2029 2323 2029 2324 2030 2324 2031 2324 2028 2325 2030 2325 2029 2325 2031 2326 2032 2326 2033 2326 2030 2327 2032 2327 2031 2327 2033 2328 2034 2328 2035 2328 2032 2329 2034 2329 2033 2329 2035 2330 2036 2330 2037 2330 2034 2331 2036 2331 2035 2331 2037 2332 2038 2332 2039 2332 2036 2333 2038 2333 2037 2333 2039 2334 2040 2334 2041 2334 2038 2335 2040 2335 2039 2335 2041 2336 2042 2336 2043 2336 2040 2337 2042 2337 2041 2337 2043 2338 2044 2338 2045 2338 2042 2339 2044 2339 2043 2339 2045 2340 2046 2340 2047 2340 2044 2341 2046 2341 2045 2341 2047 2342 2048 2342 2049 2342 2046 2343 2048 2343 2047 2343 2049 2344 2050 2344 2051 2344 2048 2345 2050 2345 2049 2345 2051 2346 2052 2346 2053 2346 2050 2347 2052 2347 2051 2347 2053 2348 2054 2348 2055 2348 2052 2349 2054 2349 2053 2349 2055 2350 2056 2350 2057 2350 2054 2351 2056 2351 2055 2351 2057 2352 2058 2352 2059 2352 2056 2353 2058 2353 2057 2353 2059 2354 2060 2354 2061 2354 2058 2355 2060 2355 2059 2355 2061 2356 2062 2356 2063 2356 2060 2357 2062 2357 2061 2357 2063 2358 2064 2358 2065 2358 2062 2359 2064 2359 2063 2359 2065 2360 2066 2360 2067 2360 2064 2361 2066 2361 2065 2361 2067 2362 2068 2362 2069 2362 2066 2363 2068 2363 2067 2363 2068 2364 2070 2364 2069 2364 2069 2365 2070 2365 2071 2365 2070 2366 2072 2366 2071 2366 2071 2367 2072 2367 2073 2367 2072 2368 2074 2368 2073 2368 2073 2369 2074 2369 2075 2369 2074 2370 2076 2370 2075 2370 2075 2371 2076 2371 2077 2371 2076 2372 2078 2372 2077 2372 2077 2373 2078 2373 2079 2373 2078 2374 2080 2374 2079 2374 2079 2375 2080 2375 2081 2375 2080 2376 2082 2376 2081 2376 2081 2377 2082 2377 2083 2377 2082 2378 2084 2378 2083 2378 2083 2379 2084 2379 2085 2379 2084 2380 2086 2380 2085 2380 2085 2381 2086 2381 2087 2381 2087 2382 2088 2382 2089 2382 2086 2383 2088 2383 2087 2383 2089 2384 2090 2384 2091 2384 2088 2385 2090 2385 2089 2385 2091 2386 2092 2386 2093 2386 2090 2387 2092 2387 2091 2387 2093 2388 2094 2388 2095 2388 2092 2389 2094 2389 2093 2389 2095 2390 2096 2390 2097 2390 2094 2391 2096 2391 2095 2391 2097 2392 2098 2392 2099 2392 2096 2393 2098 2393 2097 2393 2099 2394 2100 2394 2101 2394 2098 2395 2100 2395 2099 2395 2101 2396 2102 2396 2103 2396 2100 2397 2102 2397 2101 2397 2103 2398 2104 2398 2105 2398 2102 2399 2104 2399 2103 2399 2105 2400 2106 2400 2107 2400 2104 2401 2106 2401 2105 2401 2107 2402 2108 2402 2109 2402 2106 2403 2108 2403 2107 2403 2109 2404 2110 2404 2111 2404 2108 2405 2110 2405 2109 2405 2111 2406 2112 2406 2113 2406 2110 2407 2112 2407 2111 2407 2113 2408 2114 2408 2115 2408 2112 2409 2114 2409 2113 2409 2115 2410 2116 2410 2117 2410 2114 2411 2116 2411 2115 2411 2117 2412 2118 2412 2119 2412 2116 2413 2118 2413 2117 2413 2118 2414 2120 2414 2119 2414 2119 2415 2120 2415 2121 2415 2120 2416 2122 2416 2121 2416 2121 2417 2122 2417 2123 2417 2122 2418 2124 2418 2123 2418 2123 2419 2124 2419 2125 2419 2124 2420 2126 2420 2125 2420 2125 2421 2126 2421 2127 2421 2126 2422 2128 2422 2127 2422 2127 2423 2128 2423 2129 2423 2128 2424 2130 2424 2129 2424 2129 2425 2130 2425 2131 2425 2130 2426 2132 2426 2131 2426 2131 2427 2132 2427 2133 2427 2132 2428 2134 2428 2133 2428 2133 2429 2134 2429 2135 2429 2134 2430 2136 2430 2135 2430 2135 2431 2136 2431 2137 2431 2136 2432 2138 2432 2137 2432 2137 2433 2138 2433 2139 2433 2138 2434 2140 2434 2139 2434 2139 2435 2140 2435 2141 2435 2140 2436 2142 2436 2141 2436 2141 2437 2142 2437 2143 2437 2142 2438 2144 2438 2143 2438 2143 2439 2144 2439 2145 2439 2144 2440 2146 2440 2145 2440 2145 2441 2146 2441 2147 2441 2146 2442 2148 2442 2147 2442 2147 2443 2148 2443 2149 2443 2148 2444 2150 2444 2149 2444 2149 2445 2150 2445 2151 2445 2150 2446 2152 2446 2151 2446 2151 2447 2152 2447 2153 2447 2152 2448 2154 2448 2153 2448 2153 2449 2154 2449 2155 2449 2154 2450 2156 2450 2155 2450 2155 2451 2157 2451 2158 2451 2158 2452 2157 2452 2159 2452 2156 2453 2157 2453 2155 2453 2159 2454 2160 2454 2161 2454 2157 2455 2160 2455 2159 2455 2161 2456 2162 2456 2163 2456 2160 2457 2162 2457 2161 2457 2163 2458 2164 2458 2165 2458 2162 2459 2164 2459 2163 2459 2165 2460 2166 2460 2167 2460 2164 2461 2166 2461 2165 2461 2167 2462 2168 2462 2169 2462 2166 2463 2168 2463 2167 2463 2168 2464 2170 2464 2169 2464 2169 2465 2170 2465 2171 2465 2171 2466 2172 2466 2173 2466 2170 2467 2172 2467 2171 2467 2172 2468 2174 2468 2173 2468 2173 2469 2174 2469 2175 2469 2174 2470 2176 2470 2175 2470 2175 2471 2176 2471 2177 2471 2176 2472 2178 2472 2177 2472 2177 2473 2178 2473 2179 2473 2178 2474 2180 2474 2179 2474 2179 2475 2180 2475 2181 2475 2180 2476 2182 2476 2181 2476 2181 2477 2182 2477 2183 2477 2182 2478 2184 2478 2183 2478 2183 2479 2184 2479 2185 2479 2184 2480 2186 2480 2185 2480 2185 2481 2186 2481 2187 2481 2186 2482 2188 2482 2187 2482 2188 2483 2189 2483 2187 2483 2187 2484 2189 2484 2190 2484 2190 2485 2189 2485 2191 2485 2189 2486 2192 2486 2191 2486 2191 2487 2192 2487 2193 2487 2192 2488 2194 2488 2193 2488 2194 2489 2195 2489 2193 2489 2193 2490 2195 2490 2196 2490 2196 2491 2195 2491 2197 2491 2195 2492 2198 2492 2197 2492 2198 2493 2199 2493 2197 2493 2197 2494 2199 2494 2200 2494 2200 2495 2199 2495 2201 2495 2199 2496 2202 2496 2201 2496 2202 2497 2203 2497 2201 2497 2201 2498 2203 2498 2204 2498 2204 2499 2203 2499 2205 2499 2203 2500 2206 2500 2205 2500 2205 2501 2206 2501 2207 2501 2206 2502 2208 2502 2207 2502 2208 2503 2209 2503 2207 2503 2207 2504 2209 2504 2210 2504 2211 2505 2212 2505 2213 2505 2209 2506 2212 2506 2210 2506 2210 2507 2212 2507 2211 2507 2213 2508 2214 2508 2215 2508 2212 2509 2214 2509 2213 2509 2215 2510 2216 2510 2217 2510 2214 2511 2216 2511 2215 2511 2216 2512 2218 2512 2217 2512 2217 2513 2219 2513 2220 2513 2220 2514 2219 2514 2221 2514 2218 2515 2219 2515 2217 2515 2219 2516 2222 2516 2221 2516 2221 2517 2223 2517 2224 2517 2224 2518 2223 2518 2225 2518 2222 2519 2223 2519 2221 2519 2223 2520 2226 2520 2225 2520 2225 2521 2226 2521 2227 2521 2227 2522 2228 2522 2229 2522 2226 2523 2228 2523 2227 2523 2229 2524 2230 2524 2231 2524 2228 2525 2230 2525 2229 2525 2230 2526 2232 2526 2231 2526 2231 2527 2233 2527 2234 2527 2234 2528 2233 2528 2235 2528 2232 2529 2233 2529 2231 2529 2235 2530 2236 2530 2237 2530 2233 2531 2236 2531 2235 2531 2237 2532 2238 2532 2239 2532 2236 2533 2238 2533 2237 2533 2238 2534 2240 2534 2239 2534 2239 2535 2028 2535 2027 2535 2240 2536 2028 2536 2239 2536 2241 2537 2242 2537 2243 2537 2243 2538 2242 2538 2244 2538 2244 2539 2242 2539 2245 2539 2246 2540 2247 2540 2248 2540 2249 2541 2247 2541 2246 2541 2248 2542 2247 2542 2250 2542 2251 2543 2247 2543 2252 2543 2252 2544 2247 2544 2249 2544 2250 2545 2247 2545 2241 2545 2253 2546 2254 2546 2255 2546 2256 2547 2257 2547 2258 2547 2259 2548 2254 2548 2260 2548 2255 2549 2254 2549 2259 2549 2242 2550 2261 2550 2245 2550 2262 2551 2263 2551 2264 2551 2264 2552 2263 2552 2251 2552 2247 2553 2263 2553 2241 2553 2251 2554 2263 2554 2247 2554 2265 2555 2266 2555 2267 2555 2260 2556 2266 2556 2265 2556 2254 2557 2266 2557 2260 2557 2261 2558 2268 2558 2245 2558 2245 2559 2268 2559 2253 2559 2269 2560 2270 2560 2271 2560 2271 2561 2270 2561 2262 2561 2241 2562 2270 2562 2242 2562 2242 2563 2270 2563 2261 2563 2262 2564 2270 2564 2263 2564 2263 2565 2270 2565 2241 2565 2267 2566 2272 2566 2273 2566 2266 2567 2272 2567 2267 2567 2274 2568 2275 2568 2276 2568 2253 2569 2277 2569 2254 2569 2268 2570 2277 2570 2253 2570 2278 2571 2279 2571 2280 2571 2280 2572 2279 2572 2269 2572 2270 2573 2279 2573 2261 2573 2269 2574 2279 2574 2270 2574 2272 2575 2281 2575 2273 2575 2282 2576 2281 2576 2283 2576 2273 2577 2281 2577 2282 2577 2277 2578 2284 2578 2254 2578 2254 2579 2284 2579 2266 2579 2285 2580 2286 2580 2287 2580 2287 2581 2286 2581 2278 2581 2279 2582 2286 2582 2261 2582 2278 2583 2286 2583 2279 2583 2261 2584 2286 2584 2268 2584 2281 2585 2288 2585 2283 2585 2289 2586 2288 2586 2290 2586 2283 2587 2288 2587 2289 2587 2284 2588 2291 2588 2266 2588 2272 2589 2291 2589 2281 2589 2266 2590 2291 2590 2272 2590 2292 2591 2293 2591 2285 2591 2286 2592 2293 2592 2268 2592 2268 2593 2293 2593 2277 2593 2285 2594 2293 2594 2286 2594 2294 2595 2293 2595 2292 2595 2290 2596 2295 2596 2296 2596 2288 2597 2295 2597 2290 2597 2291 2598 2297 2598 2281 2598 2294 2599 2298 2599 2293 2599 2293 2600 2298 2600 2277 2600 2277 2601 2298 2601 2284 2601 2299 2602 2298 2602 2300 2602 2300 2603 2298 2603 2294 2603 2295 2604 2301 2604 2296 2604 2302 2605 2301 2605 2303 2605 2296 2606 2301 2606 2302 2606 2281 2607 2304 2607 2288 2607 2288 2608 2304 2608 2295 2608 2297 2609 2304 2609 2281 2609 2284 2610 2305 2610 2291 2610 2299 2611 2305 2611 2298 2611 2298 2612 2305 2612 2284 2612 2306 2613 2305 2613 2307 2613 2307 2614 2305 2614 2299 2614 2308 2615 2309 2615 2310 2615 2303 2616 2309 2616 2308 2616 2301 2617 2309 2617 2303 2617 2304 2618 2311 2618 2295 2618 2306 2619 2312 2619 2305 2619 2291 2620 2312 2620 2297 2620 2305 2621 2312 2621 2291 2621 2313 2622 2312 2622 2314 2622 2314 2623 2312 2623 2306 2623 2310 2624 2315 2624 2316 2624 2309 2625 2315 2625 2310 2625 2301 2626 2317 2626 2309 2626 2311 2627 2317 2627 2295 2627 2295 2628 2317 2628 2301 2628 2313 2629 2318 2629 2312 2629 2297 2630 2318 2630 2304 2630 2312 2631 2318 2631 2297 2631 2319 2632 2318 2632 2320 2632 2320 2633 2318 2633 2313 2633 2315 2634 2321 2634 2316 2634 2322 2635 2321 2635 2323 2635 2316 2636 2321 2636 2322 2636 2317 2637 2324 2637 2309 2637 2304 2638 2325 2638 2311 2638 2319 2639 2325 2639 2318 2639 2326 2640 2325 2640 2327 2640 2327 2641 2325 2641 2319 2641 2318 2642 2325 2642 2304 2642 2328 2643 2329 2643 2330 2643 2323 2644 2329 2644 2328 2644 2321 2645 2329 2645 2323 2645 2324 2646 2331 2646 2309 2646 2309 2647 2331 2647 2315 2647 2325 2648 2332 2648 2311 2648 2311 2649 2332 2649 2317 2649 2333 2650 2332 2650 2334 2650 2334 2651 2332 2651 2326 2651 2326 2652 2332 2652 2325 2652 2330 2653 2335 2653 2336 2653 2329 2654 2335 2654 2330 2654 2331 2655 2337 2655 2315 2655 2315 2656 2337 2656 2321 2656 2333 2657 2338 2657 2332 2657 2332 2658 2338 2658 2317 2658 2317 2659 2338 2659 2324 2659 2339 2660 2338 2660 2340 2660 2340 2661 2338 2661 2333 2661 2341 2662 2342 2662 2343 2662 2336 2663 2342 2663 2341 2663 2335 2664 2342 2664 2336 2664 2337 2665 2344 2665 2321 2665 2329 2666 2344 2666 2335 2666 2321 2667 2344 2667 2329 2667 2338 2668 2345 2668 2324 2668 2324 2669 2345 2669 2331 2669 2339 2670 2345 2670 2338 2670 2346 2671 2345 2671 2347 2671 2347 2672 2345 2672 2339 2672 2342 2673 2348 2673 2343 2673 2349 2674 2348 2674 2350 2674 2343 2675 2348 2675 2349 2675 2335 2676 2351 2676 2342 2676 2344 2677 2351 2677 2335 2677 2331 2678 2352 2678 2337 2678 2346 2679 2352 2679 2345 2679 2345 2680 2352 2680 2331 2680 2353 2681 2352 2681 2354 2681 2354 2682 2352 2682 2346 2682 2355 2683 2356 2683 2357 2683 2350 2684 2356 2684 2355 2684 2348 2685 2356 2685 2350 2685 2351 2686 2358 2686 2342 2686 2337 2687 2359 2687 2344 2687 2352 2688 2359 2688 2337 2688 2353 2689 2359 2689 2352 2689 2360 2690 2359 2690 2361 2690 2361 2691 2359 2691 2353 2691 2356 2692 2362 2692 2357 2692 2357 2693 2362 2693 2363 2693 2342 2694 2364 2694 2348 2694 2358 2695 2364 2695 2342 2695 2351 2696 2365 2696 2358 2696 2344 2697 2365 2697 2351 2697 2360 2698 2365 2698 2359 2698 2359 2699 2365 2699 2344 2699 2366 2700 2365 2700 2367 2700 2367 2701 2365 2701 2360 2701 2362 2702 2368 2702 2363 2702 2369 2703 2368 2703 2370 2703 2363 2704 2368 2704 2369 2704 2348 2705 2371 2705 2356 2705 2364 2706 2371 2706 2348 2706 2366 2707 2372 2707 2365 2707 2373 2708 2372 2708 2374 2708 2374 2709 2372 2709 2366 2709 2365 2710 2372 2710 2358 2710 2368 2711 2375 2711 2370 2711 2376 2712 2375 2712 2377 2712 2370 2713 2375 2713 2376 2713 2356 2714 2378 2714 2362 2714 2371 2715 2378 2715 2356 2715 2372 2716 2379 2716 2358 2716 2358 2717 2379 2717 2364 2717 2380 2718 2379 2718 2381 2718 2381 2719 2379 2719 2373 2719 2373 2720 2379 2720 2372 2720 2377 2721 2382 2721 2383 2721 2375 2722 2382 2722 2377 2722 2362 2723 2384 2723 2368 2723 2378 2724 2384 2724 2362 2724 2364 2725 2385 2725 2371 2725 2386 2726 2385 2726 2387 2726 2387 2727 2385 2727 2380 2727 2379 2728 2385 2728 2364 2728 2380 2729 2385 2729 2379 2729 2371 2730 2385 2730 2378 2730 2388 2731 2389 2731 2390 2731 2383 2732 2389 2732 2388 2732 2382 2733 2389 2733 2383 2733 2384 2734 2391 2734 2368 2734 2368 2735 2391 2735 2375 2735 2392 2736 2393 2736 2394 2736 2386 2737 2393 2737 2385 2737 2394 2738 2393 2738 2386 2738 2385 2739 2393 2739 2378 2739 2389 2740 2395 2740 2390 2740 2396 2741 2395 2741 2397 2741 2390 2742 2395 2742 2396 2742 2375 2743 2398 2743 2382 2743 2391 2744 2398 2744 2375 2744 2393 2745 2399 2745 2378 2745 2378 2746 2399 2746 2384 2746 2400 2747 2399 2747 2401 2747 2401 2748 2399 2748 2392 2748 2392 2749 2399 2749 2393 2749 2397 2750 2402 2750 2403 2750 2395 2751 2402 2751 2397 2751 2398 2752 2404 2752 2382 2752 2382 2753 2404 2753 2389 2753 2400 2754 2405 2754 2399 2754 2406 2755 2405 2755 2407 2755 2407 2756 2405 2756 2400 2756 2399 2757 2405 2757 2384 2757 2384 2758 2405 2758 2391 2758 2402 2759 2408 2759 2403 2759 2409 2760 2408 2760 2410 2760 2403 2761 2408 2761 2409 2761 2404 2762 2411 2762 2389 2762 2389 2763 2411 2763 2395 2763 2391 2764 2412 2764 2398 2764 2406 2765 2412 2765 2405 2765 2413 2766 2412 2766 2414 2766 2414 2767 2412 2767 2406 2767 2405 2768 2412 2768 2391 2768 2408 2769 2415 2769 2410 2769 2416 2770 2415 2770 2417 2770 2410 2771 2415 2771 2416 2771 2411 2772 2418 2772 2395 2772 2395 2773 2418 2773 2402 2773 2413 2774 2419 2774 2412 2774 2420 2775 2419 2775 2421 2775 2421 2776 2419 2776 2413 2776 2412 2777 2419 2777 2398 2777 2398 2778 2419 2778 2404 2778 2415 2779 2422 2779 2417 2779 2423 2780 2422 2780 2424 2780 2417 2781 2422 2781 2423 2781 2402 2782 2425 2782 2408 2782 2418 2783 2425 2783 2402 2783 2420 2784 2426 2784 2419 2784 2419 2785 2426 2785 2404 2785 2427 2786 2426 2786 2428 2786 2428 2787 2426 2787 2420 2787 2404 2788 2426 2788 2411 2788 2422 2789 2429 2789 2424 2789 2424 2790 2429 2790 2430 2790 2408 2791 2431 2791 2415 2791 2425 2792 2431 2792 2408 2792 2427 2793 2432 2793 2426 2793 2426 2794 2432 2794 2411 2794 2433 2795 2432 2795 2434 2795 2434 2796 2432 2796 2427 2796 2411 2797 2432 2797 2418 2797 2429 2798 2435 2798 2430 2798 2436 2799 2435 2799 2437 2799 2430 2800 2435 2800 2436 2800 2415 2801 2438 2801 2422 2801 2431 2802 2438 2802 2415 2802 2432 2803 2439 2803 2418 2803 2418 2804 2439 2804 2425 2804 2440 2805 2439 2805 2441 2805 2433 2806 2439 2806 2432 2806 2441 2807 2439 2807 2433 2807 2442 2808 2443 2808 2444 2808 2437 2809 2443 2809 2442 2809 2435 2810 2443 2810 2437 2810 2422 2811 2445 2811 2429 2811 2438 2812 2445 2812 2422 2812 2425 2813 2446 2813 2431 2813 2431 2814 2446 2814 2438 2814 2447 2815 2446 2815 2448 2815 2448 2816 2446 2816 2440 2816 2439 2817 2446 2817 2425 2817 2440 2818 2446 2818 2439 2818 2444 2819 2449 2819 2450 2819 2443 2820 2449 2820 2444 2820 2445 2821 2451 2821 2429 2821 2429 2822 2451 2822 2435 2822 2435 2823 2451 2823 2443 2823 2452 2824 2453 2824 2454 2824 2454 2825 2453 2825 2447 2825 2447 2826 2453 2826 2446 2826 2446 2827 2453 2827 2438 2827 2455 2828 2456 2828 2457 2828 2450 2829 2456 2829 2455 2829 2449 2830 2456 2830 2450 2830 2451 2831 2458 2831 2443 2831 2452 2832 2459 2832 2453 2832 2460 2833 2459 2833 2461 2833 2461 2834 2459 2834 2452 2834 2438 2835 2459 2835 2445 2835 2453 2836 2459 2836 2438 2836 2462 2837 2463 2837 2464 2837 2457 2838 2463 2838 2462 2838 2456 2839 2463 2839 2457 2839 2443 2840 2465 2840 2449 2840 2458 2841 2465 2841 2443 2841 2445 2842 2466 2842 2451 2842 2459 2843 2466 2843 2445 2843 2467 2844 2466 2844 2468 2844 2468 2845 2466 2845 2460 2845 2460 2846 2466 2846 2459 2846 2464 2847 2469 2847 2470 2847 2463 2848 2469 2848 2464 2848 2449 2849 2471 2849 2456 2849 2465 2850 2471 2850 2449 2850 2472 2851 2473 2851 2474 2851 2474 2852 2473 2852 2467 2852 2466 2853 2473 2853 2451 2853 2451 2854 2473 2854 2458 2854 2467 2855 2473 2855 2466 2855 2475 2856 2476 2856 2477 2856 2470 2857 2476 2857 2475 2857 2469 2858 2476 2858 2470 2858 2456 2859 2478 2859 2463 2859 2471 2860 2478 2860 2456 2860 2465 2861 2479 2861 2471 2861 2473 2862 2479 2862 2458 2862 2480 2863 2479 2863 2481 2863 2481 2864 2479 2864 2472 2864 2472 2865 2479 2865 2473 2865 2458 2866 2479 2866 2465 2866 2482 2867 2483 2867 2484 2867 2477 2868 2483 2868 2482 2868 2476 2869 2483 2869 2477 2869 2478 2870 2485 2870 2463 2870 2463 2871 2485 2871 2469 2871 2480 2872 2486 2872 2479 2872 2487 2873 2486 2873 2488 2873 2488 2874 2486 2874 2480 2874 2479 2875 2486 2875 2471 2875 2489 2876 2490 2876 2491 2876 2484 2877 2490 2877 2489 2877 2483 2878 2490 2878 2484 2878 2469 2879 2492 2879 2476 2879 2485 2880 2492 2880 2469 2880 2486 2881 2493 2881 2471 2881 2471 2882 2493 2882 2478 2882 2487 2883 2493 2883 2486 2883 2494 2884 2493 2884 2495 2884 2495 2885 2493 2885 2487 2885 2491 2886 2496 2886 2497 2886 2490 2887 2496 2887 2491 2887 2492 2888 2498 2888 2476 2888 2476 2889 2498 2889 2483 2889 2478 2890 2499 2890 2485 2890 2493 2891 2499 2891 2478 2891 2494 2892 2499 2892 2493 2892 2500 2893 2499 2893 2501 2893 2501 2894 2499 2894 2494 2894 2502 2895 2503 2895 2504 2895 2497 2896 2503 2896 2502 2896 2496 2897 2503 2897 2497 2897 2483 2898 2505 2898 2490 2898 2498 2899 2505 2899 2483 2899 2499 2900 2506 2900 2485 2900 2507 2901 2506 2901 2508 2901 2508 2902 2506 2902 2500 2902 2485 2903 2506 2903 2492 2903 2500 2904 2506 2904 2499 2904 2509 2905 2510 2905 2511 2905 2504 2906 2510 2906 2509 2906 2503 2907 2510 2907 2504 2907 2490 2908 2512 2908 2496 2908 2505 2909 2512 2909 2490 2909 2513 2910 2514 2910 2515 2910 2515 2911 2514 2911 2507 2911 2507 2912 2514 2912 2506 2912 2498 2913 2514 2913 2505 2913 2506 2914 2514 2914 2492 2914 2492 2915 2514 2915 2498 2915 2511 2916 2516 2916 2517 2916 2510 2917 2516 2917 2511 2917 2496 2918 2518 2918 2503 2918 2512 2919 2518 2919 2496 2919 2514 2920 2519 2920 2505 2920 2520 2921 2519 2921 2521 2921 2521 2922 2519 2922 2513 2922 2513 2923 2519 2923 2514 2923 2522 2924 2523 2924 2524 2924 2517 2925 2523 2925 2522 2925 2516 2926 2523 2926 2517 2926 2503 2927 2525 2927 2510 2927 2518 2928 2525 2928 2503 2928 2526 2929 2527 2929 2528 2929 2528 2930 2527 2930 2520 2930 2505 2931 2527 2931 2512 2931 2520 2932 2527 2932 2519 2932 2519 2933 2527 2933 2505 2933 2529 2934 2530 2934 2531 2934 2524 2935 2530 2935 2529 2935 2523 2936 2530 2936 2524 2936 2525 2937 2532 2937 2510 2937 2510 2938 2532 2938 2516 2938 2533 2939 2534 2939 2535 2939 2535 2940 2534 2940 2526 2940 2526 2941 2534 2941 2527 2941 2512 2942 2534 2942 2518 2942 2527 2943 2534 2943 2512 2943 2531 2944 2536 2944 2537 2944 2530 2945 2536 2945 2531 2945 2516 2946 2538 2946 2523 2946 2532 2947 2538 2947 2516 2947 2539 2948 2540 2948 2541 2948 2541 2949 2540 2949 2533 2949 2533 2950 2540 2950 2534 2950 2518 2951 2540 2951 2525 2951 2534 2952 2540 2952 2518 2952 2542 2953 2543 2953 2544 2953 2537 2954 2543 2954 2542 2954 2544 2955 2543 2955 2257 2955 2536 2956 2543 2956 2537 2956 2523 2957 2545 2957 2530 2957 2538 2958 2545 2958 2523 2958 2540 2959 2546 2959 2525 2959 2532 2960 2546 2960 2538 2960 2547 2961 2546 2961 2548 2961 2548 2962 2546 2962 2539 2962 2539 2963 2546 2963 2540 2963 2525 2964 2546 2964 2532 2964 2545 2965 2549 2965 2530 2965 2530 2966 2549 2966 2536 2966 2547 2967 2550 2967 2546 2967 2551 2968 2550 2968 2552 2968 2552 2969 2550 2969 2547 2969 2546 2970 2550 2970 2538 2970 2543 2971 2553 2971 2257 2971 2536 2972 2553 2972 2543 2972 2257 2973 2553 2973 2554 2973 2549 2974 2553 2974 2536 2974 2538 2975 2555 2975 2545 2975 2551 2976 2555 2976 2550 2976 2556 2977 2555 2977 2557 2977 2557 2978 2555 2978 2551 2978 2550 2979 2555 2979 2538 2979 2555 2980 2558 2980 2545 2980 2559 2981 2558 2981 2560 2981 2560 2982 2558 2982 2556 2982 2556 2983 2558 2983 2555 2983 2545 2984 2558 2984 2549 2984 2554 2985 2561 2985 2276 2985 2559 2986 2561 2986 2558 2986 2276 2987 2561 2987 2562 2987 2562 2988 2561 2988 2563 2988 2549 2989 2561 2989 2553 2989 2563 2990 2561 2990 2559 2990 2553 2991 2561 2991 2554 2991 2558 2992 2561 2992 2549 2992 2544 2993 2257 2993 2256 2993 2562 2994 2274 2994 2276 2994 2554 2995 2564 2995 2257 2995 2565 2996 2564 2996 2566 2996 2258 2997 2564 2997 2565 2997 2257 2998 2564 2998 2258 2998 2566 2999 2567 2999 2568 2999 2564 3000 2567 3000 2566 3000 2569 3001 2570 3001 2571 3001 2568 3002 2570 3002 2569 3002 2567 3003 2570 3003 2568 3003 2276 3004 2572 3004 2554 3004 2554 3005 2572 3005 2564 3005 2573 3006 2574 3006 2575 3006 2571 3007 2574 3007 2573 3007 2570 3008 2574 3008 2571 3008 2572 3009 2576 3009 2564 3009 2564 3010 2576 3010 2567 3010 2575 3011 2577 3011 2578 3011 2574 3012 2577 3012 2575 3012 2567 3013 2579 3013 2570 3013 2576 3014 2579 3014 2567 3014 2580 3015 2581 3015 2582 3015 2582 3016 2581 3016 2275 3016 2275 3017 2581 3017 2276 3017 2276 3018 2581 3018 2572 3018 2583 3019 2584 3019 2585 3019 2578 3020 2584 3020 2583 3020 2577 3021 2584 3021 2578 3021 2579 3022 2586 3022 2570 3022 2570 3023 2586 3023 2574 3023 2581 3024 2587 3024 2572 3024 2572 3025 2587 3025 2576 3025 2588 3026 2587 3026 2589 3026 2589 3027 2587 3027 2580 3027 2580 3028 2587 3028 2581 3028 2584 3029 2590 3029 2585 3029 2591 3030 2590 3030 2592 3030 2585 3031 2590 3031 2591 3031 2586 3032 2593 3032 2574 3032 2574 3033 2593 3033 2577 3033 2594 3034 2595 3034 2596 3034 2596 3035 2595 3035 2588 3035 2588 3036 2595 3036 2587 3036 2587 3037 2595 3037 2576 3037 2576 3038 2595 3038 2579 3038 2590 3039 2597 3039 2592 3039 2592 3040 2597 3040 2598 3040 2593 3041 2599 3041 2577 3041 2577 3042 2599 3042 2584 3042 2600 3043 2601 3043 2602 3043 2602 3044 2601 3044 2594 3044 2595 3045 2601 3045 2579 3045 2579 3046 2601 3046 2586 3046 2594 3047 2601 3047 2595 3047 2603 3048 2604 3048 2605 3048 2598 3049 2604 3049 2603 3049 2597 3050 2604 3050 2598 3050 2599 3051 2606 3051 2584 3051 2584 3052 2606 3052 2590 3052 2601 3053 2607 3053 2586 3053 2608 3054 2607 3054 2609 3054 2609 3055 2607 3055 2600 3055 2586 3056 2607 3056 2593 3056 2600 3057 2607 3057 2601 3057 2604 3058 2610 3058 2605 3058 2611 3059 2610 3059 2612 3059 2605 3060 2610 3060 2611 3060 2606 3061 2613 3061 2590 3061 2590 3062 2613 3062 2597 3062 2599 3063 2614 3063 2606 3063 2615 3064 2614 3064 2616 3064 2616 3065 2614 3065 2608 3065 2593 3066 2614 3066 2599 3066 2607 3067 2614 3067 2593 3067 2608 3068 2614 3068 2607 3068 2610 3069 2617 3069 2612 3069 2618 3070 2617 3070 2619 3070 2612 3071 2617 3071 2618 3071 2613 3072 2620 3072 2597 3072 2597 3073 2620 3073 2604 3073 2621 3074 2622 3074 2623 3074 2623 3075 2622 3075 2615 3075 2614 3076 2622 3076 2606 3076 2606 3077 2622 3077 2613 3077 2615 3078 2622 3078 2614 3078 2617 3079 2624 3079 2619 3079 2619 3080 2624 3080 2625 3080 2620 3081 2626 3081 2604 3081 2604 3082 2626 3082 2610 3082 2621 3083 2627 3083 2622 3083 2622 3084 2627 3084 2613 3084 2628 3085 2627 3085 2629 3085 2629 3086 2627 3086 2621 3086 2624 3087 2630 3087 2625 3087 2631 3088 2630 3088 2632 3088 2625 3089 2630 3089 2631 3089 2626 3090 2633 3090 2610 3090 2610 3091 2633 3091 2617 3091 2628 3092 2634 3092 2627 3092 2635 3093 2634 3093 2636 3093 2636 3094 2634 3094 2628 3094 2613 3095 2634 3095 2620 3095 2627 3096 2634 3096 2613 3096 2630 3097 2637 3097 2632 3097 2638 3098 2637 3098 2639 3098 2632 3099 2637 3099 2638 3099 2633 3100 2640 3100 2617 3100 2617 3101 2640 3101 2624 3101 2620 3102 2641 3102 2626 3102 2634 3103 2641 3103 2620 3103 2642 3104 2641 3104 2643 3104 2643 3105 2641 3105 2635 3105 2635 3106 2641 3106 2634 3106 2637 3107 2644 3107 2639 3107 2639 3108 2644 3108 2645 3108 2624 3109 2646 3109 2630 3109 2640 3110 2646 3110 2624 3110 2647 3111 2648 3111 2649 3111 2649 3112 2648 3112 2642 3112 2626 3113 2648 3113 2633 3113 2642 3114 2648 3114 2641 3114 2641 3115 2648 3115 2626 3115 2644 3116 2243 3116 2645 3116 2650 3117 2243 3117 2651 3117 2645 3118 2243 3118 2650 3118 2646 3119 2248 3119 2630 3119 2630 3120 2248 3120 2637 3120 2648 3121 2652 3121 2633 3121 2633 3122 2652 3122 2640 3122 2653 3123 2652 3123 2654 3123 2654 3124 2652 3124 2647 3124 2640 3125 2652 3125 2646 3125 2647 3126 2652 3126 2648 3126 2243 3127 2244 3127 2651 3127 2655 3128 2244 3128 2656 3128 2651 3129 2244 3129 2655 3129 2248 3130 2250 3130 2637 3130 2637 3131 2250 3131 2644 3131 2652 3132 2657 3132 2646 3132 2658 3133 2657 3133 2659 3133 2659 3134 2657 3134 2653 3134 2653 3135 2657 3135 2652 3135 2244 3136 2245 3136 2656 3136 2656 3137 2245 3137 2660 3137 2250 3138 2241 3138 2644 3138 2644 3139 2241 3139 2243 3139 2249 3140 2246 3140 2661 3140 2661 3141 2246 3141 2658 3141 2646 3142 2246 3142 2248 3142 2657 3143 2246 3143 2646 3143 2658 3144 2246 3144 2657 3144 2245 3145 2253 3145 2660 3145 2662 3146 2253 3146 2255 3146 2660 3147 2253 3147 2662 3147 2256 3148 2663 3148 2544 3148 2544 3149 2664 3149 2542 3149 2663 3150 2664 3150 2544 3150 2542 3151 2665 3151 2537 3151 2664 3152 2665 3152 2542 3152 2537 3153 2666 3153 2531 3153 2665 3154 2666 3154 2537 3154 2531 3155 2667 3155 2529 3155 2666 3156 2667 3156 2531 3156 2529 3157 2668 3157 2524 3157 2667 3158 2668 3158 2529 3158 2524 3159 2669 3159 2522 3159 2668 3160 2669 3160 2524 3160 2522 3161 2670 3161 2517 3161 2669 3162 2670 3162 2522 3162 2517 3163 2671 3163 2511 3163 2670 3164 2671 3164 2517 3164 2511 3165 2672 3165 2509 3165 2671 3166 2672 3166 2511 3166 2509 3167 2673 3167 2504 3167 2672 3168 2673 3168 2509 3168 2504 3169 2674 3169 2502 3169 2673 3170 2674 3170 2504 3170 2502 3171 2675 3171 2497 3171 2674 3172 2675 3172 2502 3172 2497 3173 2676 3173 2491 3173 2675 3174 2676 3174 2497 3174 2491 3175 2677 3175 2489 3175 2676 3176 2677 3176 2491 3176 2489 3177 2678 3177 2484 3177 2677 3178 2678 3178 2489 3178 2484 3179 2679 3179 2482 3179 2678 3180 2679 3180 2484 3180 2482 3181 2680 3181 2477 3181 2679 3182 2680 3182 2482 3182 2477 3183 2681 3183 2475 3183 2680 3184 2681 3184 2477 3184 2475 3185 2682 3185 2470 3185 2681 3186 2682 3186 2475 3186 2470 3187 2683 3187 2464 3187 2682 3188 2683 3188 2470 3188 2683 3189 2684 3189 2464 3189 2464 3190 2684 3190 2462 3190 2684 3191 2685 3191 2462 3191 2462 3192 2685 3192 2457 3192 2685 3193 2686 3193 2457 3193 2457 3194 2686 3194 2455 3194 2686 3195 2687 3195 2455 3195 2455 3196 2687 3196 2450 3196 2687 3197 2688 3197 2450 3197 2450 3198 2688 3198 2444 3198 2688 3199 2689 3199 2444 3199 2444 3200 2689 3200 2442 3200 2689 3201 2690 3201 2442 3201 2442 3202 2690 3202 2437 3202 2690 3203 2691 3203 2437 3203 2437 3204 2691 3204 2436 3204 2691 3205 2692 3205 2436 3205 2436 3206 2692 3206 2430 3206 2430 3207 2693 3207 2424 3207 2692 3208 2693 3208 2430 3208 2424 3209 2694 3209 2423 3209 2693 3210 2694 3210 2424 3210 2423 3211 2695 3211 2417 3211 2694 3212 2695 3212 2423 3212 2417 3213 2696 3213 2416 3213 2695 3214 2696 3214 2417 3214 2416 3215 2697 3215 2410 3215 2696 3216 2697 3216 2416 3216 2410 3217 2698 3217 2409 3217 2697 3218 2698 3218 2410 3218 2409 3219 2699 3219 2403 3219 2698 3220 2699 3220 2409 3220 2403 3221 2700 3221 2397 3221 2699 3222 2700 3222 2403 3222 2397 3223 2701 3223 2396 3223 2700 3224 2701 3224 2397 3224 2396 3225 2702 3225 2390 3225 2701 3226 2702 3226 2396 3226 2390 3227 2703 3227 2388 3227 2702 3228 2703 3228 2390 3228 2388 3229 2704 3229 2383 3229 2703 3230 2704 3230 2388 3230 2383 3231 2705 3231 2377 3231 2704 3232 2705 3232 2383 3232 2377 3233 2706 3233 2376 3233 2705 3234 2706 3234 2377 3234 2376 3235 2707 3235 2370 3235 2706 3236 2707 3236 2376 3236 2370 3237 2708 3237 2369 3237 2707 3238 2708 3238 2370 3238 2708 3239 2709 3239 2369 3239 2369 3240 2709 3240 2363 3240 2709 3241 2710 3241 2363 3241 2363 3242 2710 3242 2357 3242 2710 3243 2711 3243 2357 3243 2357 3244 2711 3244 2355 3244 2711 3245 2712 3245 2355 3245 2355 3246 2712 3246 2350 3246 2712 3247 2713 3247 2350 3247 2350 3248 2713 3248 2349 3248 2713 3249 2714 3249 2349 3249 2349 3250 2714 3250 2343 3250 2714 3251 2715 3251 2343 3251 2343 3252 2715 3252 2341 3252 2715 3253 2716 3253 2341 3253 2341 3254 2716 3254 2336 3254 2716 3255 2717 3255 2336 3255 2336 3256 2717 3256 2330 3256 2717 3257 2718 3257 2330 3257 2330 3258 2718 3258 2328 3258 2718 3259 2719 3259 2328 3259 2328 3260 2719 3260 2323 3260 2719 3261 2720 3261 2323 3261 2323 3262 2720 3262 2322 3262 2720 3263 2721 3263 2322 3263 2322 3264 2721 3264 2316 3264 2721 3265 2722 3265 2316 3265 2316 3266 2722 3266 2310 3266 2722 3267 2723 3267 2310 3267 2310 3268 2723 3268 2308 3268 2723 3269 2724 3269 2308 3269 2308 3270 2724 3270 2303 3270 2724 3271 2725 3271 2303 3271 2303 3272 2725 3272 2302 3272 2725 3273 2726 3273 2302 3273 2302 3274 2726 3274 2296 3274 2726 3275 2727 3275 2296 3275 2296 3276 2728 3276 2290 3276 2290 3277 2728 3277 2289 3277 2727 3278 2728 3278 2296 3278 2289 3279 2729 3279 2283 3279 2728 3280 2729 3280 2289 3280 2283 3281 2730 3281 2282 3281 2729 3282 2730 3282 2283 3282 2282 3283 2731 3283 2273 3283 2730 3284 2731 3284 2282 3284 2273 3285 2732 3285 2267 3285 2731 3286 2732 3286 2273 3286 2267 3287 2733 3287 2265 3287 2732 3288 2733 3288 2267 3288 2733 3289 2734 3289 2265 3289 2265 3290 2734 3290 2260 3290 2260 3291 2735 3291 2259 3291 2734 3292 2735 3292 2260 3292 2735 3293 2736 3293 2259 3293 2259 3294 2736 3294 2255 3294 2736 3295 2737 3295 2255 3295 2255 3296 2737 3296 2662 3296 2737 3297 2738 3297 2662 3297 2662 3298 2738 3298 2660 3298 2738 3299 2739 3299 2660 3299 2660 3300 2739 3300 2656 3300 2739 3301 2740 3301 2656 3301 2656 3302 2740 3302 2655 3302 2740 3303 2741 3303 2655 3303 2655 3304 2741 3304 2651 3304 2741 3305 2742 3305 2651 3305 2651 3306 2742 3306 2650 3306 2742 3307 2743 3307 2650 3307 2743 3308 2744 3308 2650 3308 2650 3309 2744 3309 2645 3309 2645 3310 2744 3310 2639 3310 2744 3311 2745 3311 2639 3311 2639 3312 2745 3312 2638 3312 2745 3313 2746 3313 2638 3313 2746 3314 2747 3314 2638 3314 2638 3315 2747 3315 2632 3315 2632 3316 2747 3316 2631 3316 2747 3317 2748 3317 2631 3317 2748 3318 2749 3318 2631 3318 2631 3319 2749 3319 2625 3319 2749 3320 2750 3320 2625 3320 2625 3321 2750 3321 2619 3321 2750 3322 2751 3322 2619 3322 2619 3323 2751 3323 2618 3323 2618 3324 2751 3324 2612 3324 2751 3325 2752 3325 2612 3325 2612 3326 2752 3326 2611 3326 2752 3327 2753 3327 2611 3327 2753 3328 2754 3328 2611 3328 2611 3329 2754 3329 2605 3329 2603 3330 2755 3330 2598 3330 2754 3331 2755 3331 2605 3331 2605 3332 2755 3332 2603 3332 2598 3333 2756 3333 2592 3333 2755 3334 2756 3334 2598 3334 2592 3335 2757 3335 2591 3335 2756 3336 2757 3336 2592 3336 2757 3337 2758 3337 2591 3337 2591 3338 2759 3338 2585 3338 2585 3339 2759 3339 2583 3339 2758 3340 2759 3340 2591 3340 2759 3341 2760 3341 2583 3341 2583 3342 2761 3342 2578 3342 2578 3343 2761 3343 2575 3343 2760 3344 2761 3344 2583 3344 2761 3345 2762 3345 2575 3345 2575 3346 2762 3346 2573 3346 2573 3347 2763 3347 2571 3347 2762 3348 2763 3348 2573 3348 2763 3349 2764 3349 2571 3349 2571 3350 2765 3350 2569 3350 2764 3351 2765 3351 2571 3351 2569 3352 2766 3352 2568 3352 2568 3353 2766 3353 2566 3353 2765 3354 2766 3354 2569 3354 2566 3355 2767 3355 2565 3355 2766 3356 2767 3356 2566 3356 2767 3357 2768 3357 2565 3357 2565 3358 2769 3358 2258 3358 2768 3359 2769 3359 2565 3359 2258 3360 2663 3360 2256 3360 2769 3361 2663 3361 2258 3361 2770 3362 2771 3362 2772 3362 2771 3363 2773 3363 2772 3363 2772 3364 2774 3364 2775 3364 2773 3365 2774 3365 2772 3365 2775 3366 2776 3366 2777 3366 2774 3367 2776 3367 2775 3367 2777 3368 2778 3368 2779 3368 2776 3369 2778 3369 2777 3369 2779 3370 2780 3370 2781 3370 2778 3371 2780 3371 2779 3371 2781 3372 2782 3372 2783 3372 2780 3373 2782 3373 2781 3373 2783 3374 2784 3374 2785 3374 2782 3375 2784 3375 2783 3375 2785 3376 2786 3376 2787 3376 2784 3377 2786 3377 2785 3377 2787 3378 2788 3378 2789 3378 2789 3379 2788 3379 2790 3379 2786 3380 2788 3380 2787 3380 2790 3381 2791 3381 2792 3381 2788 3382 2791 3382 2790 3382 2791 3383 2793 3383 2792 3383 2793 3384 2794 3384 2792 3384 2792 3385 2794 3385 2795 3385 2795 3386 2794 3386 2796 3386 2794 3387 2797 3387 2796 3387 2797 3388 2798 3388 2796 3388 2796 3389 2798 3389 2799 3389 2799 3390 2798 3390 2800 3390 2798 3391 2801 3391 2800 3391 2801 3392 2802 3392 2800 3392 2800 3393 2802 3393 2803 3393 2802 3394 2804 3394 2803 3394 2803 3395 2804 3395 2805 3395 2804 3396 2806 3396 2805 3396 2805 3397 2806 3397 2807 3397 2806 3398 2808 3398 2807 3398 2807 3399 2808 3399 2809 3399 2809 3400 2808 3400 2810 3400 2808 3401 2811 3401 2810 3401 2810 3402 2811 3402 2812 3402 2811 3403 2813 3403 2812 3403 2813 3404 2814 3404 2812 3404 2812 3405 2814 3405 2815 3405 2815 3406 2816 3406 2817 3406 2814 3407 2816 3407 2815 3407 2817 3408 2818 3408 2819 3408 2816 3409 2818 3409 2817 3409 2819 3410 2820 3410 2821 3410 2818 3411 2820 3411 2819 3411 2821 3412 2822 3412 2823 3412 2820 3413 2822 3413 2821 3413 2823 3414 2824 3414 2825 3414 2825 3415 2824 3415 2826 3415 2822 3416 2824 3416 2823 3416 2824 3417 2827 3417 2826 3417 2826 3418 2828 3418 2829 3418 2827 3419 2828 3419 2826 3419 2829 3420 2830 3420 2831 3420 2828 3421 2830 3421 2829 3421 2831 3422 2832 3422 2833 3422 2833 3423 2832 3423 2834 3423 2830 3424 2832 3424 2831 3424 2832 3425 2835 3425 2834 3425 2834 3426 2836 3426 2837 3426 2837 3427 2836 3427 2838 3427 2835 3428 2836 3428 2834 3428 2836 3429 2839 3429 2838 3429 2838 3430 2840 3430 2841 3430 2839 3431 2840 3431 2838 3431 2841 3432 2842 3432 2843 3432 2840 3433 2842 3433 2841 3433 2842 3434 2844 3434 2843 3434 2843 3435 2844 3435 2845 3435 2844 3436 2846 3436 2845 3436 2845 3437 2846 3437 2847 3437 2846 3438 2848 3438 2847 3438 2847 3439 2848 3439 2849 3439 2848 3440 2850 3440 2849 3440 2849 3441 2850 3441 2851 3441 2850 3442 2852 3442 2851 3442 2851 3443 2852 3443 2853 3443 2853 3444 2852 3444 2854 3444 2852 3445 2855 3445 2854 3445 2855 3446 2856 3446 2854 3446 2854 3447 2856 3447 2857 3447 2856 3448 2858 3448 2857 3448 2857 3449 2858 3449 2859 3449 2858 3450 2860 3450 2859 3450 2859 3451 2860 3451 2861 3451 2860 3452 2862 3452 2861 3452 2861 3453 2862 3453 2863 3453 2862 3454 2864 3454 2863 3454 2863 3455 2864 3455 2865 3455 2864 3456 2866 3456 2865 3456 2865 3457 2866 3457 2867 3457 2866 3458 2868 3458 2867 3458 2867 3459 2868 3459 2869 3459 2869 3460 2868 3460 2870 3460 2868 3461 2871 3461 2870 3461 2871 3462 2872 3462 2870 3462 2870 3463 2872 3463 2873 3463 2872 3464 2874 3464 2873 3464 2873 3465 2874 3465 2875 3465 2874 3466 2876 3466 2875 3466 2875 3467 2876 3467 2877 3467 2877 3468 2876 3468 2878 3468 2876 3469 2879 3469 2878 3469 2879 3470 2880 3470 2878 3470 2878 3471 2880 3471 2881 3471 2880 3472 2882 3472 2881 3472 2881 3473 2882 3473 2883 3473 2883 3474 2882 3474 2884 3474 2882 3475 2885 3475 2884 3475 2884 3476 2886 3476 2887 3476 2885 3477 2886 3477 2884 3477 2887 3478 2886 3478 2888 3478 2886 3479 2889 3479 2888 3479 2888 3480 2890 3480 2891 3480 2889 3481 2890 3481 2888 3481 2891 3482 2892 3482 2893 3482 2890 3483 2892 3483 2891 3483 2892 3484 2894 3484 2893 3484 2893 3485 2894 3485 2895 3485 2895 3486 2894 3486 2896 3486 2894 3487 2897 3487 2896 3487 2896 3488 2897 3488 2898 3488 2897 3489 2899 3489 2898 3489 2898 3490 2899 3490 2900 3490 2899 3491 2901 3491 2900 3491 2901 3492 2902 3492 2900 3492 2900 3493 2902 3493 2903 3493 2903 3494 2902 3494 2904 3494 2902 3495 2905 3495 2904 3495 2905 3496 2906 3496 2904 3496 2904 3497 2906 3497 2907 3497 2906 3498 2908 3498 2907 3498 2907 3499 2908 3499 2909 3499 2908 3500 2910 3500 2909 3500 2909 3501 2910 3501 2911 3501 2911 3502 2910 3502 2912 3502 2910 3503 2913 3503 2912 3503 2913 3504 2914 3504 2912 3504 2912 3505 2914 3505 2915 3505 2914 3506 2916 3506 2915 3506 2915 3507 2916 3507 2917 3507 2917 3508 2918 3508 2919 3508 2916 3509 2918 3509 2917 3509 2919 3510 2920 3510 2921 3510 2918 3511 2920 3511 2919 3511 2921 3512 2922 3512 2923 3512 2923 3513 2922 3513 2924 3513 2920 3514 2922 3514 2921 3514 2922 3515 2925 3515 2924 3515 2924 3516 2926 3516 2927 3516 2925 3517 2926 3517 2924 3517 2927 3518 2928 3518 2929 3518 2926 3519 2928 3519 2927 3519 2929 3520 2930 3520 2931 3520 2928 3521 2930 3521 2929 3521 2931 3522 2932 3522 2933 3522 2930 3523 2932 3523 2931 3523 2933 3524 2934 3524 2935 3524 2935 3525 2934 3525 2936 3525 2932 3526 2934 3526 2933 3526 2934 3527 2937 3527 2936 3527 2936 3528 2938 3528 2939 3528 2937 3529 2938 3529 2936 3529 2939 3530 2940 3530 2941 3530 2938 3531 2940 3531 2939 3531 2941 3532 2942 3532 2943 3532 2940 3533 2942 3533 2941 3533 2943 3534 2944 3534 2945 3534 2945 3535 2944 3535 2946 3535 2942 3536 2944 3536 2943 3536 2944 3537 2947 3537 2946 3537 2947 3538 2948 3538 2946 3538 2946 3539 2948 3539 2949 3539 2948 3540 2950 3540 2949 3540 2949 3541 2950 3541 2951 3541 2950 3542 2952 3542 2951 3542 2951 3543 2952 3543 2953 3543 2953 3544 2952 3544 2954 3544 2952 3545 2955 3545 2954 3545 2954 3546 2956 3546 2957 3546 2955 3547 2956 3547 2954 3547 2957 3548 2958 3548 2959 3548 2959 3549 2958 3549 2960 3549 2956 3550 2958 3550 2957 3550 2958 3551 2961 3551 2960 3551 2960 3552 2962 3552 2963 3552 2963 3553 2962 3553 2964 3553 2961 3554 2962 3554 2960 3554 2962 3555 2965 3555 2964 3555 2964 3556 2966 3556 2967 3556 2967 3557 2966 3557 2968 3557 2965 3558 2966 3558 2964 3558 2966 3559 2969 3559 2968 3559 2968 3560 2970 3560 2971 3560 2969 3561 2970 3561 2968 3561 2971 3562 2972 3562 2973 3562 2970 3563 2972 3563 2971 3563 2973 3564 2974 3564 2975 3564 2972 3565 2974 3565 2973 3565 2975 3566 2976 3566 2977 3566 2974 3567 2976 3567 2975 3567 2977 3568 2978 3568 2979 3568 2976 3569 2978 3569 2977 3569 2979 3570 2980 3570 2981 3570 2978 3571 2980 3571 2979 3571 2981 3572 2982 3572 2983 3572 2980 3573 2982 3573 2981 3573 2983 3574 2984 3574 2985 3574 2982 3575 2984 3575 2983 3575 2985 3576 2986 3576 2987 3576 2984 3577 2986 3577 2985 3577 2987 3578 2988 3578 2989 3578 2986 3579 2988 3579 2987 3579 2989 3580 2990 3580 2991 3580 2988 3581 2990 3581 2989 3581 2991 3582 2992 3582 2993 3582 2990 3583 2992 3583 2991 3583 2993 3584 2994 3584 2995 3584 2992 3585 2994 3585 2993 3585 2994 3586 2996 3586 2995 3586 2995 3587 2996 3587 2997 3587 2996 3588 2998 3588 2997 3588 2997 3589 2998 3589 2999 3589 2998 3590 3000 3590 2999 3590 2999 3591 3000 3591 3001 3591 3000 3592 3002 3592 3001 3592 3001 3593 3002 3593 3003 3593 3003 3594 3002 3594 3004 3594 3002 3595 3005 3595 3004 3595 3005 3596 3006 3596 3004 3596 3004 3597 3006 3597 3007 3597 3006 3598 3008 3598 3007 3598 3007 3599 3008 3599 3009 3599 3008 3600 3010 3600 3009 3600 3009 3601 3010 3601 3011 3601 3010 3602 3012 3602 3011 3602 3011 3603 3012 3603 3013 3603 3013 3604 3012 3604 3014 3604 3012 3605 3015 3605 3014 3605 3015 3606 3016 3606 3014 3606 3014 3607 3016 3607 3017 3607 3016 3608 3018 3608 3017 3608 3017 3609 3018 3609 3019 3609 3018 3610 3020 3610 3019 3610 3019 3611 3020 3611 3021 3611 3021 3612 3020 3612 2770 3612 3020 3613 2771 3613 2770 3613 2804 3614 2813 3614 2806 3614 2806 3615 2813 3615 2808 3615 2808 3616 2813 3616 2811 3616 2813 3617 2816 3617 2814 3617 2804 3618 2816 3618 2813 3618 2788 3619 2786 3619 2791 3619 2791 3620 2786 3620 2793 3620 2793 3621 2786 3621 2794 3621 2794 3622 2786 3622 2797 3622 2797 3623 2786 3623 2798 3623 2798 3624 2786 3624 2801 3624 2816 3625 2820 3625 2818 3625 2784 3626 2782 3626 2786 3626 2786 3627 2782 3627 2801 3627 2801 3628 2780 3628 2802 3628 2782 3629 2780 3629 2801 3629 2820 3630 2824 3630 2822 3630 2816 3631 2824 3631 2820 3631 2802 3632 2828 3632 2804 3632 2824 3633 2828 3633 2827 3633 2804 3634 2828 3634 2816 3634 2816 3635 2828 3635 2824 3635 2776 3636 2774 3636 2778 3636 2778 3637 2774 3637 2780 3637 2828 3638 2835 3638 2830 3638 2830 3639 2835 3639 2832 3639 2835 3640 2839 3640 2836 3640 2835 3641 2840 3641 2839 3641 3016 3642 3015 3642 3018 3642 3018 3643 3015 3643 3020 3643 3020 3644 3015 3644 2771 3644 2835 3645 2842 3645 2840 3645 2828 3646 2842 3646 2835 3646 3015 3647 3012 3647 2771 3647 2842 3648 2848 3648 2844 3648 2844 3649 2848 3649 2846 3649 2842 3650 2850 3650 2848 3650 3006 3651 3005 3651 3008 3651 3008 3652 3005 3652 3010 3652 2828 3653 2852 3653 2842 3653 2842 3654 2852 3654 2850 3654 2771 3655 3000 3655 2773 3655 3002 3656 3000 3656 3005 3656 3010 3657 3000 3657 3012 3657 3012 3658 3000 3658 2771 3658 3005 3659 3000 3659 3010 3659 2852 3660 2858 3660 2855 3660 2855 3661 2858 3661 2856 3661 2998 3662 2996 3662 3000 3662 3000 3663 2994 3663 2773 3663 2996 3664 2994 3664 3000 3664 2858 3665 2862 3665 2860 3665 2773 3666 2990 3666 2774 3666 2992 3667 2990 3667 2994 3667 2994 3668 2990 3668 2773 3668 2862 3669 2868 3669 2864 3669 2864 3670 2868 3670 2866 3670 2988 3671 2986 3671 2990 3671 2868 3672 2872 3672 2871 3672 2862 3673 2874 3673 2868 3673 2868 3674 2874 3674 2872 3674 2982 3675 2980 3675 2984 3675 2984 3676 2980 3676 2986 3676 2986 3677 2980 3677 2990 3677 2852 3678 2880 3678 2858 3678 2858 3679 2880 3679 2862 3679 2874 3680 2880 3680 2876 3680 2876 3681 2880 3681 2879 3681 2862 3682 2880 3682 2874 3682 2976 3683 2974 3683 2978 3683 2852 3684 2882 3684 2880 3684 2978 3685 2972 3685 2980 3685 2974 3686 2972 3686 2978 3686 2970 3687 2969 3687 2972 3687 2828 3688 2969 3688 2852 3688 2990 3689 2969 3689 2774 3689 2780 3690 2969 3690 2802 3690 2980 3691 2969 3691 2990 3691 2802 3692 2969 3692 2828 3692 2774 3693 2969 3693 2780 3693 2972 3694 2969 3694 2980 3694 2882 3695 2889 3695 2885 3695 2885 3696 2889 3696 2886 3696 2852 3697 2889 3697 2882 3697 2969 3698 2889 3698 2852 3698 2969 3699 2890 3699 2889 3699 2965 3700 2962 3700 2966 3700 2966 3701 2962 3701 2969 3701 2894 3702 2899 3702 2897 3702 2956 3703 2955 3703 2958 3703 2958 3704 2955 3704 2961 3704 2961 3705 2955 3705 2962 3705 2962 3706 2952 3706 2969 3706 2955 3707 2952 3707 2962 3707 2894 3708 2905 3708 2899 3708 2892 3709 2905 3709 2894 3709 2899 3710 2905 3710 2901 3710 2901 3711 2905 3711 2902 3711 2950 3712 2948 3712 2952 3712 2892 3713 2908 3713 2905 3713 2905 3714 2908 3714 2906 3714 2952 3715 2947 3715 2969 3715 2948 3716 2947 3716 2952 3716 2892 3717 2913 3717 2908 3717 2890 3718 2913 3718 2892 3718 2908 3719 2913 3719 2910 3719 2942 3720 2940 3720 2944 3720 2890 3721 2916 3721 2913 3721 2913 3722 2916 3722 2914 3722 2947 3723 2938 3723 2969 3723 2940 3724 2938 3724 2944 3724 2944 3725 2938 3725 2947 3725 2934 3726 2932 3726 2937 3726 2937 3727 2932 3727 2938 3727 2916 3728 2925 3728 2918 3728 2918 3729 2925 3729 2920 3729 2920 3730 2925 3730 2922 3730 2890 3731 2928 3731 2916 3731 2938 3732 2928 3732 2969 3732 2932 3733 2928 3733 2938 3733 2916 3734 2928 3734 2925 3734 2925 3735 2928 3735 2926 3735 2930 3736 2928 3736 2932 3736 2969 3737 2928 3737 2890 3737 3022 3738 3023 3738 3024 3738 3024 3739 3023 3739 3025 3739 3026 3740 3027 3740 3028 3740 3028 3741 3027 3741 3029 3741 3027 3742 3030 3742 3029 3742 3029 3743 3030 3743 3031 3743 3030 3744 3032 3744 3031 3744 3031 3745 3032 3745 3033 3745 3032 3746 3034 3746 3033 3746 3033 3747 3034 3747 3035 3747 3034 3748 3036 3748 3035 3748 3037 3749 3036 3749 3038 3749 3035 3750 3036 3750 3037 3750 3036 3751 3039 3751 3038 3751 3038 3752 3039 3752 3040 3752 3039 3753 3041 3753 3040 3753 3041 3754 3042 3754 3040 3754 3040 3755 3042 3755 3043 3755 3042 3756 3044 3756 3043 3756 3045 3757 3044 3757 3046 3757 3043 3758 3044 3758 3045 3758 3044 3759 3047 3759 3046 3759 3046 3760 3048 3760 3049 3760 3047 3761 3048 3761 3046 3761 3048 3762 3050 3762 3049 3762 3049 3763 3050 3763 3051 3763 3051 3764 3052 3764 3053 3764 3050 3765 3052 3765 3051 3765 3053 3766 3054 3766 3055 3766 3052 3767 3054 3767 3053 3767 3056 3768 3057 3768 3058 3768 3055 3769 3057 3769 3056 3769 3054 3770 3057 3770 3055 3770 3057 3771 3059 3771 3058 3771 3060 3772 3061 3772 3062 3772 3058 3773 3061 3773 3060 3773 3059 3774 3061 3774 3058 3774 3061 3775 3063 3775 3062 3775 3064 3776 3065 3776 3066 3776 3062 3777 3065 3777 3064 3777 3063 3778 3065 3778 3062 3778 3066 3779 3067 3779 3068 3779 3065 3780 3067 3780 3066 3780 3067 3781 3069 3781 3068 3781 3070 3782 3071 3782 3072 3782 3068 3783 3071 3783 3070 3783 3069 3784 3071 3784 3068 3784 3072 3785 3073 3785 3074 3785 3071 3786 3073 3786 3072 3786 3074 3787 3075 3787 3076 3787 3073 3788 3075 3788 3074 3788 3075 3789 3077 3789 3076 3789 3076 3790 3078 3790 3079 3790 3077 3791 3078 3791 3076 3791 3078 3792 3080 3792 3079 3792 3081 3793 3080 3793 3082 3793 3079 3794 3080 3794 3081 3794 3080 3795 3083 3795 3082 3795 3083 3796 3084 3796 3082 3796 3085 3797 3084 3797 3086 3797 3082 3798 3084 3798 3085 3798 3084 3799 3087 3799 3086 3799 3086 3800 3088 3800 3089 3800 3087 3801 3088 3801 3086 3801 3090 3802 3091 3802 3092 3802 3089 3803 3091 3803 3090 3803 3088 3804 3091 3804 3089 3804 3091 3805 3093 3805 3092 3805 3092 3806 3094 3806 3095 3806 3093 3807 3094 3807 3092 3807 3096 3808 3097 3808 3098 3808 3095 3809 3097 3809 3096 3809 3094 3810 3097 3810 3095 3810 3097 3811 3099 3811 3098 3811 3100 3812 3101 3812 3102 3812 3098 3813 3101 3813 3100 3813 3099 3814 3101 3814 3098 3814 3101 3815 3103 3815 3102 3815 3102 3816 3104 3816 3105 3816 3103 3817 3104 3817 3102 3817 3105 3818 3106 3818 3107 3818 3104 3819 3106 3819 3105 3819 3108 3820 3109 3820 3110 3820 3107 3821 3109 3821 3108 3821 3106 3822 3109 3822 3107 3822 3109 3823 3111 3823 3110 3823 3110 3824 3112 3824 3113 3824 3111 3825 3112 3825 3110 3825 3113 3826 3114 3826 3115 3826 3112 3827 3114 3827 3113 3827 3115 3828 3022 3828 3024 3828 3114 3829 3022 3829 3115 3829 3116 3830 3028 3830 3117 3830 3116 3831 3026 3831 3028 3831 3118 3832 3119 3832 3120 3832 3120 3833 3119 3833 3121 3833 3121 3834 3122 3834 3123 3834 3119 3835 3122 3835 3121 3835 3123 3836 3124 3836 3125 3836 3122 3837 3124 3837 3123 3837 3125 3838 3126 3838 3127 3838 3124 3839 3126 3839 3125 3839 3127 3840 3128 3840 3129 3840 3126 3841 3128 3841 3127 3841 3129 3842 3130 3842 3131 3842 3128 3843 3130 3843 3129 3843 3131 3844 3132 3844 3133 3844 3130 3845 3132 3845 3131 3845 3134 3846 3135 3846 3117 3846 3133 3847 3135 3847 3134 3847 3132 3848 3135 3848 3133 3848 3135 3849 3116 3849 3117 3849 3118 3850 3120 3850 3136 3850 3137 3851 3136 3851 3138 3851 3137 3852 3118 3852 3136 3852 3139 3853 3138 3853 3140 3853 3139 3854 3137 3854 3138 3854 3141 3855 3140 3855 3142 3855 3141 3856 3139 3856 3140 3856 3143 3857 3141 3857 3142 3857 3144 3858 3142 3858 3145 3858 3144 3859 3143 3859 3142 3859 3146 3860 3147 3860 3148 3860 3146 3861 3145 3861 3147 3861 3146 3862 3144 3862 3145 3862 3149 3863 3146 3863 3148 3863 3150 3864 3148 3864 3151 3864 3150 3865 3149 3865 3148 3865 3152 3866 3151 3866 3153 3866 3152 3867 3150 3867 3151 3867 3154 3868 3153 3868 3155 3868 3154 3869 3152 3869 3153 3869 3156 3870 3155 3870 3157 3870 3156 3871 3154 3871 3155 3871 3158 3872 3157 3872 3159 3872 3158 3873 3156 3873 3157 3873 3160 3874 3158 3874 3159 3874 3160 3875 3159 3875 3161 3875 3162 3876 3160 3876 3161 3876 3162 3877 3161 3877 3163 3877 3164 3878 3162 3878 3163 3878 3164 3879 3163 3879 3165 3879 3166 3880 3164 3880 3165 3880 3166 3881 3165 3881 3167 3881 3168 3882 3166 3882 3167 3882 3168 3883 3167 3883 3169 3883 3170 3884 3168 3884 3169 3884 3170 3885 3169 3885 3171 3885 3172 3886 3171 3886 3173 3886 3172 3887 3170 3887 3171 3887 3174 3888 3173 3888 3175 3888 3174 3889 3172 3889 3173 3889 3176 3890 3175 3890 3177 3890 3176 3891 3174 3891 3175 3891 3178 3892 3177 3892 3179 3892 3178 3893 3176 3893 3177 3893 3180 3894 3181 3894 3182 3894 3182 3895 3183 3895 3184 3895 3181 3896 3183 3896 3182 3896 3184 3897 3185 3897 3186 3897 3183 3898 3185 3898 3184 3898 3186 3899 3187 3899 3188 3899 3185 3900 3187 3900 3186 3900 3188 3901 3189 3901 3190 3901 3187 3902 3189 3902 3188 3902 3190 3903 3191 3903 3192 3903 3189 3904 3191 3904 3190 3904 3192 3905 3193 3905 3194 3905 3191 3906 3193 3906 3192 3906 3194 3907 3195 3907 3196 3907 3193 3908 3195 3908 3194 3908 3195 3909 3197 3909 3196 3909 3196 3910 3178 3910 3179 3910 3197 3911 3178 3911 3196 3911 3198 3912 3180 3912 3199 3912 3198 3913 3181 3913 3180 3913 3200 3914 3201 3914 3202 3914 3202 3915 3201 3915 3203 3915 3201 3916 3204 3916 3203 3916 3205 3917 3204 3917 3206 3917 3203 3918 3204 3918 3205 3918 3204 3919 3207 3919 3206 3919 3206 3920 3207 3920 3208 3920 3207 3921 3209 3921 3208 3921 3209 3922 3210 3922 3208 3922 3208 3923 3210 3923 3211 3923 3210 3924 3212 3924 3211 3924 3213 3925 3212 3925 3214 3925 3211 3926 3212 3926 3213 3926 3212 3927 3215 3927 3214 3927 3214 3928 3215 3928 3216 3928 3215 3929 3217 3929 3216 3929 3217 3930 3218 3930 3216 3930 3216 3931 3218 3931 3219 3931 3219 3932 3220 3932 3221 3932 3218 3933 3220 3933 3219 3933 3220 3934 3222 3934 3221 3934 3221 3935 3222 3935 3223 3935 3223 3936 3224 3936 3225 3936 3222 3937 3224 3937 3223 3937 3225 3938 3226 3938 3227 3938 3224 3939 3226 3939 3225 3939 3227 3940 3228 3940 3229 3940 3226 3941 3228 3941 3227 3941 3230 3942 3231 3942 3232 3942 3229 3943 3231 3943 3230 3943 3228 3944 3231 3944 3229 3944 3231 3945 3233 3945 3232 3945 3232 3946 3234 3946 3235 3946 3233 3947 3234 3947 3232 3947 3235 3948 3236 3948 3237 3948 3234 3949 3236 3949 3235 3949 3237 3950 3238 3950 3239 3950 3236 3951 3238 3951 3237 3951 3240 3952 3241 3952 3242 3952 3239 3953 3241 3953 3240 3953 3238 3954 3241 3954 3239 3954 3242 3955 3243 3955 3244 3955 3241 3956 3243 3956 3242 3956 3244 3957 3245 3957 3246 3957 3243 3958 3245 3958 3244 3958 3246 3959 3247 3959 3248 3959 3245 3960 3247 3960 3246 3960 3247 3961 3249 3961 3248 3961 3248 3962 3250 3962 3251 3962 3249 3963 3250 3963 3248 3963 3251 3964 3252 3964 3253 3964 3250 3965 3252 3965 3251 3965 3252 3966 3254 3966 3253 3966 3255 3967 3254 3967 3256 3967 3253 3968 3254 3968 3255 3968 3254 3969 3257 3969 3256 3969 3257 3970 3258 3970 3256 3970 3256 3971 3258 3971 3259 3971 3258 3972 3260 3972 3259 3972 3259 3973 3260 3973 3261 3973 3260 3974 3262 3974 3261 3974 3261 3975 3262 3975 3263 3975 3264 3976 3265 3976 3266 3976 3263 3977 3265 3977 3264 3977 3262 3978 3265 3978 3263 3978 3265 3979 3267 3979 3266 3979 3268 3980 3269 3980 3270 3980 3266 3981 3269 3981 3268 3981 3267 3982 3269 3982 3266 3982 3270 3983 3271 3983 3272 3983 3269 3984 3271 3984 3270 3984 3271 3985 3273 3985 3272 3985 3272 3986 3274 3986 3275 3986 3273 3987 3274 3987 3272 3987 3275 3988 3276 3988 3277 3988 3274 3989 3276 3989 3275 3989 3278 3990 3279 3990 3280 3990 3277 3991 3279 3991 3278 3991 3276 3992 3279 3992 3277 3992 3280 3993 3281 3993 3282 3993 3279 3994 3281 3994 3280 3994 3282 3995 3283 3995 3284 3995 3281 3996 3283 3996 3282 3996 3283 3997 3285 3997 3284 3997 3284 3998 3286 3998 3287 3998 3285 3999 3286 3999 3284 3999 3287 4000 3288 4000 3289 4000 3286 4001 3288 4001 3287 4001 3289 4002 3198 4002 3199 4002 3288 4003 3198 4003 3289 4003 3290 4004 3200 4004 3291 4004 3291 4005 3200 4005 3202 4005 3292 4006 3293 4006 3294 4006 3294 4007 3293 4007 3295 4007 3296 4008 3297 4008 3298 4008 3295 4009 3297 4009 3296 4009 3293 4010 3297 4010 3295 4010 3298 4011 3299 4011 3300 4011 3297 4012 3299 4012 3298 4012 3299 4013 3301 4013 3300 4013 3302 4014 3303 4014 3304 4014 3300 4015 3303 4015 3302 4015 3301 4016 3303 4016 3300 4016 3303 4017 3305 4017 3304 4017 3304 4018 3306 4018 3307 4018 3305 4019 3306 4019 3304 4019 3307 4020 3308 4020 3309 4020 3306 4021 3308 4021 3307 4021 3309 4022 3290 4022 3291 4022 3308 4023 3290 4023 3309 4023 3310 4024 3292 4024 3294 4024 3310 4025 3294 4025 3311 4025 3312 4026 3311 4026 3313 4026 3312 4027 3310 4027 3311 4027 3314 4028 3313 4028 3315 4028 3314 4029 3312 4029 3313 4029 3316 4030 3315 4030 3317 4030 3316 4031 3314 4031 3315 4031 3318 4032 3317 4032 3319 4032 3318 4033 3316 4033 3317 4033 3320 4034 3319 4034 3321 4034 3320 4035 3318 4035 3319 4035 3322 4036 3321 4036 3323 4036 3322 4037 3320 4037 3321 4037 3324 4038 3323 4038 3325 4038 3324 4039 3322 4039 3323 4039 3326 4040 3325 4040 3327 4040 3326 4041 3324 4041 3325 4041 3328 4042 3327 4042 3329 4042 3328 4043 3326 4043 3327 4043 3330 4044 3329 4044 3331 4044 3330 4045 3328 4045 3329 4045 3332 4046 3331 4046 3333 4046 3332 4047 3330 4047 3331 4047 3334 4048 3332 4048 3333 4048 3334 4049 3333 4049 3335 4049 3336 4050 3334 4050 3335 4050 3336 4051 3335 4051 3337 4051 3338 4052 3336 4052 3337 4052 3338 4053 3337 4053 3339 4053 3340 4054 3338 4054 3339 4054 3340 4055 3339 4055 3341 4055 3342 4056 3340 4056 3341 4056 3342 4057 3341 4057 3343 4057 3344 4058 3342 4058 3343 4058 3344 4059 3343 4059 3345 4059 3346 4060 3345 4060 3347 4060 3346 4061 3344 4061 3345 4061 3348 4062 3347 4062 3349 4062 3348 4063 3346 4063 3347 4063 3350 4064 3349 4064 3351 4064 3350 4065 3348 4065 3349 4065 3352 4066 3351 4066 3353 4066 3352 4067 3350 4067 3351 4067 3354 4068 3355 4068 3356 4068 3356 4069 3357 4069 3358 4069 3355 4070 3357 4070 3356 4070 3358 4071 3359 4071 3360 4071 3357 4072 3359 4072 3358 4072 3360 4073 3361 4073 3362 4073 3359 4074 3361 4074 3360 4074 3362 4075 3363 4075 3364 4075 3361 4076 3363 4076 3362 4076 3364 4077 3365 4077 3366 4077 3363 4078 3365 4078 3364 4078 3365 4079 3367 4079 3366 4079 3366 4080 3368 4080 3369 4080 3367 4081 3368 4081 3366 4081 3369 4082 3370 4082 3371 4082 3368 4083 3370 4083 3369 4083 3371 4084 3352 4084 3353 4084 3370 4085 3352 4085 3371 4085 3372 4086 3355 4086 3373 4086 3373 4087 3355 4087 3354 4087 3374 4088 3375 4088 3376 4088 3376 4089 3377 4089 3378 4089 3375 4090 3377 4090 3376 4090 3377 4091 3379 4091 3378 4091 3378 4092 3379 4092 3380 4092 3379 4093 3381 4093 3380 4093 3380 4094 3381 4094 3382 4094 3381 4095 3383 4095 3382 4095 3382 4096 3383 4096 3384 4096 3383 4097 3385 4097 3384 4097 3384 4098 3385 4098 3386 4098 3385 4099 3387 4099 3386 4099 3386 4100 3387 4100 3388 4100 3387 4101 3389 4101 3388 4101 3388 4102 3389 4102 3390 4102 3389 4103 3391 4103 3390 4103 3390 4104 3391 4104 3392 4104 3391 4105 3393 4105 3392 4105 3392 4106 3393 4106 3394 4106 3393 4107 3395 4107 3394 4107 3394 4108 3395 4108 3396 4108 3396 4109 3397 4109 3398 4109 3395 4110 3397 4110 3396 4110 3398 4111 3399 4111 3400 4111 3397 4112 3399 4112 3398 4112 3400 4113 3401 4113 3402 4113 3399 4114 3401 4114 3400 4114 3402 4115 3403 4115 3404 4115 3401 4116 3403 4116 3402 4116 3403 4117 3405 4117 3404 4117 3406 4118 3407 4118 3408 4118 3404 4119 3407 4119 3406 4119 3405 4120 3407 4120 3404 4120 3408 4121 3409 4121 3410 4121 3407 4122 3409 4122 3408 4122 3409 4123 3411 4123 3410 4123 3412 4124 3413 4124 3414 4124 3410 4125 3413 4125 3412 4125 3411 4126 3413 4126 3410 4126 3414 4127 3415 4127 3416 4127 3413 4128 3415 4128 3414 4128 3415 4129 3417 4129 3416 4129 3418 4130 3419 4130 3420 4130 3416 4131 3419 4131 3418 4131 3417 4132 3419 4132 3416 4132 3419 4133 3421 4133 3420 4133 3422 4134 3423 4134 3424 4134 3420 4135 3423 4135 3422 4135 3421 4136 3423 4136 3420 4136 3424 4137 3425 4137 3426 4137 3423 4138 3425 4138 3424 4138 3425 4139 3427 4139 3426 4139 3427 4140 3428 4140 3426 4140 3429 4141 3428 4141 3430 4141 3426 4142 3428 4142 3429 4142 3430 4143 3431 4143 3432 4143 3428 4144 3431 4144 3430 4144 3431 4145 3433 4145 3432 4145 3433 4146 3434 4146 3432 4146 3432 4147 3434 4147 3435 4147 3434 4148 3436 4148 3435 4148 3437 4149 3436 4149 3438 4149 3435 4150 3436 4150 3437 4150 3436 4151 3439 4151 3438 4151 3438 4152 3440 4152 3441 4152 3439 4153 3440 4153 3438 4153 3441 4154 3442 4154 3443 4154 3440 4155 3442 4155 3441 4155 3443 4156 3444 4156 3445 4156 3442 4157 3444 4157 3443 4157 3445 4158 3446 4158 3447 4158 3444 4159 3446 4159 3445 4159 3447 4160 3448 4160 3449 4160 3446 4161 3448 4161 3447 4161 3450 4162 3451 4162 3452 4162 3449 4163 3451 4163 3450 4163 3448 4164 3451 4164 3449 4164 3452 4165 3453 4165 3454 4165 3451 4166 3453 4166 3452 4166 3453 4167 3455 4167 3454 4167 3456 4168 3457 4168 3458 4168 3454 4169 3457 4169 3456 4169 3455 4170 3457 4170 3454 4170 3458 4171 3459 4171 3460 4171 3457 4172 3459 4172 3458 4172 3460 4173 3461 4173 3462 4173 3459 4174 3461 4174 3460 4174 3461 4175 3463 4175 3462 4175 3462 4176 3372 4176 3373 4176 3463 4177 3372 4177 3462 4177 3464 4178 3375 4178 3465 4178 3465 4179 3375 4179 3374 4179 3466 4180 3467 4180 3468 4180 3467 4181 3469 4181 3468 4181 3468 4182 3470 4182 3471 4182 3469 4183 3470 4183 3468 4183 3472 4184 3473 4184 3474 4184 3471 4185 3473 4185 3472 4185 3470 4186 3473 4186 3471 4186 3473 4187 3475 4187 3474 4187 3474 4188 3476 4188 3477 4188 3475 4189 3476 4189 3474 4189 3477 4190 3478 4190 3479 4190 3476 4191 3478 4191 3477 4191 3479 4192 3480 4192 3481 4192 3478 4193 3480 4193 3479 4193 3481 4194 3482 4194 3483 4194 3480 4195 3482 4195 3481 4195 3483 4196 3464 4196 3465 4196 3482 4197 3464 4197 3483 4197 3484 4198 3467 4198 3466 4198 3484 4199 3466 4199 3485 4199 3486 4200 3485 4200 3487 4200 3486 4201 3484 4201 3485 4201 3488 4202 3487 4202 3489 4202 3488 4203 3486 4203 3487 4203 3490 4204 3489 4204 3491 4204 3490 4205 3488 4205 3489 4205 3492 4206 3491 4206 3493 4206 3492 4207 3490 4207 3491 4207 3494 4208 3493 4208 3495 4208 3494 4209 3492 4209 3493 4209 3496 4210 3495 4210 3497 4210 3496 4211 3494 4211 3495 4211 3498 4212 3497 4212 3499 4212 3498 4213 3496 4213 3497 4213 3500 4214 3499 4214 3501 4214 3500 4215 3498 4215 3499 4215 3502 4216 3501 4216 3503 4216 3502 4217 3500 4217 3501 4217 3504 4218 3503 4218 3505 4218 3504 4219 3502 4219 3503 4219 3506 4220 3505 4220 3507 4220 3506 4221 3504 4221 3505 4221 3508 4222 3506 4222 3507 4222 3508 4223 3507 4223 3509 4223 3510 4224 3508 4224 3509 4224 3510 4225 3509 4225 3511 4225 3512 4226 3510 4226 3511 4226 3512 4227 3511 4227 3513 4227 3514 4228 3512 4228 3513 4228 3514 4229 3513 4229 3515 4229 3516 4230 3514 4230 3515 4230 3516 4231 3515 4231 3517 4231 3518 4232 3516 4232 3517 4232 3518 4233 3517 4233 3519 4233 3520 4234 3519 4234 3521 4234 3520 4235 3518 4235 3519 4235 3522 4236 3521 4236 3523 4236 3522 4237 3520 4237 3521 4237 3524 4238 3523 4238 3525 4238 3524 4239 3522 4239 3523 4239 3526 4240 3525 4240 3527 4240 3526 4241 3524 4241 3525 4241 3528 4242 3529 4242 3530 4242 3530 4243 3529 4243 3531 4243 3531 4244 3532 4244 3533 4244 3529 4245 3532 4245 3531 4245 3533 4246 3534 4246 3535 4246 3532 4247 3534 4247 3533 4247 3535 4248 3536 4248 3537 4248 3534 4249 3536 4249 3535 4249 3537 4250 3538 4250 3539 4250 3536 4251 3538 4251 3537 4251 3539 4252 3540 4252 3541 4252 3538 4253 3540 4253 3539 4253 3541 4254 3542 4254 3543 4254 3540 4255 3542 4255 3541 4255 3543 4256 3544 4256 3545 4256 3542 4257 3544 4257 3543 4257 3545 4258 3526 4258 3527 4258 3544 4259 3526 4259 3545 4259 3546 4260 3528 4260 3547 4260 3547 4261 3528 4261 3530 4261 3548 4262 3549 4262 3550 4262 3550 4263 3551 4263 3552 4263 3549 4264 3551 4264 3550 4264 3551 4265 3553 4265 3552 4265 3552 4266 3553 4266 3554 4266 3553 4267 3555 4267 3554 4267 3554 4268 3555 4268 3556 4268 3555 4269 3557 4269 3556 4269 3556 4270 3557 4270 3558 4270 3557 4271 3559 4271 3558 4271 3558 4272 3559 4272 3560 4272 3559 4273 3561 4273 3560 4273 3560 4274 3561 4274 3562 4274 3561 4275 3563 4275 3562 4275 3562 4276 3563 4276 3564 4276 3563 4277 3565 4277 3564 4277 3564 4278 3565 4278 3566 4278 3565 4279 3567 4279 3566 4279 3566 4280 3567 4280 3568 4280 3567 4281 3569 4281 3568 4281 3569 4282 3570 4282 3568 4282 3568 4283 3570 4283 3571 4283 3571 4284 3572 4284 3573 4284 3570 4285 3572 4285 3571 4285 3573 4286 3574 4286 3575 4286 3572 4287 3574 4287 3573 4287 3576 4288 3577 4288 3578 4288 3575 4289 3577 4289 3576 4289 3574 4290 3577 4290 3575 4290 3577 4291 3579 4291 3578 4291 3578 4292 3580 4292 3581 4292 3579 4293 3580 4293 3578 4293 3581 4294 3582 4294 3583 4294 3580 4295 3582 4295 3581 4295 3583 4296 3584 4296 3585 4296 3582 4297 3584 4297 3583 4297 3586 4298 3587 4298 3588 4298 3585 4299 3587 4299 3586 4299 3584 4300 3587 4300 3585 4300 3587 4301 3589 4301 3588 4301 3588 4302 3590 4302 3591 4302 3589 4303 3590 4303 3588 4303 3592 4304 3593 4304 3594 4304 3591 4305 3593 4305 3592 4305 3590 4306 3593 4306 3591 4306 3593 4307 3595 4307 3594 4307 3594 4308 3596 4308 3597 4308 3595 4309 3596 4309 3594 4309 3597 4310 3598 4310 3599 4310 3596 4311 3598 4311 3597 4311 3599 4312 3600 4312 3601 4312 3598 4313 3600 4313 3599 4313 3600 4314 3602 4314 3601 4314 3601 4315 3602 4315 3603 4315 3602 4316 3604 4316 3603 4316 3603 4317 3604 4317 3605 4317 3604 4318 3606 4318 3605 4318 3607 4319 3606 4319 3608 4319 3605 4320 3606 4320 3607 4320 3606 4321 3609 4321 3608 4321 3609 4322 3610 4322 3608 4322 3608 4323 3610 4323 3611 4323 3611 4324 3612 4324 3613 4324 3610 4325 3612 4325 3611 4325 3613 4326 3614 4326 3615 4326 3612 4327 3614 4327 3613 4327 3615 4328 3616 4328 3617 4328 3614 4329 3616 4329 3615 4329 3617 4330 3618 4330 3619 4330 3616 4331 3618 4331 3617 4331 3619 4332 3620 4332 3621 4332 3618 4333 3620 4333 3619 4333 3622 4334 3623 4334 3624 4334 3621 4335 3623 4335 3622 4335 3620 4336 3623 4336 3621 4336 3624 4337 3625 4337 3626 4337 3623 4338 3625 4338 3624 4338 3625 4339 3627 4339 3626 4339 3626 4340 3628 4340 3629 4340 3627 4341 3628 4341 3626 4341 3629 4342 3630 4342 3631 4342 3628 4343 3630 4343 3629 4343 3631 4344 3632 4344 3633 4344 3630 4345 3632 4345 3631 4345 3634 4346 3635 4346 3636 4346 3633 4347 3635 4347 3634 4347 3632 4348 3635 4348 3633 4348 3636 4349 3637 4349 3547 4349 3635 4350 3637 4350 3636 4350 3637 4351 3546 4351 3547 4351 3638 4352 3549 4352 3639 4352 3639 4353 3549 4353 3548 4353 3640 4354 3641 4354 3642 4354 3642 4355 3641 4355 3643 4355 3643 4356 3644 4356 3645 4356 3641 4357 3644 4357 3643 4357 3645 4358 3646 4358 3647 4358 3644 4359 3646 4359 3645 4359 3647 4360 3648 4360 3649 4360 3646 4361 3648 4361 3647 4361 3649 4362 3650 4362 3651 4362 3648 4363 3650 4363 3649 4363 3651 4364 3652 4364 3653 4364 3650 4365 3652 4365 3651 4365 3653 4366 3654 4366 3655 4366 3652 4367 3654 4367 3653 4367 3655 4368 3656 4368 3657 4368 3654 4369 3656 4369 3655 4369 3657 4370 3638 4370 3639 4370 3656 4371 3638 4371 3657 4371 3640 4372 3642 4372 3658 4372 3659 4373 3658 4373 3660 4373 3659 4374 3640 4374 3658 4374 3661 4375 3660 4375 3662 4375 3661 4376 3659 4376 3660 4376 3663 4377 3662 4377 3664 4377 3663 4378 3661 4378 3662 4378 3665 4379 3664 4379 3666 4379 3665 4380 3663 4380 3664 4380 3667 4381 3666 4381 3668 4381 3667 4382 3665 4382 3666 4382 3669 4383 3668 4383 3670 4383 3669 4384 3667 4384 3668 4384 3671 4385 3669 4385 3670 4385 3672 4386 3670 4386 3673 4386 3672 4387 3671 4387 3670 4387 3674 4388 3673 4388 3675 4388 3674 4389 3672 4389 3673 4389 3676 4390 3675 4390 3677 4390 3676 4391 3674 4391 3675 4391 3678 4392 3677 4392 3679 4392 3678 4393 3676 4393 3677 4393 3680 4394 3679 4394 3681 4394 3680 4395 3678 4395 3679 4395 3682 4396 3680 4396 3681 4396 3682 4397 3681 4397 3683 4397 3684 4398 3682 4398 3683 4398 3684 4399 3683 4399 3685 4399 3686 4400 3684 4400 3685 4400 3686 4401 3685 4401 3687 4401 3688 4402 3686 4402 3687 4402 3688 4403 3687 4403 3689 4403 3690 4404 3688 4404 3689 4404 3690 4405 3689 4405 3691 4405 3692 4406 3690 4406 3691 4406 3692 4407 3691 4407 3693 4407 3694 4408 3693 4408 3695 4408 3694 4409 3692 4409 3693 4409 3696 4410 3695 4410 3697 4410 3696 4411 3694 4411 3695 4411 3698 4412 3697 4412 3699 4412 3698 4413 3696 4413 3697 4413 3700 4414 3699 4414 3701 4414 3700 4415 3698 4415 3699 4415 3023 4416 3702 4416 3025 4416 3025 4417 3702 4417 3703 4417 3703 4418 3704 4418 3705 4418 3702 4419 3704 4419 3703 4419 3705 4420 3706 4420 3707 4420 3704 4421 3706 4421 3705 4421 3707 4422 3708 4422 3709 4422 3706 4423 3708 4423 3707 4423 3709 4424 3710 4424 3711 4424 3708 4425 3710 4425 3709 4425 3711 4426 3712 4426 3713 4426 3710 4427 3712 4427 3711 4427 3713 4428 3714 4428 3715 4428 3712 4429 3714 4429 3713 4429 3715 4430 3716 4430 3717 4430 3714 4431 3716 4431 3715 4431 3717 4432 3700 4432 3701 4432 3716 4433 3700 4433 3717 4433 3275 4434 3270 4434 3272 4434 3275 4435 3277 4435 3270 4435 3049 4436 3051 4436 3046 4436 3278 4437 3266 4437 3277 4437 3270 4438 3266 4438 3268 4438 3277 4439 3266 4439 3270 4439 3045 4440 3037 4440 3043 4440 3043 4441 3037 4441 3040 4441 3040 4442 3037 4442 3038 4442 3280 4443 3282 4443 3278 4443 3278 4444 3282 4444 3266 4444 3055 4445 3056 4445 3053 4445 3284 4446 3287 4446 3282 4446 3053 4447 3058 4447 3051 4447 3046 4448 3058 4448 3045 4448 3056 4449 3058 4449 3053 4449 3051 4450 3058 4450 3046 4450 3266 4451 3259 4451 3264 4451 3264 4452 3259 4452 3263 4452 3263 4453 3259 4453 3261 4453 3266 4454 3256 4454 3259 4454 3045 4455 3028 4455 3037 4455 3060 4456 3028 4456 3058 4456 3037 4457 3028 4457 3035 4457 3035 4458 3028 4458 3033 4458 3033 4459 3028 4459 3031 4459 3031 4460 3028 4460 3029 4460 3058 4461 3028 4461 3045 4461 3282 4462 3255 4462 3266 4462 3266 4463 3255 4463 3256 4463 3289 4464 3255 4464 3287 4464 3287 4465 3255 4465 3282 4465 3289 4466 3253 4466 3255 4466 3199 4467 3253 4467 3289 4467 3064 4468 3066 4468 3062 4468 3062 4469 3066 4469 3060 4469 3199 4470 3251 4470 3253 4470 3060 4471 3070 4471 3028 4471 3066 4472 3070 4472 3060 4472 3068 4473 3070 4473 3066 4473 3070 4474 3072 4474 3028 4474 3248 4475 3244 4475 3246 4475 3199 4476 3242 4476 3251 4476 3248 4477 3242 4477 3244 4477 3251 4478 3242 4478 3248 4478 3072 4479 3076 4479 3028 4479 3074 4480 3076 4480 3072 4480 3199 4481 3240 4481 3242 4481 3079 4482 3081 4482 3076 4482 3240 4483 3237 4483 3239 4483 3199 4484 3235 4484 3240 4484 3240 4485 3235 4485 3237 4485 3081 4486 3085 4486 3076 4486 3082 4487 3085 4487 3081 4487 3199 4488 3232 4488 3235 4488 3085 4489 3089 4489 3076 4489 3086 4490 3089 4490 3085 4490 3199 4491 3229 4491 3232 4491 3232 4492 3229 4492 3230 4492 3199 4493 3227 4493 3229 4493 3089 4494 3095 4494 3076 4494 3092 4495 3095 4495 3090 4495 3090 4496 3095 4496 3089 4496 3227 4497 3223 4497 3225 4497 3227 4498 3221 4498 3223 4498 3227 4499 3219 4499 3221 4499 3095 4500 3100 4500 3076 4500 3098 4501 3100 4501 3096 4501 3096 4502 3100 4502 3095 4502 3227 4503 3216 4503 3219 4503 3100 4504 3102 4504 3076 4504 3227 4505 3214 4505 3216 4505 3227 4506 3213 4506 3214 4506 3102 4507 3107 4507 3076 4507 3105 4508 3107 4508 3102 4508 3227 4509 3211 4509 3213 4509 3107 4510 3110 4510 3076 4510 3108 4511 3110 4511 3107 4511 3211 4512 3205 4512 3208 4512 3208 4513 3205 4513 3206 4513 3227 4514 3205 4514 3211 4514 3113 4515 3115 4515 3110 4515 3110 4516 3024 4516 3076 4516 3115 4517 3024 4517 3110 4517 3076 4518 3024 4518 3028 4518 3199 4519 3202 4519 3227 4519 3205 4520 3202 4520 3203 4520 3227 4521 3202 4521 3205 4521 3199 4522 3180 4522 3202 4522 3157 4523 2803 4523 3159 4523 3157 4524 2800 4524 2803 4524 3155 4525 2800 4525 3157 4525 3153 4526 2800 4526 3155 4526 2803 4527 2805 4527 3159 4527 3161 4528 2805 4528 3163 4528 3159 4529 2805 4529 3161 4529 3153 4530 2799 4530 2800 4530 3151 4531 2799 4531 3153 4531 3163 4532 2807 4532 3165 4532 2805 4533 2807 4533 3163 4533 3148 4534 2796 4534 3151 4534 3147 4535 2796 4535 3148 4535 3151 4536 2796 4536 2799 4536 3165 4537 2809 4537 3167 4537 2807 4538 2809 4538 3165 4538 3147 4539 2795 4539 2796 4539 3145 4540 2795 4540 3147 4540 2809 4541 2810 4541 3167 4541 3169 4542 2810 4542 3171 4542 3167 4543 2810 4543 3169 4543 3142 4544 2792 4544 3145 4544 3145 4545 2792 4545 2795 4545 3171 4546 2812 4546 3173 4546 2810 4547 2812 4547 3171 4547 3142 4548 2790 4548 2792 4548 3140 4549 2790 4549 3142 4549 3138 4550 2790 4550 3140 4550 3173 4551 2815 4551 3175 4551 2812 4552 2815 4552 3173 4552 3136 4553 2789 4553 3138 4553 3138 4554 2789 4554 2790 4554 2815 4555 2817 4555 3175 4555 3177 4556 2817 4556 3179 4556 3175 4557 2817 4557 3177 4557 3121 4558 2787 4558 3120 4558 3120 4559 2787 4559 3136 4559 3136 4560 2787 4560 2789 4560 2817 4561 2819 4561 3179 4561 3179 4562 2819 4562 3196 4562 3196 4563 2819 4563 3194 4563 3127 4564 2785 4564 3125 4564 3125 4565 2785 4565 3123 4565 3123 4566 2785 4566 3121 4566 3121 4567 2785 4567 2787 4567 2819 4568 2821 4568 3194 4568 3194 4569 2821 4569 3192 4569 3192 4570 2821 4570 3190 4570 3190 4571 2821 4571 3188 4571 3133 4572 2783 4572 3131 4572 3131 4573 2783 4573 3129 4573 3129 4574 2783 4574 3127 4574 3127 4575 2783 4575 2785 4575 3188 4576 2823 4576 3186 4576 3186 4577 2823 4577 3184 4577 3184 4578 2823 4578 3182 4578 3182 4579 2823 4579 3180 4579 2821 4580 2823 4580 3188 4580 3117 4581 2781 4581 3134 4581 3134 4582 2781 4582 3133 4582 3133 4583 2781 4583 2783 4583 2823 4584 2825 4584 3180 4584 3117 4585 2779 4585 2781 4585 2825 4586 2826 4586 3180 4586 3117 4587 2777 4587 2779 4587 2826 4588 2829 4588 3180 4588 3117 4589 2775 4589 2777 4589 2829 4590 2831 4590 3180 4590 3117 4591 2772 4591 2775 4591 2831 4592 2833 4592 3180 4592 3117 4593 2770 4593 2772 4593 3180 4594 3291 4594 3202 4594 2834 4595 3291 4595 2833 4595 2837 4596 3291 4596 2834 4596 2838 4597 3291 4597 2837 4597 2841 4598 3291 4598 2838 4598 2843 4599 3291 4599 2841 4599 2833 4600 3291 4600 3180 4600 3028 4601 3025 4601 3117 4601 3024 4602 3025 4602 3028 4602 3017 4603 3025 4603 3014 4603 3019 4604 3025 4604 3017 4604 3021 4605 3025 4605 3019 4605 2770 4606 3025 4606 3021 4606 3117 4607 3025 4607 2770 4607 3025 4608 3013 4608 3014 4608 2843 4609 2845 4609 3291 4609 2845 4610 3309 4610 3291 4610 3025 4611 3703 4611 3013 4611 2845 4612 3307 4612 3309 4612 3703 4613 3705 4613 3013 4613 3013 4614 3705 4614 3011 4614 2845 4615 3304 4615 3307 4615 3705 4616 3707 4616 3011 4616 2845 4617 3302 4617 3304 4617 2847 4618 3302 4618 2845 4618 3707 4619 3709 4619 3011 4619 2847 4620 3300 4620 3302 4620 3709 4621 3711 4621 3011 4621 3011 4622 3711 4622 3009 4622 2847 4623 3298 4623 3300 4623 3711 4624 3713 4624 3009 4624 2847 4625 3296 4625 3298 4625 2849 4626 3296 4626 2847 4626 3713 4627 3715 4627 3009 4627 2849 4628 3295 4628 3296 4628 3009 4629 3717 4629 3007 4629 3715 4630 3717 4630 3009 4630 2849 4631 3294 4631 3295 4631 2851 4632 3294 4632 2849 4632 3717 4633 3701 4633 3007 4633 2851 4634 3311 4634 3294 4634 3007 4635 3699 4635 3004 4635 3701 4636 3699 4636 3007 4636 2851 4637 3313 4637 3311 4637 2853 4638 3313 4638 2851 4638 3699 4639 3697 4639 3004 4639 3004 4640 3697 4640 3003 4640 3697 4641 3695 4641 3003 4641 2854 4642 3315 4642 2853 4642 2853 4643 3315 4643 3313 4643 3003 4644 3693 4644 3001 4644 3695 4645 3693 4645 3003 4645 2854 4646 3317 4646 3315 4646 2857 4647 3317 4647 2854 4647 3001 4648 3691 4648 2999 4648 3693 4649 3691 4649 3001 4649 2857 4650 3319 4650 3317 4650 3691 4651 3689 4651 2999 4651 2999 4652 3689 4652 2997 4652 2857 4653 3321 4653 3319 4653 2859 4654 3321 4654 2857 4654 3689 4655 3687 4655 2997 4655 2859 4656 3323 4656 3321 4656 2861 4657 3323 4657 2859 4657 3687 4658 3685 4658 2997 4658 2997 4659 3685 4659 2995 4659 2861 4660 3325 4660 3323 4660 2861 4661 2863 4661 3325 4661 3685 4662 3683 4662 2995 4662 2863 4663 3327 4663 3325 4663 3683 4664 2993 4664 2995 4664 3683 4665 3681 4665 2993 4665 2863 4666 3329 4666 3327 4666 2863 4667 2865 4667 3329 4667 3681 4668 3679 4668 2993 4668 2865 4669 3331 4669 3329 4669 3679 4670 2991 4670 2993 4670 3679 4671 3677 4671 2991 4671 3331 4672 2867 4672 3333 4672 2865 4673 2867 4673 3331 4673 2867 4674 3335 4674 3333 4674 3677 4675 2989 4675 2991 4675 3675 4676 2989 4676 3677 4676 3675 4677 3673 4677 2989 4677 3335 4678 2869 4678 3337 4678 2867 4679 2869 4679 3335 4679 3673 4680 2987 4680 2989 4680 3670 4681 2987 4681 3673 4681 3339 4682 2870 4682 3341 4682 3337 4683 2870 4683 3339 4683 2869 4684 2870 4684 3337 4684 3670 4685 2985 4685 2987 4685 3668 4686 2985 4686 3670 4686 3341 4687 2873 4687 3343 4687 2870 4688 2873 4688 3341 4688 3666 4689 2983 4689 3668 4689 3664 4690 2983 4690 3666 4690 3668 4691 2983 4691 2985 4691 3343 4692 2875 4692 3345 4692 2873 4693 2875 4693 3343 4693 3662 4694 2981 4694 3664 4694 3664 4695 2981 4695 2983 4695 3347 4696 2877 4696 3349 4696 3345 4697 2877 4697 3347 4697 2875 4698 2877 4698 3345 4698 3662 4699 2979 4699 2981 4699 3660 4700 2979 4700 3662 4700 3349 4701 2878 4701 3351 4701 2877 4702 2878 4702 3349 4702 3660 4703 2977 4703 2979 4703 3658 4704 2977 4704 3660 4704 3642 4705 2977 4705 3658 4705 2878 4706 2881 4706 3351 4706 3351 4707 2881 4707 3353 4707 3353 4708 2881 4708 3371 4708 3642 4709 2975 4709 2977 4709 3645 4710 2975 4710 3643 4710 3643 4711 2975 4711 3642 4711 2881 4712 2883 4712 3371 4712 3371 4713 2883 4713 3369 4713 3369 4714 2883 4714 3366 4714 3366 4715 2883 4715 3364 4715 3645 4716 2973 4716 2975 4716 3651 4717 2973 4717 3649 4717 3649 4718 2973 4718 3647 4718 3647 4719 2973 4719 3645 4719 3364 4720 2884 4720 3362 4720 2883 4721 2884 4721 3364 4721 3362 4722 2884 4722 3360 4722 3360 4723 2884 4723 3358 4723 3657 4724 2971 4724 3655 4724 3655 4725 2971 4725 3653 4725 3653 4726 2971 4726 3651 4726 3651 4727 2971 4727 2973 4727 3358 4728 2887 4728 3356 4728 2884 4729 2887 4729 3358 4729 2887 4730 3354 4730 3356 4730 3657 4731 3639 4731 2971 4731 3639 4732 2968 4732 2971 4732 2887 4733 2888 4733 3354 4733 3639 4734 2967 4734 2968 4734 2888 4735 2891 4735 3354 4735 3639 4736 2964 4736 2967 4736 2891 4737 2893 4737 3354 4737 3639 4738 2963 4738 2964 4738 2893 4739 2895 4739 3354 4739 3639 4740 2960 4740 2963 4740 2895 4741 2896 4741 3354 4741 2929 4742 3505 4742 2927 4742 3505 4743 3503 4743 2927 4743 2929 4744 3507 4744 3505 4744 2931 4745 3507 4745 2929 4745 2927 4746 3501 4746 2924 4746 3503 4747 3501 4747 2927 4747 2931 4748 3509 4748 3507 4748 2924 4749 3499 4749 2923 4749 3501 4750 3499 4750 2924 4750 2933 4751 3511 4751 2931 4751 2931 4752 3511 4752 3509 4752 3499 4753 3497 4753 2923 4753 2935 4754 3513 4754 2933 4754 2933 4755 3513 4755 3511 4755 2923 4756 3495 4756 2921 4756 3497 4757 3495 4757 2923 4757 2935 4758 3515 4758 3513 4758 2936 4759 3515 4759 2935 4759 2921 4760 3493 4760 2919 4760 3495 4761 3493 4761 2921 4761 2936 4762 3517 4762 3515 4762 3493 4763 3491 4763 2919 4763 2919 4764 3491 4764 2917 4764 2939 4765 3519 4765 2936 4765 2936 4766 3519 4766 3517 4766 3491 4767 3489 4767 2917 4767 2941 4768 3521 4768 2939 4768 2939 4769 3521 4769 3519 4769 2917 4770 3487 4770 2915 4770 3489 4771 3487 4771 2917 4771 2943 4772 3523 4772 2941 4772 2941 4773 3523 4773 3521 4773 2915 4774 3485 4774 2912 4774 3487 4775 3485 4775 2915 4775 2943 4776 3525 4776 3523 4776 3485 4777 3466 4777 2912 4777 2945 4778 3527 4778 2943 4778 2943 4779 3527 4779 3525 4779 2912 4780 3468 4780 2911 4780 3466 4781 3468 4781 2912 4781 2945 4782 3545 4782 3527 4782 3468 4783 3471 4783 2911 4783 2946 4784 3543 4784 2945 4784 2945 4785 3543 4785 3545 4785 3471 4786 3472 4786 2911 4786 2946 4787 3541 4787 3543 4787 2911 4788 3474 4788 2909 4788 3472 4789 3474 4789 2911 4789 2946 4790 3539 4790 3541 4790 3474 4791 3477 4791 2909 4791 2949 4792 3537 4792 2946 4792 2946 4793 3537 4793 3539 4793 3477 4794 3479 4794 2909 4794 2949 4795 3535 4795 3537 4795 2909 4796 3481 4796 2907 4796 3479 4797 3481 4797 2909 4797 2949 4798 3533 4798 3535 4798 3481 4799 3483 4799 2907 4799 2949 4800 3531 4800 3533 4800 2949 4801 3530 4801 3531 4801 2951 4802 3530 4802 2949 4802 2953 4803 3530 4803 2951 4803 2954 4804 3530 4804 2953 4804 2957 4805 3530 4805 2954 4805 2959 4806 3530 4806 2957 4806 2960 4807 3530 4807 2959 4807 3639 4808 3530 4808 2960 4808 2898 4809 3465 4809 2896 4809 2900 4810 3465 4810 2898 4810 2903 4811 3465 4811 2900 4811 2904 4812 3465 4812 2903 4812 2907 4813 3465 4813 2904 4813 2896 4814 3465 4814 3354 4814 3483 4815 3465 4815 2907 4815 3639 4816 3548 4816 3530 4816 3373 4817 3460 4817 3462 4817 3373 4818 3458 4818 3460 4818 3552 4819 3554 4819 3550 4819 3550 4820 3554 4820 3548 4820 3373 4821 3456 4821 3458 4821 3373 4822 3454 4822 3456 4822 3556 4823 3558 4823 3554 4823 3554 4824 3558 4824 3548 4824 3558 4825 3560 4825 3548 4825 3454 4826 3450 4826 3452 4826 3450 4827 3447 4827 3449 4827 3373 4828 3447 4828 3454 4828 3454 4829 3447 4829 3450 4829 3566 4830 3568 4830 3564 4830 3447 4831 3443 4831 3445 4831 3564 4832 3571 4832 3562 4832 3562 4833 3571 4833 3560 4833 3560 4834 3571 4834 3548 4834 3568 4835 3571 4835 3564 4835 3447 4836 3441 4836 3443 4836 3447 4837 3438 4837 3441 4837 3573 4838 3575 4838 3571 4838 3373 4839 3437 4839 3447 4839 3447 4840 3437 4840 3438 4840 3575 4841 3576 4841 3571 4841 3576 4842 3578 4842 3571 4842 3437 4843 3432 4843 3435 4843 3578 4844 3581 4844 3571 4844 3373 4845 3430 4845 3437 4845 3437 4846 3430 4846 3432 4846 3581 4847 3583 4847 3571 4847 3373 4848 3429 4848 3430 4848 3571 4849 3585 4849 3548 4849 3583 4850 3585 4850 3571 4850 3426 4851 3422 4851 3424 4851 3588 4852 3591 4852 3586 4852 3586 4853 3591 4853 3585 4853 3585 4854 3591 4854 3548 4854 3426 4855 3420 4855 3422 4855 3591 4856 3592 4856 3548 4856 3426 4857 3418 4857 3420 4857 3594 4858 3597 4858 3592 4858 3373 4859 3414 4859 3429 4859 3429 4860 3414 4860 3426 4860 3426 4861 3414 4861 3418 4861 3418 4862 3414 4862 3416 4862 3597 4863 3599 4863 3592 4863 3592 4864 3599 4864 3548 4864 3599 4865 3601 4865 3548 4865 3354 4866 3374 4866 3373 4866 3465 4867 3374 4867 3354 4867 3548 4868 3547 4868 3530 4868 3412 4869 3408 4869 3410 4869 3603 4870 3605 4870 3601 4870 3374 4871 3376 4871 3373 4871 3605 4872 3607 4872 3601 4872 3376 4873 3378 4873 3373 4873 3414 4874 3404 4874 3412 4874 3373 4875 3404 4875 3414 4875 3408 4876 3404 4876 3406 4876 3412 4877 3404 4877 3408 4877 3608 4878 3611 4878 3607 4878 3601 4879 3611 4879 3548 4879 3607 4880 3611 4880 3601 4880 3380 4881 3382 4881 3378 4881 3404 4882 3400 4882 3402 4882 3382 4883 3384 4883 3378 4883 3636 4884 3629 4884 3634 4884 3634 4885 3629 4885 3633 4885 3633 4886 3629 4886 3631 4886 3404 4887 3398 4887 3400 4887 3613 4888 3615 4888 3611 4888 3548 4889 3615 4889 3547 4889 3611 4890 3615 4890 3548 4890 3636 4891 3615 4891 3629 4891 3547 4892 3615 4892 3636 4892 3386 4893 3388 4893 3384 4893 3378 4894 3388 4894 3373 4894 3384 4895 3388 4895 3378 4895 3388 4896 3390 4896 3373 4896 3626 4897 3622 4897 3624 4897 3390 4898 3392 4898 3373 4898 3398 4899 3392 4899 3396 4899 3396 4900 3392 4900 3394 4900 3373 4901 3392 4901 3404 4901 3404 4902 3392 4902 3398 4902 3615 4903 3621 4903 3629 4903 3629 4904 3621 4904 3626 4904 3626 4905 3621 4905 3622 4905 3619 4906 3621 4906 3617 4906 3617 4907 3621 4907 3615 4907 3718 4908 1390 4908 3719 4908 1392 4909 1390 4909 3718 4909 3718 4910 1394 4910 1392 4910 1390 4911 1388 4911 3719 4911 3718 4912 1396 4912 1394 4912 1388 4913 1386 4913 3719 4913 3720 4914 1398 4914 3718 4914 3718 4915 1398 4915 1396 4915 1386 4916 1598 4916 3719 4916 3720 4917 1400 4917 1398 4917 1598 4918 1596 4918 3719 4918 3720 4919 1402 4919 1400 4919 3719 4920 1594 4920 3721 4920 1596 4921 1594 4921 3719 4921 3720 4922 1404 4922 1402 4922 1594 4923 1591 4923 3721 4923 3720 4924 1406 4924 1404 4924 1591 4925 1590 4925 3721 4925 3722 4926 1408 4926 3720 4926 3720 4927 1408 4927 1406 4927 1590 4928 1588 4928 3721 4928 3722 4929 1410 4929 1408 4929 3721 4930 1586 4930 3723 4930 1588 4931 1586 4931 3721 4931 3722 4932 1412 4932 1410 4932 1586 4933 1584 4933 3723 4933 3724 4934 1414 4934 3722 4934 3722 4935 1414 4935 1412 4935 1584 4936 1581 4936 3723 4936 3724 4937 1416 4937 1414 4937 1581 4938 1580 4938 3723 4938 3724 4939 1418 4939 1416 4939 3723 4940 1577 4940 3725 4940 1580 4941 1577 4941 3723 4941 3724 4942 1420 4942 1418 4942 1577 4943 1576 4943 3725 4943 3726 4944 1422 4944 3724 4944 3724 4945 1422 4945 1420 4945 1576 4946 1574 4946 3725 4946 3726 4947 1424 4947 1422 4947 1574 4948 1572 4948 3725 4948 3726 4949 1426 4949 1424 4949 3725 4950 1570 4950 3727 4950 1572 4951 1570 4951 3725 4951 3728 4952 1428 4952 3726 4952 3726 4953 1428 4953 1426 4953 1570 4954 1567 4954 3727 4954 3728 4955 1430 4955 1428 4955 1567 4956 1566 4956 3727 4956 3728 4957 1432 4957 1430 4957 1566 4958 1564 4958 3727 4958 3728 4959 1434 4959 1432 4959 3727 4960 1561 4960 3729 4960 1564 4961 1561 4961 3727 4961 1561 4962 1560 4962 3729 4962 1560 4963 1557 4963 3729 4963 3729 4964 1556 4964 3730 4964 1557 4965 1556 4965 3729 4965 1556 4966 1554 4966 3730 4966 1554 4967 1552 4967 3730 4967 1798 4968 1795 4968 3731 4968 3731 4969 1800 4969 1798 4969 3731 4970 1794 4970 3732 4970 1795 4971 1794 4971 3731 4971 3731 4972 1802 4972 1800 4972 1794 4973 1791 4973 3732 4973 3733 4974 1803 4974 3731 4974 3731 4975 1803 4975 1802 4975 1791 4976 1790 4976 3732 4976 3733 4977 1805 4977 1803 4977 1790 4978 1788 4978 3732 4978 3733 4979 1808 4979 1805 4979 3732 4980 1786 4980 3734 4980 1788 4981 1786 4981 3732 4981 3733 4982 1810 4982 1808 4982 1786 4983 1784 4983 3734 4983 3735 4984 1812 4984 3733 4984 3733 4985 1812 4985 1810 4985 1784 4986 1781 4986 3734 4986 3735 4987 1600 4987 1812 4987 3734 4988 1780 4988 3736 4988 1781 4989 1780 4989 3734 4989 3735 4990 1602 4990 1600 4990 1780 4991 1778 4991 3736 4991 3735 4992 1604 4992 1602 4992 1778 4993 1775 4993 3736 4993 3735 4994 1606 4994 1604 4994 1775 4995 1773 4995 3736 4995 3735 4996 1608 4996 1606 4996 3737 4997 1608 4997 3735 4997 3736 4998 1771 4998 3738 4998 1773 4999 1771 4999 3736 4999 3737 5000 1610 5000 1608 5000 1771 5001 1770 5001 3738 5001 3737 5002 1612 5002 1610 5002 1770 5003 1767 5003 3738 5003 3737 5004 1614 5004 1612 5004 3738 5005 1765 5005 3728 5005 3728 5006 1765 5006 1434 5006 1767 5007 1765 5007 3738 5007 3739 5008 1616 5008 3737 5008 3737 5009 1616 5009 1614 5009 1765 5010 1764 5010 1434 5010 1434 5011 1764 5011 1436 5011 3739 5012 1618 5012 1616 5012 1436 5013 1761 5013 1438 5013 1764 5014 1761 5014 1436 5014 3739 5015 1620 5015 1618 5015 1761 5016 1760 5016 1438 5016 1438 5017 1760 5017 1440 5017 3739 5018 1622 5018 1620 5018 1440 5019 1758 5019 1442 5019 1760 5020 1758 5020 1440 5020 3740 5021 1624 5021 3739 5021 3739 5022 1624 5022 1622 5022 1758 5023 1756 5023 1442 5023 1442 5024 1756 5024 1444 5024 3740 5025 1626 5025 1624 5025 1444 5026 1754 5026 1446 5026 1756 5027 1754 5027 1444 5027 3740 5028 1628 5028 1626 5028 1754 5029 1752 5029 1446 5029 1446 5030 1752 5030 1448 5030 3740 5031 1630 5031 1628 5031 1448 5032 1750 5032 1450 5032 1752 5033 1750 5033 1448 5033 3741 5034 1632 5034 3740 5034 3740 5035 1632 5035 1630 5035 1450 5036 1748 5036 1452 5036 1750 5037 1748 5037 1450 5037 3741 5038 1634 5038 1632 5038 1452 5039 1746 5039 1454 5039 1748 5040 1746 5040 1452 5040 3741 5041 1636 5041 1634 5041 1454 5042 1744 5042 1456 5042 1746 5043 1744 5043 1454 5043 3742 5044 1638 5044 3741 5044 3741 5045 1638 5045 1636 5045 1456 5046 1742 5046 1458 5046 1744 5047 1742 5047 1456 5047 3742 5048 1640 5048 1638 5048 1458 5049 1740 5049 1460 5049 1742 5050 1740 5050 1458 5050 3742 5051 1642 5051 1640 5051 1460 5052 1738 5052 1462 5052 1740 5053 1738 5053 1460 5053 3743 5054 1644 5054 3742 5054 3742 5055 1644 5055 1642 5055 1462 5056 1736 5056 1464 5056 1738 5057 1736 5057 1462 5057 3743 5058 1646 5058 1644 5058 1464 5059 1734 5059 1466 5059 1736 5060 1734 5060 1464 5060 3743 5061 1648 5061 1646 5061 1466 5062 1732 5062 1468 5062 1734 5063 1732 5063 1466 5063 1470 5064 1729 5064 1472 5064 1468 5065 1729 5065 1470 5065 1732 5066 1729 5066 1468 5066 1729 5067 1728 5067 1472 5067 1728 5068 1725 5068 1472 5068 1472 5069 1725 5069 1474 5069 1476 5070 1724 5070 1478 5070 1474 5071 1724 5071 1476 5071 1725 5072 1724 5072 1474 5072 1724 5073 1722 5073 1478 5073 1480 5074 1720 5074 1482 5074 1478 5075 1720 5075 1480 5075 1722 5076 1720 5076 1478 5076 1482 5077 1718 5077 1484 5077 1720 5078 1718 5078 1482 5078 1718 5079 1716 5079 1484 5079 1716 5080 1714 5080 1484 5080 1484 5081 1714 5081 1486 5081 1488 5082 1712 5082 1490 5082 1486 5083 1712 5083 1488 5083 1714 5084 1712 5084 1486 5084 1712 5085 1710 5085 1490 5085 1492 5086 1708 5086 1494 5086 1490 5087 1708 5087 1492 5087 1710 5088 1708 5088 1490 5088 1708 5089 1706 5089 1494 5089 3744 5090 1291 5090 3745 5090 3744 5091 1292 5091 1291 5091 1291 5092 1290 5092 3745 5092 3744 5093 1293 5093 1292 5093 1290 5094 1289 5094 3745 5094 3744 5095 1294 5095 1293 5095 1289 5096 1288 5096 3745 5096 3744 5097 1295 5097 1294 5097 3746 5098 1295 5098 3744 5098 1288 5099 1287 5099 3745 5099 3745 5100 1287 5100 3747 5100 3746 5101 1296 5101 1295 5101 1287 5102 1286 5102 3747 5102 3746 5103 1297 5103 1296 5103 1286 5104 1285 5104 3747 5104 3746 5105 1298 5105 1297 5105 3748 5106 1298 5106 3746 5106 1285 5107 1284 5107 3747 5107 3748 5108 1299 5108 1298 5108 1284 5109 1283 5109 3747 5109 3748 5110 1300 5110 1299 5110 1283 5111 1282 5111 3747 5111 3747 5112 1282 5112 3749 5112 3730 5113 1301 5113 3748 5113 3748 5114 1301 5114 1300 5114 1282 5115 1281 5115 3749 5115 3730 5116 1302 5116 1301 5116 1552 5117 1302 5117 3730 5117 1550 5118 1302 5118 1552 5118 1281 5119 1280 5119 3749 5119 1550 5120 1303 5120 1302 5120 1280 5121 1279 5121 3749 5121 1550 5122 1304 5122 1303 5122 1547 5123 1304 5123 1550 5123 1279 5124 1278 5124 3749 5124 3749 5125 1278 5125 3750 5125 1547 5126 1305 5126 1304 5126 1546 5127 1305 5127 1547 5127 1278 5128 1384 5128 3750 5128 1546 5129 1306 5129 1305 5129 1544 5130 1306 5130 1546 5130 1542 5131 1306 5131 1544 5131 1384 5132 1383 5132 3750 5132 1542 5133 1307 5133 1306 5133 1383 5134 1382 5134 3750 5134 1542 5135 1308 5135 1307 5135 1540 5136 1308 5136 1542 5136 1538 5137 1308 5137 1540 5137 1382 5138 1381 5138 3750 5138 3750 5139 1381 5139 3751 5139 1538 5140 1309 5140 1308 5140 1381 5141 1380 5141 3751 5141 1538 5142 1310 5142 1309 5142 1536 5143 1310 5143 1538 5143 1534 5144 1310 5144 1536 5144 1380 5145 1379 5145 3751 5145 1534 5146 1311 5146 1310 5146 1532 5147 1311 5147 1534 5147 1379 5148 1378 5148 3751 5148 1532 5149 1312 5149 1311 5149 1378 5150 1377 5150 3751 5150 1532 5151 1313 5151 1312 5151 1530 5152 1313 5152 1532 5152 1377 5153 1376 5153 3751 5153 3751 5154 1376 5154 3752 5154 1530 5155 1314 5155 1313 5155 1528 5156 1314 5156 1530 5156 1526 5157 1314 5157 1528 5157 1376 5158 1375 5158 3752 5158 1526 5159 1315 5159 1314 5159 1375 5160 1374 5160 3752 5160 1526 5161 1316 5161 1315 5161 1524 5162 1316 5162 1526 5162 1522 5163 1316 5163 1524 5163 1374 5164 1373 5164 3752 5164 1522 5165 1317 5165 1316 5165 3752 5166 1372 5166 3753 5166 1373 5167 1372 5167 3752 5167 1522 5168 1318 5168 1317 5168 1520 5169 1318 5169 1522 5169 1372 5170 1371 5170 3753 5170 1520 5171 1319 5171 1318 5171 1518 5172 1319 5172 1520 5172 1371 5173 1370 5173 3753 5173 1518 5174 1320 5174 1319 5174 1515 5175 1320 5175 1518 5175 1514 5176 1320 5176 1515 5176 1370 5177 1369 5177 3753 5177 1514 5178 1321 5178 1320 5178 1512 5179 1321 5179 1514 5179 1369 5180 1368 5180 3753 5180 3753 5181 1368 5181 3754 5181 1512 5182 1322 5182 1321 5182 1368 5183 1367 5183 3754 5183 1512 5184 1323 5184 1322 5184 1510 5185 1323 5185 1512 5185 1367 5186 1366 5186 3754 5186 1508 5187 1324 5187 1510 5187 1510 5188 1324 5188 1323 5188 1366 5189 1365 5189 3754 5189 3754 5190 1365 5190 3755 5190 1506 5191 1325 5191 1508 5191 1508 5192 1325 5192 1324 5192 1365 5193 1364 5193 3755 5193 1504 5194 1326 5194 1506 5194 1506 5195 1326 5195 1325 5195 1364 5196 1363 5196 3755 5196 1502 5197 1327 5197 1504 5197 1504 5198 1327 5198 1326 5198 1363 5199 1362 5199 3755 5199 1500 5200 1328 5200 1502 5200 1502 5201 1328 5201 1327 5201 1498 5202 1329 5202 1500 5202 1500 5203 1329 5203 1328 5203 1496 5204 1330 5204 1498 5204 1498 5205 1330 5205 1329 5205 1494 5206 1331 5206 1496 5206 1496 5207 1331 5207 1330 5207 1362 5208 3756 5208 3755 5208 1361 5209 3756 5209 1362 5209 3757 5210 1990 5210 3758 5210 3757 5211 1991 5211 1990 5211 1990 5212 1988 5212 3758 5212 3757 5213 1994 5213 1991 5213 1988 5214 1985 5214 3758 5214 3759 5215 1996 5215 3757 5215 3757 5216 1996 5216 1994 5216 3758 5217 1983 5217 3743 5217 1985 5218 1983 5218 3758 5218 3759 5219 1998 5219 1996 5219 1983 5220 1982 5220 3743 5220 3759 5221 2000 5221 1998 5221 3743 5222 1979 5222 1648 5222 1982 5223 1979 5223 3743 5223 3759 5224 2001 5224 2000 5224 1979 5225 1978 5225 1648 5225 1648 5226 1978 5226 1650 5226 3760 5227 2004 5227 3759 5227 3759 5228 2004 5228 2001 5228 1650 5229 1976 5229 1652 5229 1978 5230 1976 5230 1650 5230 3760 5231 2006 5231 2004 5231 1652 5232 1974 5232 1654 5232 1976 5233 1974 5233 1652 5233 3760 5234 2008 5234 2006 5234 1654 5235 1972 5235 1656 5235 1974 5236 1972 5236 1654 5236 3760 5237 2010 5237 2008 5237 1972 5238 1970 5238 1656 5238 1656 5239 1970 5239 1658 5239 3761 5240 2011 5240 3760 5240 3760 5241 2011 5241 2010 5241 1658 5242 1968 5242 1660 5242 1970 5243 1968 5243 1658 5243 3761 5244 2013 5244 2011 5244 1660 5245 1966 5245 1662 5245 1968 5246 1966 5246 1660 5246 3761 5247 2016 5247 2013 5247 1662 5248 1964 5248 1664 5248 1966 5249 1964 5249 1662 5249 3761 5250 2018 5250 2016 5250 1664 5251 1961 5251 1666 5251 1964 5252 1961 5252 1664 5252 3762 5253 2020 5253 3761 5253 3761 5254 2020 5254 2018 5254 1961 5255 1960 5255 1666 5255 1666 5256 1960 5256 1668 5256 3762 5257 2022 5257 2020 5257 1668 5258 1958 5258 1670 5258 1960 5259 1958 5259 1668 5259 3762 5260 2023 5260 2022 5260 1672 5261 1956 5261 1674 5261 1670 5262 1956 5262 1672 5262 1958 5263 1956 5263 1670 5263 3762 5264 2026 5264 2023 5264 1956 5265 1954 5265 1674 5265 3762 5266 1814 5266 2026 5266 1676 5267 1952 5267 1678 5267 1674 5268 1952 5268 1676 5268 1954 5269 1952 5269 1674 5269 3763 5270 1816 5270 3762 5270 3762 5271 1816 5271 1814 5271 1678 5272 1950 5272 1680 5272 1952 5273 1950 5273 1678 5273 3763 5274 1818 5274 1816 5274 1950 5275 1948 5275 1680 5275 3763 5276 1820 5276 1818 5276 1680 5277 1946 5277 1682 5277 1948 5278 1946 5278 1680 5278 3763 5279 1822 5279 1820 5279 1946 5280 1944 5280 1682 5280 1682 5281 1944 5281 1684 5281 3764 5282 1824 5282 3763 5282 3763 5283 1824 5283 1822 5283 1686 5284 1942 5284 1688 5284 1684 5285 1942 5285 1686 5285 1944 5286 1942 5286 1684 5286 3764 5287 1826 5287 1824 5287 1688 5288 1940 5288 1690 5288 1942 5289 1940 5289 1688 5289 3764 5290 1828 5290 1826 5290 1940 5291 1938 5291 1690 5291 3764 5292 1830 5292 1828 5292 1690 5293 1936 5293 1692 5293 1938 5294 1936 5294 1690 5294 3764 5295 1832 5295 1830 5295 1936 5296 1934 5296 1692 5296 1692 5297 1934 5297 1694 5297 3765 5298 1834 5298 3764 5298 3764 5299 1834 5299 1832 5299 1694 5300 1931 5300 1696 5300 1934 5301 1931 5301 1694 5301 3765 5302 1836 5302 1834 5302 1696 5303 1930 5303 1698 5303 1931 5304 1930 5304 1696 5304 3765 5305 1838 5305 1836 5305 1698 5306 1928 5306 1700 5306 1930 5307 1928 5307 1698 5307 3765 5308 1840 5308 1838 5308 1702 5309 1926 5309 1704 5309 1700 5310 1926 5310 1702 5310 1928 5311 1926 5311 1700 5311 3765 5312 1842 5312 1840 5312 1926 5313 1924 5313 1704 5313 1704 5314 1922 5314 1706 5314 1924 5315 1922 5315 1704 5315 1846 5316 3766 5316 1848 5316 1844 5317 3766 5317 1846 5317 1842 5318 3766 5318 1844 5318 3765 5319 3766 5319 1842 5319 1854 5320 3767 5320 1856 5320 1852 5321 3767 5321 1854 5321 1850 5322 3767 5322 1852 5322 1848 5323 3767 5323 1850 5323 3766 5324 3767 5324 1848 5324 3767 5325 3768 5325 1856 5325 1860 5326 3768 5326 1862 5326 1858 5327 3768 5327 1860 5327 1856 5328 3768 5328 1858 5328 3768 5329 3769 5329 1862 5329 1361 5330 691 5330 3756 5330 1361 5331 693 5331 691 5331 1360 5332 693 5332 1361 5332 1359 5333 693 5333 1360 5333 691 5334 689 5334 3756 5334 1359 5335 695 5335 693 5335 689 5336 687 5336 3756 5336 3756 5337 687 5337 3770 5337 1359 5338 697 5338 695 5338 1358 5339 697 5339 1359 5339 1357 5340 697 5340 1358 5340 687 5341 685 5341 3770 5341 1357 5342 699 5342 697 5342 685 5343 683 5343 3770 5343 1357 5344 701 5344 699 5344 1356 5345 701 5345 1357 5345 683 5346 681 5346 3770 5346 3770 5347 681 5347 3771 5347 1355 5348 703 5348 1356 5348 1356 5349 703 5349 701 5349 681 5350 679 5350 3771 5350 1355 5351 705 5351 703 5351 1354 5352 705 5352 1355 5352 1353 5353 705 5353 1354 5353 679 5354 677 5354 3771 5354 1353 5355 707 5355 705 5355 677 5356 675 5356 3771 5356 1353 5357 709 5357 707 5357 1352 5358 709 5358 1353 5358 675 5359 673 5359 3771 5359 3771 5360 673 5360 3772 5360 1352 5361 711 5361 709 5361 1351 5362 711 5362 1352 5362 673 5363 671 5363 3772 5363 1351 5364 713 5364 711 5364 1350 5365 713 5365 1351 5365 671 5366 669 5366 3772 5366 1349 5367 715 5367 1350 5367 1348 5368 715 5368 1349 5368 1350 5369 715 5369 713 5369 669 5370 667 5370 3772 5370 1348 5371 717 5371 715 5371 1347 5372 717 5372 1348 5372 667 5373 665 5373 3772 5373 3772 5374 665 5374 3773 5374 1347 5375 719 5375 717 5375 665 5376 663 5376 3773 5376 1346 5377 721 5377 1347 5377 1347 5378 721 5378 719 5378 663 5379 661 5379 3773 5379 1346 5380 723 5380 721 5380 1345 5381 723 5381 1346 5381 661 5382 659 5382 3773 5382 1344 5383 725 5383 1345 5383 1343 5384 725 5384 1344 5384 1345 5385 725 5385 723 5385 659 5386 657 5386 3773 5386 3773 5387 657 5387 3774 5387 1343 5388 727 5388 725 5388 657 5389 655 5389 3774 5389 1343 5390 729 5390 727 5390 1342 5391 729 5391 1343 5391 655 5392 653 5392 3774 5392 1342 5393 731 5393 729 5393 1341 5394 731 5394 1342 5394 653 5395 651 5395 3774 5395 1340 5396 733 5396 1341 5396 1341 5397 733 5397 731 5397 1339 5398 733 5398 1340 5398 651 5399 649 5399 3774 5399 3774 5400 649 5400 3775 5400 1339 5401 735 5401 733 5401 1338 5402 735 5402 1339 5402 649 5403 647 5403 3775 5403 1338 5404 737 5404 735 5404 647 5405 645 5405 3775 5405 1338 5406 739 5406 737 5406 1337 5407 739 5407 1338 5407 645 5408 643 5408 3775 5408 1337 5409 741 5409 739 5409 1336 5410 741 5410 1337 5410 643 5411 855 5411 3775 5411 1336 5412 743 5412 741 5412 1335 5413 743 5413 1336 5413 1334 5414 743 5414 1335 5414 855 5415 853 5415 3775 5415 3775 5416 853 5416 3776 5416 1333 5417 745 5417 1334 5417 1334 5418 745 5418 743 5418 853 5419 851 5419 3776 5419 1333 5420 747 5420 745 5420 851 5421 848 5421 3776 5421 1332 5422 749 5422 1333 5422 1331 5423 749 5423 1332 5423 1333 5424 749 5424 747 5424 848 5425 847 5425 3776 5425 1494 5426 751 5426 1331 5426 1331 5427 751 5427 749 5427 847 5428 845 5428 3776 5428 843 5429 3777 5429 845 5429 841 5430 3777 5430 843 5430 838 5431 3777 5431 841 5431 837 5432 3777 5432 838 5432 834 5433 3777 5433 837 5433 845 5434 3777 5434 3776 5434 834 5435 3778 5435 3777 5435 833 5436 3778 5436 834 5436 831 5437 3778 5437 833 5437 829 5438 3778 5438 831 5438 829 5439 3779 5439 3778 5439 827 5440 3779 5440 829 5440 824 5441 3779 5441 827 5441 823 5442 3779 5442 824 5442 821 5443 3779 5443 823 5443 2184 5444 2182 5444 1872 5444 1874 5445 2182 5445 1876 5445 1872 5446 2182 5446 1874 5446 1872 5447 2186 5447 2184 5447 1870 5448 2186 5448 1872 5448 1868 5449 2186 5449 1870 5449 2182 5450 2180 5450 1876 5450 1868 5451 2188 5451 2186 5451 1878 5452 2178 5452 1880 5452 1876 5453 2178 5453 1878 5453 2180 5454 2178 5454 1876 5454 1866 5455 2189 5455 1868 5455 1868 5456 2189 5456 2188 5456 2178 5457 2176 5457 1880 5457 1864 5458 2192 5458 1866 5458 1866 5459 2192 5459 2189 5459 2176 5460 2174 5460 1880 5460 1880 5461 2174 5461 1882 5461 1864 5462 2194 5462 2192 5462 1862 5463 2194 5463 1864 5463 3769 5464 2194 5464 1862 5464 1882 5465 2172 5465 1884 5465 2174 5466 2172 5466 1882 5466 3769 5467 2195 5467 2194 5467 1884 5468 2170 5468 1886 5468 2172 5469 2170 5469 1884 5469 3769 5470 2198 5470 2195 5470 2170 5471 2168 5471 1886 5471 1886 5472 2168 5472 1888 5472 3780 5473 2199 5473 3769 5473 3769 5474 2199 5474 2198 5474 2168 5475 2166 5475 1888 5475 1888 5476 2166 5476 1890 5476 821 5477 3781 5477 3779 5477 818 5478 3781 5478 821 5478 817 5479 3781 5479 818 5479 814 5480 3781 5480 817 5480 3780 5481 2202 5481 2199 5481 2166 5482 2164 5482 1890 5482 1890 5483 2164 5483 1892 5483 3780 5484 2203 5484 2202 5484 1892 5485 2162 5485 1894 5485 2164 5486 2162 5486 1892 5486 3780 5487 2206 5487 2203 5487 3782 5488 2206 5488 3780 5488 1894 5489 2160 5489 1896 5489 2162 5490 2160 5490 1894 5490 3782 5491 2208 5491 2206 5491 1896 5492 2157 5492 1898 5492 2160 5493 2157 5493 1896 5493 3782 5494 2209 5494 2208 5494 1898 5495 2156 5495 1900 5495 2157 5496 2156 5496 1898 5496 3782 5497 2212 5497 2209 5497 1902 5498 2154 5498 1904 5498 1900 5499 2154 5499 1902 5499 2156 5500 2154 5500 1900 5500 3783 5501 2214 5501 3782 5501 3782 5502 2214 5502 2212 5502 1904 5503 2152 5503 1905 5503 2154 5504 2152 5504 1904 5504 3783 5505 2216 5505 2214 5505 2152 5506 2150 5506 1905 5506 3783 5507 2218 5507 2216 5507 1905 5508 2148 5508 1908 5508 2150 5509 2148 5509 1905 5509 3784 5510 2219 5510 3783 5510 3783 5511 2219 5511 2218 5511 1908 5512 2146 5512 1910 5512 2148 5513 2146 5513 1908 5513 3784 5514 2222 5514 2219 5514 1912 5515 2144 5515 1914 5515 1910 5516 2144 5516 1912 5516 2146 5517 2144 5517 1910 5517 3784 5518 2223 5518 2222 5518 2144 5519 2142 5519 1914 5519 1914 5520 2142 5520 1916 5520 3784 5521 2226 5521 2223 5521 2142 5522 2140 5522 1916 5522 3784 5523 2228 5523 2226 5523 1918 5524 2138 5524 1920 5524 1916 5525 2138 5525 1918 5525 2140 5526 2138 5526 1916 5526 3784 5527 2230 5527 2228 5527 1920 5528 2136 5528 1922 5528 2138 5529 2136 5529 1920 5529 2136 5530 2134 5530 1922 5530 3784 5531 3785 5531 2230 5531 2236 5532 3785 5532 2238 5532 2233 5533 3785 5533 2236 5533 2232 5534 3785 5534 2233 5534 2230 5535 3785 5535 2232 5535 813 5536 3786 5536 814 5536 811 5537 3786 5537 813 5537 809 5538 3786 5538 811 5538 814 5539 3786 5539 3781 5539 3785 5540 3787 5540 2238 5540 2240 5541 3787 5541 2028 5541 2238 5542 3787 5542 2240 5542 2032 5543 3787 5543 2034 5543 2030 5544 3787 5544 2032 5544 2028 5545 3787 5545 2030 5545 3787 5546 3788 5546 2034 5546 2040 5547 3788 5547 2042 5547 2038 5548 3788 5548 2040 5548 2036 5549 3788 5549 2038 5549 2034 5550 3788 5550 2036 5550 2048 5551 3789 5551 2050 5551 2046 5552 3789 5552 2048 5552 2044 5553 3789 5553 2046 5553 2042 5554 3789 5554 2044 5554 3788 5555 3789 5555 2042 5555 785 5556 499 5556 787 5556 499 5557 497 5557 787 5557 789 5558 497 5558 791 5558 787 5559 497 5559 789 5559 785 5560 501 5560 499 5560 497 5561 495 5561 791 5561 785 5562 503 5562 501 5562 783 5563 503 5563 785 5563 495 5564 493 5564 791 5564 793 5565 493 5565 795 5565 791 5566 493 5566 793 5566 783 5567 505 5567 503 5567 781 5568 505 5568 783 5568 779 5569 505 5569 781 5569 493 5570 491 5570 795 5570 779 5571 507 5571 505 5571 777 5572 507 5572 779 5572 491 5573 489 5573 795 5573 795 5574 489 5574 797 5574 777 5575 509 5575 507 5575 489 5576 487 5576 797 5576 797 5577 487 5577 799 5577 777 5578 511 5578 509 5578 775 5579 511 5579 777 5579 487 5580 485 5580 799 5580 801 5581 485 5581 803 5581 799 5582 485 5582 801 5582 775 5583 513 5583 511 5583 772 5584 513 5584 775 5584 485 5585 483 5585 803 5585 772 5586 515 5586 513 5586 771 5587 515 5587 772 5587 483 5588 481 5588 803 5588 803 5589 481 5589 804 5589 771 5590 517 5590 515 5590 769 5591 517 5591 771 5591 767 5592 517 5592 769 5592 804 5593 479 5593 807 5593 481 5594 479 5594 804 5594 767 5595 519 5595 517 5595 479 5596 477 5596 807 5596 809 5597 477 5597 3786 5597 807 5598 477 5598 809 5598 3786 5599 477 5599 3790 5599 765 5600 521 5600 767 5600 767 5601 521 5601 519 5601 477 5602 475 5602 3790 5602 765 5603 523 5603 521 5603 763 5604 523 5604 765 5604 761 5605 523 5605 763 5605 475 5606 473 5606 3790 5606 761 5607 525 5607 523 5607 473 5608 471 5608 3790 5608 3790 5609 471 5609 3791 5609 761 5610 527 5610 525 5610 759 5611 527 5611 761 5611 471 5612 469 5612 3791 5612 759 5613 529 5613 527 5613 757 5614 529 5614 759 5614 469 5615 467 5615 3791 5615 757 5616 531 5616 529 5616 755 5617 531 5617 757 5617 753 5618 531 5618 755 5618 467 5619 465 5619 3791 5619 753 5620 533 5620 531 5620 3791 5621 463 5621 3792 5621 465 5622 463 5622 3791 5622 753 5623 535 5623 533 5623 751 5624 535 5624 753 5624 2056 5625 3793 5625 2058 5625 2054 5626 3793 5626 2056 5626 2052 5627 3793 5627 2054 5627 2050 5628 3793 5628 2052 5628 3789 5629 3793 5629 2050 5629 463 5630 461 5630 3792 5630 1494 5631 537 5631 751 5631 1922 5632 537 5632 1706 5632 1706 5633 537 5633 1494 5633 751 5634 537 5634 535 5634 461 5635 459 5635 3792 5635 459 5636 457 5636 3792 5636 457 5637 3794 5637 3792 5637 455 5638 3794 5638 457 5638 453 5639 3794 5639 455 5639 451 5640 3794 5640 453 5640 449 5641 3794 5641 451 5641 3793 5642 3795 5642 2058 5642 2064 5643 3795 5643 2066 5643 2062 5644 3795 5644 2064 5644 2060 5645 3795 5645 2062 5645 2058 5646 3795 5646 2060 5646 449 5647 3796 5647 3794 5647 447 5648 3796 5648 449 5648 445 5649 3796 5649 447 5649 443 5650 3796 5650 445 5650 441 5651 3796 5651 443 5651 439 5652 3796 5652 441 5652 2070 5653 3797 5653 2072 5653 2068 5654 3797 5654 2070 5654 2066 5655 3797 5655 2068 5655 3795 5656 3797 5656 2066 5656 437 5657 3798 5657 439 5657 435 5658 3798 5658 437 5658 433 5659 3798 5659 435 5659 431 5660 3798 5660 433 5660 439 5661 3798 5661 3796 5661 2074 5662 3799 5662 2076 5662 2072 5663 3799 5663 2074 5663 3797 5664 3799 5664 2072 5664 641 5665 3800 5665 429 5665 639 5666 3800 5666 641 5666 637 5667 3800 5667 639 5667 634 5668 3800 5668 637 5668 429 5669 3800 5669 431 5669 431 5670 3800 5670 3798 5670 2108 5671 2729 5671 2110 5671 2730 5672 2729 5672 2108 5672 2106 5673 2731 5673 2108 5673 2104 5674 2731 5674 2106 5674 2108 5675 2731 5675 2730 5675 2110 5676 2728 5676 2112 5676 2729 5677 2728 5677 2110 5677 2102 5678 2732 5678 2104 5678 2104 5679 2732 5679 2731 5679 2728 5680 2727 5680 2112 5680 2112 5681 2727 5681 2114 5681 2102 5682 2733 5682 2732 5682 2114 5683 2726 5683 2116 5683 2727 5684 2726 5684 2114 5684 2100 5685 2734 5685 2102 5685 2098 5686 2734 5686 2100 5686 2102 5687 2734 5687 2733 5687 2726 5688 2725 5688 2116 5688 2116 5689 2725 5689 2118 5689 2098 5690 2735 5690 2734 5690 2120 5691 2724 5691 2122 5691 2118 5692 2724 5692 2120 5692 2725 5693 2724 5693 2118 5693 2096 5694 2736 5694 2098 5694 2094 5695 2736 5695 2096 5695 2098 5696 2736 5696 2735 5696 2724 5697 2723 5697 2122 5697 2094 5698 2737 5698 2736 5698 2122 5699 2722 5699 2124 5699 2723 5700 2722 5700 2122 5700 2092 5701 2738 5701 2094 5701 2094 5702 2738 5702 2737 5702 2126 5703 2721 5703 2128 5703 2124 5704 2721 5704 2126 5704 2722 5705 2721 5705 2124 5705 2090 5706 2739 5706 2092 5706 2092 5707 2739 5707 2738 5707 2721 5708 2720 5708 2128 5708 2090 5709 2740 5709 2739 5709 2088 5710 2740 5710 2090 5710 2128 5711 2719 5711 2130 5711 2720 5712 2719 5712 2128 5712 2086 5713 2741 5713 2088 5713 2088 5714 2741 5714 2740 5714 2130 5715 2718 5715 2132 5715 2719 5716 2718 5716 2130 5716 2084 5717 2742 5717 2086 5717 2082 5718 2742 5718 2084 5718 2086 5719 2742 5719 2741 5719 2132 5720 2717 5720 2134 5720 2718 5721 2717 5721 2132 5721 2082 5722 2743 5722 2742 5722 2080 5723 2744 5723 2082 5723 2082 5724 2744 5724 2743 5724 2078 5725 2745 5725 2080 5725 2080 5726 2745 5726 2744 5726 2076 5727 2746 5727 2078 5727 3799 5728 2746 5728 2076 5728 2078 5729 2746 5729 2745 5729 3799 5730 2747 5730 2746 5730 2748 5731 3801 5731 2749 5731 2747 5732 3801 5732 2748 5732 3799 5733 3801 5733 2747 5733 2749 5734 3801 5734 2750 5734 633 5735 3802 5735 634 5735 631 5736 3802 5736 633 5736 629 5737 3802 5737 631 5737 627 5738 3802 5738 629 5738 634 5739 3802 5739 3800 5739 3801 5740 3803 5740 2750 5740 2752 5741 3803 5741 2753 5741 2751 5742 3803 5742 2752 5742 2750 5743 3803 5743 2751 5743 627 5744 3804 5744 3802 5744 624 5745 3804 5745 627 5745 623 5746 3804 5746 624 5746 620 5747 3804 5747 623 5747 619 5748 3804 5748 620 5748 3803 5749 3805 5749 2753 5749 2756 5750 3805 5750 2757 5750 2755 5751 3805 5751 2756 5751 2754 5752 3805 5752 2755 5752 2753 5753 3805 5753 2754 5753 617 5754 3806 5754 619 5754 615 5755 3806 5755 617 5755 613 5756 3806 5756 615 5756 610 5757 3806 5757 613 5757 619 5758 3806 5758 3804 5758 553 5759 307 5759 305 5759 551 5760 307 5760 553 5760 305 5761 303 5761 553 5761 555 5762 303 5762 557 5762 553 5763 303 5763 555 5763 551 5764 309 5764 307 5764 549 5765 309 5765 551 5765 303 5766 301 5766 557 5766 547 5767 311 5767 549 5767 549 5768 311 5768 309 5768 301 5769 299 5769 557 5769 557 5770 299 5770 558 5770 547 5771 313 5771 311 5771 545 5772 313 5772 547 5772 299 5773 297 5773 558 5773 558 5774 297 5774 561 5774 545 5775 315 5775 313 5775 543 5776 315 5776 545 5776 541 5777 315 5777 543 5777 561 5778 295 5778 563 5778 297 5779 295 5779 561 5779 541 5780 317 5780 315 5780 539 5781 317 5781 541 5781 563 5782 293 5782 565 5782 295 5783 293 5783 563 5783 539 5784 319 5784 317 5784 565 5785 291 5785 567 5785 293 5786 291 5786 565 5786 539 5787 321 5787 319 5787 537 5788 321 5788 539 5788 567 5789 289 5789 569 5789 291 5790 289 5790 567 5790 1922 5791 323 5791 537 5791 537 5792 323 5792 321 5792 289 5793 287 5793 569 5793 571 5794 287 5794 573 5794 569 5795 287 5795 571 5795 287 5796 285 5796 573 5796 285 5797 283 5797 573 5797 573 5798 283 5798 575 5798 575 5799 281 5799 577 5799 283 5800 281 5800 575 5800 281 5801 279 5801 577 5801 577 5802 279 5802 579 5802 279 5803 277 5803 579 5803 581 5804 277 5804 583 5804 579 5805 277 5805 581 5805 277 5806 275 5806 583 5806 585 5807 273 5807 587 5807 583 5808 273 5808 585 5808 275 5809 273 5809 583 5809 273 5810 271 5810 587 5810 3805 5811 3807 5811 2757 5811 2760 5812 3807 5812 2761 5812 2759 5813 3807 5813 2760 5813 2758 5814 3807 5814 2759 5814 2757 5815 3807 5815 2758 5815 589 5816 269 5816 590 5816 587 5817 269 5817 589 5817 271 5818 269 5818 587 5818 269 5819 267 5819 590 5819 267 5820 265 5820 590 5820 593 5821 265 5821 595 5821 590 5822 265 5822 593 5822 265 5823 263 5823 595 5823 609 5824 3808 5824 610 5824 610 5825 3808 5825 3806 5825 607 5826 3808 5826 609 5826 604 5827 3808 5827 607 5827 3807 5828 3809 5828 2761 5828 2765 5829 3809 5829 2766 5829 2764 5830 3809 5830 2765 5830 2763 5831 3809 5831 2764 5831 2762 5832 3809 5832 2763 5832 2761 5833 3809 5833 2762 5833 2713 5834 113 5834 2714 5834 2713 5835 115 5835 113 5835 113 5836 111 5836 2714 5836 2714 5837 111 5837 2715 5837 2713 5838 117 5838 115 5838 2712 5839 117 5839 2713 5839 1922 5840 109 5840 323 5840 2716 5841 109 5841 2717 5841 2715 5842 109 5842 2716 5842 2134 5843 109 5843 1922 5843 111 5844 109 5844 2715 5844 2717 5845 109 5845 2134 5845 2711 5846 119 5846 2712 5846 2712 5847 119 5847 117 5847 109 5848 107 5848 323 5848 2711 5849 121 5849 119 5849 2710 5850 121 5850 2711 5850 107 5851 105 5851 323 5851 323 5852 105 5852 325 5852 2709 5853 123 5853 2710 5853 2710 5854 123 5854 121 5854 325 5855 103 5855 327 5855 105 5856 103 5856 325 5856 2708 5857 125 5857 2709 5857 2709 5858 125 5858 123 5858 327 5859 101 5859 329 5859 103 5860 101 5860 327 5860 2707 5861 127 5861 2708 5861 2708 5862 127 5862 125 5862 331 5863 99 5863 333 5863 329 5864 99 5864 331 5864 101 5865 99 5865 329 5865 2707 5866 129 5866 127 5866 2706 5867 129 5867 2707 5867 99 5868 97 5868 333 5868 603 5869 3810 5869 604 5869 600 5870 3810 5870 603 5870 599 5871 3810 5871 600 5871 604 5872 3810 5872 3808 5872 2705 5873 130 5873 2706 5873 2706 5874 130 5874 129 5874 97 5875 95 5875 333 5875 333 5876 95 5876 335 5876 2705 5877 133 5877 130 5877 2704 5878 133 5878 2705 5878 95 5879 93 5879 335 5879 335 5880 93 5880 337 5880 2704 5881 135 5881 133 5881 2703 5882 135 5882 2704 5882 93 5883 91 5883 337 5883 339 5884 91 5884 340 5884 337 5885 91 5885 339 5885 2703 5886 137 5886 135 5886 2702 5887 137 5887 2703 5887 91 5888 89 5888 340 5888 340 5889 89 5889 343 5889 2702 5890 139 5890 137 5890 2701 5891 139 5891 2702 5891 89 5892 87 5892 343 5892 2701 5893 141 5893 139 5893 2700 5894 141 5894 2701 5894 87 5895 85 5895 343 5895 343 5896 85 5896 344 5896 2700 5897 143 5897 141 5897 2699 5898 143 5898 2700 5898 85 5899 83 5899 344 5899 344 5900 83 5900 347 5900 2699 5901 145 5901 143 5901 2698 5902 145 5902 2699 5902 83 5903 81 5903 347 5903 347 5904 81 5904 349 5904 2698 5905 147 5905 145 5905 2697 5906 147 5906 2698 5906 81 5907 79 5907 349 5907 349 5908 79 5908 351 5908 2697 5909 149 5909 147 5909 2696 5910 149 5910 2697 5910 2695 5911 149 5911 2696 5911 79 5912 77 5912 351 5912 353 5913 77 5913 355 5913 351 5914 77 5914 353 5914 2695 5915 151 5915 149 5915 77 5916 75 5916 355 5916 2695 5917 153 5917 151 5917 2694 5918 153 5918 2695 5918 75 5919 73 5919 355 5919 355 5920 73 5920 357 5920 2694 5921 155 5921 153 5921 2693 5922 155 5922 2694 5922 73 5923 71 5923 357 5923 357 5924 71 5924 359 5924 2692 5925 157 5925 2693 5925 2693 5926 157 5926 155 5926 359 5927 69 5927 361 5927 71 5928 69 5928 359 5928 2691 5929 159 5929 2692 5929 2692 5930 159 5930 157 5930 361 5931 67 5931 363 5931 69 5932 67 5932 361 5932 3809 5933 3811 5933 2766 5933 2769 5934 3811 5934 2663 5934 2768 5935 3811 5935 2769 5935 2767 5936 3811 5936 2768 5936 2766 5937 3811 5937 2767 5937 2691 5938 161 5938 159 5938 2690 5939 161 5939 2691 5939 67 5940 65 5940 363 5940 363 5941 65 5941 365 5941 2690 5942 162 5942 161 5942 2689 5943 162 5943 2690 5943 367 5944 63 5944 369 5944 365 5945 63 5945 367 5945 65 5946 63 5946 365 5946 2689 5947 165 5947 162 5947 2688 5948 165 5948 2689 5948 63 5949 61 5949 369 5949 2688 5950 167 5950 165 5950 2687 5951 167 5951 2688 5951 371 5952 59 5952 373 5952 369 5953 59 5953 371 5953 61 5954 59 5954 369 5954 59 5955 57 5955 373 5955 373 5956 55 5956 375 5956 57 5957 55 5957 373 5957 376 5958 53 5958 379 5958 375 5959 53 5959 376 5959 55 5960 53 5960 375 5960 379 5961 51 5961 380 5961 53 5962 51 5962 379 5962 51 5963 49 5963 380 5963 261 5964 3812 5964 263 5964 259 5965 3812 5965 261 5965 263 5966 3812 5966 595 5966 599 5967 3812 5967 3810 5967 597 5968 3812 5968 599 5968 595 5969 3812 5969 597 5969 3811 5970 3813 5970 2663 5970 2666 5971 3813 5971 2667 5971 2665 5972 3813 5972 2666 5972 2664 5973 3813 5973 2665 5973 2663 5974 3813 5974 2664 5974 257 5975 3814 5975 259 5975 255 5976 3814 5976 257 5976 253 5977 3814 5977 255 5977 259 5978 3814 5978 3812 5978 3813 5979 3815 5979 2667 5979 2671 5980 3815 5980 2672 5980 2670 5981 3815 5981 2671 5981 2669 5982 3815 5982 2670 5982 2668 5983 3815 5983 2669 5983 2667 5984 3815 5984 2668 5984 251 5985 3816 5985 253 5985 249 5986 3816 5986 251 5986 247 5987 3816 5987 249 5987 253 5988 3816 5988 3814 5988 3815 5989 3817 5989 2672 5989 2675 5990 3817 5990 2676 5990 2674 5991 3817 5991 2675 5991 2673 5992 3817 5992 2674 5992 2672 5993 3817 5993 2673 5993 245 5994 3818 5994 247 5994 243 5995 3818 5995 245 5995 241 5996 3818 5996 243 5996 239 5997 3818 5997 241 5997 247 5998 3818 5998 3816 5998 3817 5999 3819 5999 2676 5999 2679 6000 3819 6000 2680 6000 2678 6001 3819 6001 2679 6001 2677 6002 3819 6002 2678 6002 2676 6003 3819 6003 2677 6003 237 6004 3820 6004 239 6004 235 6005 3820 6005 237 6005 233 6006 3820 6006 235 6006 231 6007 3820 6007 233 6007 239 6008 3820 6008 3818 6008 2682 6009 3821 6009 2683 6009 2681 6010 3821 6010 2682 6010 2680 6011 3821 6011 2681 6011 3819 6012 3821 6012 2680 6012 229 6013 3822 6013 231 6013 227 6014 3822 6014 229 6014 225 6015 3822 6015 227 6015 223 6016 3822 6016 225 6016 231 6017 3822 6017 3820 6017 2685 6018 3823 6018 2686 6018 2684 6019 3823 6019 2685 6019 2683 6020 3823 6020 2684 6020 3821 6021 3823 6021 2683 6021 427 6022 3824 6022 215 6022 221 6023 3824 6023 223 6023 219 6024 3824 6024 221 6024 217 6025 3824 6025 219 6025 215 6026 3824 6026 217 6026 223 6027 3824 6027 3822 6027 169 6028 3825 6028 171 6028 167 6029 3825 6029 169 6029 2686 6030 3825 6030 2687 6030 2687 6031 3825 6031 167 6031 3823 6032 3825 6032 2686 6032 427 6033 3826 6033 3824 6033 425 6034 3826 6034 427 6034 423 6035 3826 6035 425 6035 420 6036 3826 6036 423 6036 418 6037 3826 6037 420 6037 175 6038 3827 6038 176 6038 172 6039 3827 6039 175 6039 171 6040 3827 6040 172 6040 3825 6041 3827 6041 171 6041 417 6042 3828 6042 418 6042 415 6043 3828 6043 417 6043 413 6044 3828 6044 415 6044 410 6045 3828 6045 413 6045 409 6046 3828 6046 410 6046 418 6047 3828 6047 3826 6047 182 6048 3829 6048 185 6048 181 6049 3829 6049 182 6049 179 6050 3829 6050 181 6050 176 6051 3829 6051 179 6051 3827 6052 3829 6052 176 6052 406 6053 3830 6053 409 6053 405 6054 3830 6054 406 6054 403 6055 3830 6055 405 6055 401 6056 3830 6056 403 6056 409 6057 3830 6057 3828 6057 191 6058 3831 6058 192 6058 189 6059 3831 6059 191 6059 187 6060 3831 6060 189 6060 185 6061 3831 6061 187 6061 3829 6062 3831 6062 185 6062 399 6063 3832 6063 401 6063 396 6064 3832 6064 399 6064 395 6065 3832 6065 396 6065 401 6066 3832 6066 3830 6066 199 6067 3833 6067 201 6067 196 6068 3833 6068 199 6068 195 6069 3833 6069 196 6069 192 6070 3833 6070 195 6070 3831 6071 3833 6071 192 6071 395 6072 3834 6072 3832 6072 393 6073 3834 6073 395 6073 390 6074 3834 6074 393 6074 388 6075 3834 6075 390 6075 386 6076 3834 6076 388 6076 206 6077 3835 6077 209 6077 205 6078 3835 6078 206 6078 203 6079 3835 6079 205 6079 201 6080 3835 6080 203 6080 3833 6081 3835 6081 201 6081 386 6082 3836 6082 3834 6082 385 6083 3836 6083 386 6083 382 6084 3836 6084 385 6084 380 6085 3836 6085 382 6085 3835 6086 3837 6086 209 6086 213 6087 3837 6087 1 6087 211 6088 3837 6088 213 6088 209 6089 3837 6089 211 6089 3 6090 3837 6090 5 6090 1 6091 3837 6091 3 6091 47 6092 3838 6092 49 6092 45 6093 3838 6093 47 6093 43 6094 3838 6094 45 6094 380 6095 3838 6095 3836 6095 49 6096 3838 6096 380 6096 11 6097 3839 6097 13 6097 9 6098 3839 6098 11 6098 7 6099 3839 6099 9 6099 5 6100 3839 6100 7 6100 3837 6101 3839 6101 5 6101 41 6102 3840 6102 43 6102 39 6103 3840 6103 41 6103 37 6104 3840 6104 39 6104 43 6105 3840 6105 3838 6105 21 6106 3841 6106 23 6106 19 6107 3841 6107 21 6107 17 6108 3841 6108 19 6108 15 6109 3841 6109 17 6109 13 6110 3841 6110 15 6110 3839 6111 3841 6111 13 6111 35 6112 3842 6112 37 6112 33 6113 3842 6113 35 6113 31 6114 3842 6114 33 6114 29 6115 3842 6115 31 6115 37 6116 3842 6116 3840 6116 29 6117 3843 6117 3842 6117 27 6118 3843 6118 29 6118 25 6119 3843 6119 27 6119 23 6120 3843 6120 25 6120 3841 6121 3843 6121 23 6121 3844 6122 3845 6122 3846 6122 3844 6123 3847 6123 3848 6123 3844 6124 3846 6124 3847 6124 3849 6125 3848 6125 3850 6125 3849 6126 3844 6126 3848 6126 3851 6127 3849 6127 3850 6127 3852 6128 3850 6128 3853 6128 3852 6129 3851 6129 3850 6129 3854 6130 3853 6130 3855 6130 3854 6131 3852 6131 3853 6131 3856 6132 3857 6132 3858 6132 3856 6133 3855 6133 3857 6133 3856 6134 3854 6134 3855 6134 3859 6135 3856 6135 3858 6135 3860 6136 3858 6136 3861 6136 3860 6137 3859 6137 3858 6137 3862 6138 3861 6138 3863 6138 3862 6139 3860 6139 3861 6139 3864 6140 3863 6140 3865 6140 3864 6141 3862 6141 3863 6141 3866 6142 3865 6142 3867 6142 3866 6143 3864 6143 3865 6143 3868 6144 3867 6144 3869 6144 3868 6145 3866 6145 3867 6145 3870 6146 3871 6146 3872 6146 3873 6147 3870 6147 3872 6147 3874 6148 3875 6148 3876 6148 3874 6149 3876 6149 3873 6149 3874 6150 3873 6150 3872 6150 3877 6151 3878 6151 3875 6151 3877 6152 3875 6152 3874 6152 3879 6153 3880 6153 3878 6153 3879 6154 3878 6154 3877 6154 3881 6155 3882 6155 3880 6155 3881 6156 3880 6156 3879 6156 3883 6157 3884 6157 3882 6157 3883 6158 3882 6158 3881 6158 3885 6159 3884 6159 3883 6159 3885 6160 3886 6160 3884 6160 3887 6161 3886 6161 3885 6161 3888 6162 3886 6162 3887 6162 3889 6163 3888 6163 3887 6163 3890 6164 3888 6164 3889 6164 3891 6165 3890 6165 3889 6165 3892 6166 3890 6166 3891 6166 3893 6167 3892 6167 3891 6167 3894 6168 3892 6168 3893 6168 3895 6169 3894 6169 3893 6169 3896 6170 3894 6170 3895 6170 3897 6171 3896 6171 3895 6171 3898 6172 3896 6172 3897 6172 3899 6173 3898 6173 3897 6173 3900 6174 3898 6174 3899 6174 3901 6175 3900 6175 3899 6175 3902 6176 3900 6176 3901 6176 3903 6177 3902 6177 3901 6177 3904 6178 3902 6178 3903 6178 3905 6179 3904 6179 3903 6179 3906 6180 3904 6180 3905 6180 3907 6181 3906 6181 3905 6181 3908 6182 3906 6182 3907 6182 3909 6183 3908 6183 3907 6183 3910 6184 3908 6184 3909 6184 3911 6185 3910 6185 3909 6185 3912 6186 3910 6186 3911 6186 3913 6187 3912 6187 3911 6187 3914 6188 3912 6188 3913 6188 3915 6189 3914 6189 3913 6189 3916 6190 3914 6190 3915 6190 3917 6191 3916 6191 3915 6191 3868 6192 3916 6192 3917 6192 3918 6193 3868 6193 3917 6193 3866 6194 3868 6194 3918 6194 3919 6195 3866 6195 3918 6195 3864 6196 3866 6196 3919 6196 3920 6197 3864 6197 3919 6197 3862 6198 3864 6198 3920 6198 3921 6199 3862 6199 3920 6199 3860 6200 3862 6200 3921 6200 3859 6201 3921 6201 3922 6201 3859 6202 3860 6202 3921 6202 3856 6203 3922 6203 3923 6203 3856 6204 3859 6204 3922 6204 3854 6205 3923 6205 3924 6205 3854 6206 3856 6206 3923 6206 3852 6207 3854 6207 3924 6207 3852 6208 3924 6208 3925 6208 3851 6209 3852 6209 3925 6209 3926 6210 3851 6210 3925 6210 3849 6211 3851 6211 3926 6211 3927 6212 3849 6212 3926 6212 3844 6213 3849 6213 3927 6213 3928 6214 3844 6214 3927 6214 3845 6215 3844 6215 3928 6215 3929 6216 3845 6216 3928 6216 3929 6217 3928 6217 3930 6217 3868 6218 3869 6218 3931 6218 3916 6219 3931 6219 3932 6219 3916 6220 3868 6220 3931 6220 3914 6221 3932 6221 3933 6221 3914 6222 3916 6222 3932 6222 3912 6223 3933 6223 3934 6223 3912 6224 3914 6224 3933 6224 3910 6225 3934 6225 3935 6225 3910 6226 3912 6226 3934 6226 3908 6227 3935 6227 3936 6227 3908 6228 3910 6228 3935 6228 3906 6229 3936 6229 3937 6229 3906 6230 3908 6230 3936 6230 3904 6231 3937 6231 3938 6231 3904 6232 3906 6232 3937 6232 3902 6233 3938 6233 3939 6233 3902 6234 3904 6234 3938 6234 3900 6235 3939 6235 3940 6235 3900 6236 3902 6236 3939 6236 3898 6237 3940 6237 3941 6237 3898 6238 3900 6238 3940 6238 3896 6239 3898 6239 3941 6239 3896 6240 3941 6240 3942 6240 3894 6241 3896 6241 3942 6241 3894 6242 3942 6242 3943 6242 3892 6243 3894 6243 3943 6243 3892 6244 3943 6244 3944 6244 3890 6245 3944 6245 3945 6245 3890 6246 3892 6246 3944 6246 3888 6247 3890 6247 3945 6247 3888 6248 3945 6248 3946 6248 3886 6249 3946 6249 3947 6249 3886 6250 3888 6250 3946 6250 3884 6251 3947 6251 3948 6251 3884 6252 3886 6252 3947 6252 3882 6253 3948 6253 3949 6253 3882 6254 3884 6254 3948 6254 3880 6255 3882 6255 3949 6255 3878 6256 3950 6256 3951 6256 3878 6257 3949 6257 3950 6257 3878 6258 3880 6258 3949 6258 3875 6259 3951 6259 3952 6259 3875 6260 3878 6260 3951 6260 3876 6261 3952 6261 3953 6261 3876 6262 3875 6262 3952 6262 3873 6263 3953 6263 3954 6263 3873 6264 3876 6264 3953 6264 3870 6265 3873 6265 3954 6265 3871 6266 3954 6266 3955 6266 3871 6267 3870 6267 3954 6267 3871 6268 3955 6268 3956 6268 3872 6269 3871 6269 3956 6269 3845 6270 3929 6270 3957 6270 3845 6271 3957 6271 3846 6271 3930 6272 3958 6272 3957 6272 3929 6273 3930 6273 3957 6273 3958 6274 3930 6274 3959 6274 3959 6275 3928 6275 3960 6275 3930 6276 3928 6276 3959 6276 3960 6277 3927 6277 3961 6277 3928 6278 3927 6278 3960 6278 3961 6279 3926 6279 3962 6279 3927 6280 3926 6280 3961 6280 3962 6281 3925 6281 3963 6281 3926 6282 3925 6282 3962 6282 3963 6283 3924 6283 3964 6283 3925 6284 3924 6284 3963 6284 3964 6285 3923 6285 3965 6285 3924 6286 3923 6286 3964 6286 3923 6287 3922 6287 3965 6287 3965 6288 3922 6288 3966 6288 3922 6289 3921 6289 3966 6289 3966 6290 3921 6290 3967 6290 3921 6291 3920 6291 3967 6291 3967 6292 3920 6292 3968 6292 3920 6293 3919 6293 3968 6293 3968 6294 3919 6294 3969 6294 3919 6295 3918 6295 3969 6295 3969 6296 3918 6296 3970 6296 3918 6297 3917 6297 3970 6297 3970 6298 3917 6298 3971 6298 3917 6299 3915 6299 3971 6299 3971 6300 3915 6300 3972 6300 3915 6301 3913 6301 3972 6301 3972 6302 3913 6302 3973 6302 3913 6303 3911 6303 3973 6303 3973 6304 3911 6304 3974 6304 3911 6305 3909 6305 3974 6305 3974 6306 3909 6306 3975 6306 3909 6307 3907 6307 3975 6307 3975 6308 3907 6308 3976 6308 3907 6309 3905 6309 3976 6309 3976 6310 3905 6310 3977 6310 3905 6311 3903 6311 3977 6311 3977 6312 3903 6312 3978 6312 3903 6313 3901 6313 3978 6313 3978 6314 3901 6314 3979 6314 3979 6315 3899 6315 3980 6315 3901 6316 3899 6316 3979 6316 3980 6317 3897 6317 3981 6317 3899 6318 3897 6318 3980 6318 3981 6319 3895 6319 3982 6319 3897 6320 3895 6320 3981 6320 3982 6321 3893 6321 3983 6321 3895 6322 3893 6322 3982 6322 3983 6323 3891 6323 3984 6323 3893 6324 3891 6324 3983 6324 3984 6325 3889 6325 3985 6325 3891 6326 3889 6326 3984 6326 3985 6327 3887 6327 3986 6327 3889 6328 3887 6328 3985 6328 3986 6329 3885 6329 3987 6329 3887 6330 3885 6330 3986 6330 3987 6331 3883 6331 3988 6331 3885 6332 3883 6332 3987 6332 3988 6333 3881 6333 3989 6333 3883 6334 3881 6334 3988 6334 3989 6335 3879 6335 3990 6335 3881 6336 3879 6336 3989 6336 3990 6337 3877 6337 3991 6337 3879 6338 3877 6338 3990 6338 3877 6339 3874 6339 3991 6339 3874 6340 3956 6340 3991 6340 3874 6341 3872 6341 3956 6341 3992 6342 3993 6342 3994 6342 3992 6343 3994 6343 3995 6343 3996 6344 3997 6344 3998 6344 3996 6345 3995 6345 3997 6345 3996 6346 3992 6346 3995 6346 3999 6347 3998 6347 4000 6347 3999 6348 3996 6348 3998 6348 4001 6349 3999 6349 4000 6349 4002 6350 4000 6350 4003 6350 4002 6351 4001 6351 4000 6351 4004 6352 4003 6352 4005 6352 4004 6353 4002 6353 4003 6353 4006 6354 4005 6354 4007 6354 4006 6355 4004 6355 4005 6355 4008 6356 4007 6356 4009 6356 4008 6357 4006 6357 4007 6357 4010 6358 4009 6358 4011 6358 4010 6359 4008 6359 4009 6359 4012 6360 4011 6360 4013 6360 4012 6361 4010 6361 4011 6361 4014 6362 4013 6362 4015 6362 4014 6363 4012 6363 4013 6363 4016 6364 4015 6364 4017 6364 4016 6365 4014 6365 4015 6365 4018 6366 4019 6366 4020 6366 4021 6367 4018 6367 4020 6367 4022 6368 4023 6368 4024 6368 4022 6369 4024 6369 4021 6369 4022 6370 4021 6370 4020 6370 4025 6371 4026 6371 4023 6371 4025 6372 4023 6372 4022 6372 4027 6373 4028 6373 4026 6373 4027 6374 4026 6374 4025 6374 4029 6375 4030 6375 4028 6375 4029 6376 4028 6376 4027 6376 4031 6377 4032 6377 4030 6377 4031 6378 4030 6378 4029 6378 4033 6379 4032 6379 4031 6379 4033 6380 4034 6380 4032 6380 4035 6381 4034 6381 4033 6381 4036 6382 4034 6382 4035 6382 4037 6383 4036 6383 4035 6383 4038 6384 4036 6384 4037 6384 4039 6385 4038 6385 4037 6385 4040 6386 4038 6386 4039 6386 4041 6387 4040 6387 4039 6387 4042 6388 4040 6388 4041 6388 4043 6389 4042 6389 4041 6389 4044 6390 4042 6390 4043 6390 4045 6391 4044 6391 4043 6391 4046 6392 4044 6392 4045 6392 4047 6393 4046 6393 4045 6393 4048 6394 4046 6394 4047 6394 4049 6395 4048 6395 4047 6395 4050 6396 4048 6396 4049 6396 4051 6397 4050 6397 4049 6397 4052 6398 4050 6398 4051 6398 4053 6399 4052 6399 4051 6399 4054 6400 4052 6400 4053 6400 4055 6401 4054 6401 4053 6401 4056 6402 4054 6402 4055 6402 4057 6403 4056 6403 4055 6403 4058 6404 4056 6404 4057 6404 4059 6405 4058 6405 4057 6405 4060 6406 4058 6406 4059 6406 4061 6407 4060 6407 4059 6407 4062 6408 4060 6408 4061 6408 4063 6409 4062 6409 4061 6409 4064 6410 4062 6410 4063 6410 4065 6411 4064 6411 4063 6411 4016 6412 4064 6412 4065 6412 4066 6413 4016 6413 4065 6413 4014 6414 4016 6414 4066 6414 4067 6415 4014 6415 4066 6415 4012 6416 4014 6416 4067 6416 4068 6417 4012 6417 4067 6417 4010 6418 4012 6418 4068 6418 4069 6419 4010 6419 4068 6419 4008 6420 4010 6420 4069 6420 4006 6421 4069 6421 4070 6421 4006 6422 4008 6422 4069 6422 4004 6423 4070 6423 4071 6423 4004 6424 4006 6424 4070 6424 4002 6425 4071 6425 4072 6425 4002 6426 4004 6426 4071 6426 4001 6427 4002 6427 4072 6427 4001 6428 4072 6428 4073 6428 3999 6429 4001 6429 4073 6429 4074 6430 3999 6430 4073 6430 3996 6431 3999 6431 4074 6431 4075 6432 3996 6432 4074 6432 3992 6433 3996 6433 4075 6433 4076 6434 3992 6434 4075 6434 3993 6435 3992 6435 4076 6435 4077 6436 3993 6436 4076 6436 4077 6437 4076 6437 4078 6437 4016 6438 4017 6438 4079 6438 4064 6439 4079 6439 4080 6439 4064 6440 4016 6440 4079 6440 4062 6441 4080 6441 4081 6441 4062 6442 4064 6442 4080 6442 4060 6443 4081 6443 4082 6443 4060 6444 4062 6444 4081 6444 4058 6445 4082 6445 4083 6445 4058 6446 4060 6446 4082 6446 4056 6447 4083 6447 4084 6447 4056 6448 4058 6448 4083 6448 4054 6449 4084 6449 4085 6449 4054 6450 4056 6450 4084 6450 4052 6451 4085 6451 4086 6451 4052 6452 4054 6452 4085 6452 4050 6453 4086 6453 4087 6453 4050 6454 4052 6454 4086 6454 4048 6455 4087 6455 4088 6455 4048 6456 4050 6456 4087 6456 4046 6457 4088 6457 4089 6457 4046 6458 4048 6458 4088 6458 4044 6459 4046 6459 4089 6459 4044 6460 4089 6460 4090 6460 4042 6461 4044 6461 4090 6461 4042 6462 4090 6462 4091 6462 4040 6463 4042 6463 4091 6463 4040 6464 4091 6464 4092 6464 4038 6465 4092 6465 4093 6465 4038 6466 4040 6466 4092 6466 4036 6467 4038 6467 4093 6467 4036 6468 4093 6468 4094 6468 4034 6469 4094 6469 4095 6469 4034 6470 4036 6470 4094 6470 4032 6471 4095 6471 4096 6471 4032 6472 4034 6472 4095 6472 4030 6473 4032 6473 4096 6473 4028 6474 4096 6474 4097 6474 4028 6475 4030 6475 4096 6475 4026 6476 4098 6476 4099 6476 4026 6477 4097 6477 4098 6477 4026 6478 4028 6478 4097 6478 4023 6479 4099 6479 4100 6479 4023 6480 4026 6480 4099 6480 4024 6481 4100 6481 4101 6481 4024 6482 4023 6482 4100 6482 4021 6483 4101 6483 4102 6483 4021 6484 4024 6484 4101 6484 4018 6485 4021 6485 4102 6485 4019 6486 4102 6486 4103 6486 4019 6487 4018 6487 4102 6487 4019 6488 4103 6488 4104 6488 4020 6489 4019 6489 4104 6489 3993 6490 4077 6490 4105 6490 3993 6491 4105 6491 3994 6491 4078 6492 4106 6492 4105 6492 4077 6493 4078 6493 4105 6493 4106 6494 4078 6494 4107 6494 4107 6495 4076 6495 4108 6495 4078 6496 4076 6496 4107 6496 4108 6497 4075 6497 4109 6497 4076 6498 4075 6498 4108 6498 4109 6499 4074 6499 4110 6499 4075 6500 4074 6500 4109 6500 4110 6501 4073 6501 4111 6501 4074 6502 4073 6502 4110 6502 4111 6503 4072 6503 4112 6503 4073 6504 4072 6504 4111 6504 4112 6505 4071 6505 4113 6505 4072 6506 4071 6506 4112 6506 4071 6507 4070 6507 4113 6507 4113 6508 4070 6508 4114 6508 4070 6509 4069 6509 4114 6509 4114 6510 4069 6510 4115 6510 4069 6511 4068 6511 4115 6511 4115 6512 4068 6512 4116 6512 4068 6513 4067 6513 4116 6513 4116 6514 4067 6514 4117 6514 4067 6515 4066 6515 4117 6515 4117 6516 4066 6516 4118 6516 4066 6517 4065 6517 4118 6517 4118 6518 4065 6518 4119 6518 4065 6519 4063 6519 4119 6519 4119 6520 4063 6520 4120 6520 4063 6521 4061 6521 4120 6521 4120 6522 4061 6522 4121 6522 4061 6523 4059 6523 4121 6523 4121 6524 4059 6524 4122 6524 4059 6525 4057 6525 4122 6525 4122 6526 4057 6526 4123 6526 4057 6527 4055 6527 4123 6527 4123 6528 4055 6528 4124 6528 4055 6529 4053 6529 4124 6529 4124 6530 4053 6530 4125 6530 4053 6531 4051 6531 4125 6531 4125 6532 4051 6532 4126 6532 4051 6533 4049 6533 4126 6533 4126 6534 4049 6534 4127 6534 4127 6535 4047 6535 4128 6535 4049 6536 4047 6536 4127 6536 4128 6537 4045 6537 4129 6537 4047 6538 4045 6538 4128 6538 4129 6539 4043 6539 4130 6539 4045 6540 4043 6540 4129 6540 4130 6541 4041 6541 4131 6541 4043 6542 4041 6542 4130 6542 4131 6543 4039 6543 4132 6543 4041 6544 4039 6544 4131 6544 4132 6545 4037 6545 4133 6545 4039 6546 4037 6546 4132 6546 4133 6547 4035 6547 4134 6547 4037 6548 4035 6548 4133 6548 4134 6549 4033 6549 4135 6549 4035 6550 4033 6550 4134 6550 4135 6551 4031 6551 4136 6551 4033 6552 4031 6552 4135 6552 4136 6553 4029 6553 4137 6553 4031 6554 4029 6554 4136 6554 4137 6555 4027 6555 4138 6555 4029 6556 4027 6556 4137 6556 4138 6557 4025 6557 4139 6557 4027 6558 4025 6558 4138 6558 4025 6559 4022 6559 4139 6559 4022 6560 4104 6560 4139 6560 4022 6561 4020 6561 4104 6561 4140 6562 4141 6562 4142 6562 4143 6563 4140 6563 4142 6563 4144 6564 4142 6564 4145 6564 4144 6565 4143 6565 4142 6565 4146 6566 4147 6566 4148 6566 4146 6567 4145 6567 4147 6567 4146 6568 4144 6568 4145 6568 4149 6569 4146 6569 4148 6569 4150 6570 4148 6570 4151 6570 4150 6571 4149 6571 4148 6571 4152 6572 4151 6572 4153 6572 4152 6573 4150 6573 4151 6573 4154 6574 4153 6574 4155 6574 4154 6575 4152 6575 4153 6575 4156 6576 4157 6576 4158 6576 4156 6577 4155 6577 4157 6577 4156 6578 4154 6578 4155 6578 4159 6579 4158 6579 4160 6579 4159 6580 4156 6580 4158 6580 4161 6581 4159 6581 4160 6581 4162 6582 4160 6582 4163 6582 4162 6583 4161 6583 4160 6583 4164 6584 4163 6584 4165 6584 4164 6585 4162 6585 4163 6585 4166 6586 4167 6586 4168 6586 4169 6587 4166 6587 4168 6587 4170 6588 4171 6588 4172 6588 4170 6589 4172 6589 4169 6589 4170 6590 4169 6590 4168 6590 4173 6591 4174 6591 4171 6591 4173 6592 4171 6592 4170 6592 4175 6593 4176 6593 4174 6593 4175 6594 4174 6594 4173 6594 4177 6595 4178 6595 4176 6595 4177 6596 4176 6596 4175 6596 4179 6597 4180 6597 4178 6597 4179 6598 4178 6598 4177 6598 4181 6599 4180 6599 4179 6599 4181 6600 4182 6600 4180 6600 4183 6601 4182 6601 4181 6601 4184 6602 4182 6602 4183 6602 4185 6603 4184 6603 4183 6603 4186 6604 4184 6604 4185 6604 4187 6605 4186 6605 4185 6605 4188 6606 4186 6606 4187 6606 4189 6607 4188 6607 4187 6607 4190 6608 4188 6608 4189 6608 4191 6609 4190 6609 4189 6609 4192 6610 4190 6610 4191 6610 4193 6611 4192 6611 4191 6611 4194 6612 4192 6612 4193 6612 4195 6613 4194 6613 4193 6613 4196 6614 4194 6614 4195 6614 4197 6615 4196 6615 4195 6615 4198 6616 4196 6616 4197 6616 4199 6617 4198 6617 4197 6617 4200 6618 4198 6618 4199 6618 4201 6619 4200 6619 4199 6619 4202 6620 4200 6620 4201 6620 4203 6621 4202 6621 4201 6621 4204 6622 4202 6622 4203 6622 4205 6623 4204 6623 4203 6623 4206 6624 4204 6624 4205 6624 4207 6625 4206 6625 4205 6625 4208 6626 4206 6626 4207 6626 4209 6627 4208 6627 4207 6627 4210 6628 4208 6628 4209 6628 4211 6629 4210 6629 4209 6629 4212 6630 4210 6630 4211 6630 4213 6631 4212 6631 4211 6631 4164 6632 4212 6632 4213 6632 4214 6633 4164 6633 4213 6633 4162 6634 4164 6634 4214 6634 4215 6635 4162 6635 4214 6635 4161 6636 4162 6636 4215 6636 4216 6637 4161 6637 4215 6637 4159 6638 4161 6638 4216 6638 4217 6639 4159 6639 4216 6639 4156 6640 4159 6640 4217 6640 4154 6641 4217 6641 4218 6641 4154 6642 4156 6642 4217 6642 4152 6643 4218 6643 4219 6643 4152 6644 4154 6644 4218 6644 4150 6645 4219 6645 4220 6645 4150 6646 4152 6646 4219 6646 4149 6647 4150 6647 4220 6647 4149 6648 4220 6648 4221 6648 4146 6649 4149 6649 4221 6649 4222 6650 4146 6650 4221 6650 4144 6651 4146 6651 4222 6651 4223 6652 4144 6652 4222 6652 4143 6653 4144 6653 4223 6653 4224 6654 4143 6654 4223 6654 4140 6655 4143 6655 4224 6655 4225 6656 4140 6656 4224 6656 4225 6657 4224 6657 4226 6657 4164 6658 4165 6658 4227 6658 4212 6659 4227 6659 4228 6659 4212 6660 4164 6660 4227 6660 4210 6661 4228 6661 4229 6661 4210 6662 4212 6662 4228 6662 4208 6663 4229 6663 4230 6663 4208 6664 4210 6664 4229 6664 4206 6665 4230 6665 4231 6665 4206 6666 4208 6666 4230 6666 4204 6667 4231 6667 4232 6667 4204 6668 4206 6668 4231 6668 4202 6669 4232 6669 4233 6669 4202 6670 4204 6670 4232 6670 4200 6671 4233 6671 4234 6671 4200 6672 4202 6672 4233 6672 4198 6673 4234 6673 4235 6673 4198 6674 4200 6674 4234 6674 4196 6675 4235 6675 4236 6675 4196 6676 4198 6676 4235 6676 4194 6677 4236 6677 4237 6677 4194 6678 4196 6678 4236 6678 4192 6679 4194 6679 4237 6679 4192 6680 4237 6680 4238 6680 4190 6681 4192 6681 4238 6681 4190 6682 4238 6682 4239 6682 4188 6683 4190 6683 4239 6683 4188 6684 4239 6684 4240 6684 4186 6685 4240 6685 4241 6685 4186 6686 4188 6686 4240 6686 4184 6687 4186 6687 4241 6687 4184 6688 4241 6688 4242 6688 4182 6689 4242 6689 4243 6689 4182 6690 4184 6690 4242 6690 4180 6691 4243 6691 4244 6691 4180 6692 4182 6692 4243 6692 4178 6693 4180 6693 4244 6693 4176 6694 4245 6694 4246 6694 4176 6695 4244 6695 4245 6695 4176 6696 4178 6696 4244 6696 4174 6697 4176 6697 4246 6697 4171 6698 4246 6698 4247 6698 4171 6699 4174 6699 4246 6699 4172 6700 4247 6700 4248 6700 4172 6701 4171 6701 4247 6701 4169 6702 4248 6702 4249 6702 4169 6703 4172 6703 4248 6703 4166 6704 4250 6704 4251 6704 4166 6705 4249 6705 4250 6705 4166 6706 4169 6706 4249 6706 4167 6707 4166 6707 4251 6707 4167 6708 4251 6708 4252 6708 4168 6709 4167 6709 4252 6709 4140 6710 4225 6710 4253 6710 4140 6711 4253 6711 4141 6711 4226 6712 4254 6712 4253 6712 4225 6713 4226 6713 4253 6713 4254 6714 4226 6714 4255 6714 4255 6715 4224 6715 4256 6715 4226 6716 4224 6716 4255 6716 4256 6717 4223 6717 4257 6717 4224 6718 4223 6718 4256 6718 4257 6719 4222 6719 4258 6719 4223 6720 4222 6720 4257 6720 4258 6721 4221 6721 4259 6721 4222 6722 4221 6722 4258 6722 4259 6723 4220 6723 4260 6723 4221 6724 4220 6724 4259 6724 4260 6725 4219 6725 4261 6725 4220 6726 4219 6726 4260 6726 4219 6727 4218 6727 4261 6727 4261 6728 4218 6728 4262 6728 4218 6729 4217 6729 4262 6729 4262 6730 4217 6730 4263 6730 4217 6731 4216 6731 4263 6731 4263 6732 4216 6732 4264 6732 4216 6733 4215 6733 4264 6733 4264 6734 4215 6734 4265 6734 4215 6735 4214 6735 4265 6735 4265 6736 4214 6736 4266 6736 4214 6737 4213 6737 4266 6737 4266 6738 4213 6738 4267 6738 4213 6739 4211 6739 4267 6739 4267 6740 4211 6740 4268 6740 4211 6741 4209 6741 4268 6741 4268 6742 4209 6742 4269 6742 4209 6743 4207 6743 4269 6743 4269 6744 4207 6744 4270 6744 4207 6745 4205 6745 4270 6745 4270 6746 4205 6746 4271 6746 4205 6747 4203 6747 4271 6747 4271 6748 4203 6748 4272 6748 4203 6749 4201 6749 4272 6749 4272 6750 4201 6750 4273 6750 4201 6751 4199 6751 4273 6751 4273 6752 4199 6752 4274 6752 4199 6753 4197 6753 4274 6753 4274 6754 4197 6754 4275 6754 4275 6755 4195 6755 4276 6755 4197 6756 4195 6756 4275 6756 4276 6757 4193 6757 4277 6757 4195 6758 4193 6758 4276 6758 4277 6759 4191 6759 4278 6759 4193 6760 4191 6760 4277 6760 4278 6761 4189 6761 4279 6761 4191 6762 4189 6762 4278 6762 4279 6763 4187 6763 4280 6763 4189 6764 4187 6764 4279 6764 4280 6765 4185 6765 4281 6765 4187 6766 4185 6766 4280 6766 4281 6767 4183 6767 4282 6767 4185 6768 4183 6768 4281 6768 4282 6769 4181 6769 4283 6769 4183 6770 4181 6770 4282 6770 4283 6771 4179 6771 4284 6771 4181 6772 4179 6772 4283 6772 4284 6773 4177 6773 4285 6773 4179 6774 4177 6774 4284 6774 4285 6775 4175 6775 4286 6775 4177 6776 4175 6776 4285 6776 4286 6777 4173 6777 4287 6777 4175 6778 4173 6778 4286 6778 4173 6779 4170 6779 4287 6779 4170 6780 4252 6780 4287 6780 4170 6781 4168 6781 4252 6781 4288 6782 4289 6782 4290 6782 4291 6783 4288 6783 4290 6783 4292 6784 4290 6784 4293 6784 4292 6785 4291 6785 4290 6785 4294 6786 4295 6786 4296 6786 4294 6787 4293 6787 4295 6787 4294 6788 4292 6788 4293 6788 4297 6789 4294 6789 4296 6789 4298 6790 4296 6790 4299 6790 4298 6791 4297 6791 4296 6791 4300 6792 4299 6792 4301 6792 4300 6793 4298 6793 4299 6793 4302 6794 4301 6794 4303 6794 4302 6795 4300 6795 4301 6795 4304 6796 4305 6796 4306 6796 4304 6797 4303 6797 4305 6797 4304 6798 4302 6798 4303 6798 4307 6799 4306 6799 4308 6799 4307 6800 4304 6800 4306 6800 4309 6801 4307 6801 4308 6801 4310 6802 4311 6802 4312 6802 4310 6803 4308 6803 4311 6803 4310 6804 4309 6804 4308 6804 4313 6805 4310 6805 4312 6805 4314 6806 4315 6806 4316 6806 4317 6807 4314 6807 4316 6807 4318 6808 4319 6808 4320 6808 4318 6809 4320 6809 4317 6809 4318 6810 4317 6810 4316 6810 4321 6811 4322 6811 4319 6811 4321 6812 4319 6812 4318 6812 4323 6813 4324 6813 4322 6813 4323 6814 4322 6814 4321 6814 4325 6815 4326 6815 4324 6815 4325 6816 4324 6816 4323 6816 4327 6817 4328 6817 4326 6817 4327 6818 4326 6818 4325 6818 4329 6819 4328 6819 4327 6819 4329 6820 4330 6820 4328 6820 4331 6821 4330 6821 4329 6821 4332 6822 4330 6822 4331 6822 4333 6823 4332 6823 4331 6823 4334 6824 4332 6824 4333 6824 4335 6825 4334 6825 4333 6825 4336 6826 4334 6826 4335 6826 4337 6827 4336 6827 4335 6827 4338 6828 4336 6828 4337 6828 4339 6829 4338 6829 4337 6829 4340 6830 4338 6830 4339 6830 4341 6831 4340 6831 4339 6831 4342 6832 4340 6832 4341 6832 4343 6833 4342 6833 4341 6833 4344 6834 4342 6834 4343 6834 4345 6835 4344 6835 4343 6835 4346 6836 4344 6836 4345 6836 4347 6837 4346 6837 4345 6837 4348 6838 4346 6838 4347 6838 4349 6839 4348 6839 4347 6839 4350 6840 4348 6840 4349 6840 4351 6841 4350 6841 4349 6841 4352 6842 4350 6842 4351 6842 4353 6843 4352 6843 4351 6843 4354 6844 4352 6844 4353 6844 4355 6845 4354 6845 4353 6845 4356 6846 4354 6846 4355 6846 4357 6847 4356 6847 4355 6847 4358 6848 4356 6848 4357 6848 4359 6849 4358 6849 4357 6849 4360 6850 4358 6850 4359 6850 4361 6851 4360 6851 4359 6851 4313 6852 4360 6852 4361 6852 4362 6853 4313 6853 4361 6853 4310 6854 4313 6854 4362 6854 4363 6855 4310 6855 4362 6855 4309 6856 4310 6856 4363 6856 4364 6857 4309 6857 4363 6857 4307 6858 4309 6858 4364 6858 4365 6859 4307 6859 4364 6859 4304 6860 4307 6860 4365 6860 4302 6861 4365 6861 4366 6861 4302 6862 4304 6862 4365 6862 4300 6863 4366 6863 4367 6863 4300 6864 4302 6864 4366 6864 4298 6865 4367 6865 4368 6865 4298 6866 4300 6866 4367 6866 4297 6867 4298 6867 4368 6867 4297 6868 4368 6868 4369 6868 4294 6869 4297 6869 4369 6869 4370 6870 4294 6870 4369 6870 4292 6871 4294 6871 4370 6871 4371 6872 4292 6872 4370 6872 4291 6873 4292 6873 4371 6873 4372 6874 4291 6874 4371 6874 4288 6875 4291 6875 4372 6875 4373 6876 4288 6876 4372 6876 4373 6877 4372 6877 4374 6877 4313 6878 4312 6878 4375 6878 4360 6879 4375 6879 4376 6879 4360 6880 4313 6880 4375 6880 4358 6881 4376 6881 4377 6881 4358 6882 4360 6882 4376 6882 4356 6883 4377 6883 4378 6883 4356 6884 4358 6884 4377 6884 4354 6885 4378 6885 4379 6885 4354 6886 4356 6886 4378 6886 4352 6887 4379 6887 4380 6887 4352 6888 4354 6888 4379 6888 4350 6889 4380 6889 4381 6889 4350 6890 4352 6890 4380 6890 4348 6891 4381 6891 4382 6891 4348 6892 4350 6892 4381 6892 4346 6893 4382 6893 4383 6893 4346 6894 4348 6894 4382 6894 4344 6895 4383 6895 4384 6895 4344 6896 4346 6896 4383 6896 4342 6897 4384 6897 4385 6897 4342 6898 4344 6898 4384 6898 4340 6899 4342 6899 4385 6899 4340 6900 4385 6900 4386 6900 4338 6901 4340 6901 4386 6901 4338 6902 4386 6902 4387 6902 4336 6903 4338 6903 4387 6903 4336 6904 4387 6904 4388 6904 4334 6905 4388 6905 4389 6905 4334 6906 4336 6906 4388 6906 4332 6907 4334 6907 4389 6907 4332 6908 4389 6908 4390 6908 4330 6909 4390 6909 4391 6909 4330 6910 4332 6910 4390 6910 4328 6911 4391 6911 4392 6911 4328 6912 4330 6912 4391 6912 4326 6913 4328 6913 4392 6913 4324 6914 4392 6914 4393 6914 4324 6915 4326 6915 4392 6915 4322 6916 4393 6916 4394 6916 4322 6917 4324 6917 4393 6917 4319 6918 4394 6918 4395 6918 4319 6919 4322 6919 4394 6919 4320 6920 4396 6920 4397 6920 4320 6921 4395 6921 4396 6921 4320 6922 4319 6922 4395 6922 4317 6923 4397 6923 4398 6923 4317 6924 4320 6924 4397 6924 4314 6925 4398 6925 4399 6925 4314 6926 4317 6926 4398 6926 4315 6927 4314 6927 4399 6927 4315 6928 4399 6928 4400 6928 4316 6929 4315 6929 4400 6929 4288 6930 4373 6930 4401 6930 4288 6931 4401 6931 4289 6931 4374 6932 4402 6932 4401 6932 4373 6933 4374 6933 4401 6933 4402 6934 4374 6934 4403 6934 4403 6935 4372 6935 4404 6935 4374 6936 4372 6936 4403 6936 4404 6937 4371 6937 4405 6937 4372 6938 4371 6938 4404 6938 4405 6939 4370 6939 4406 6939 4371 6940 4370 6940 4405 6940 4406 6941 4369 6941 4407 6941 4370 6942 4369 6942 4406 6942 4407 6943 4368 6943 4408 6943 4369 6944 4368 6944 4407 6944 4408 6945 4367 6945 4409 6945 4368 6946 4367 6946 4408 6946 4367 6947 4366 6947 4409 6947 4409 6948 4366 6948 4410 6948 4366 6949 4365 6949 4410 6949 4410 6950 4365 6950 4411 6950 4365 6951 4364 6951 4411 6951 4411 6952 4364 6952 4412 6952 4364 6953 4363 6953 4412 6953 4412 6954 4363 6954 4413 6954 4363 6955 4362 6955 4413 6955 4413 6956 4362 6956 4414 6956 4362 6957 4361 6957 4414 6957 4414 6958 4361 6958 4415 6958 4361 6959 4359 6959 4415 6959 4415 6960 4359 6960 4416 6960 4359 6961 4357 6961 4416 6961 4416 6962 4357 6962 4417 6962 4357 6963 4355 6963 4417 6963 4417 6964 4355 6964 4418 6964 4355 6965 4353 6965 4418 6965 4418 6966 4353 6966 4419 6966 4353 6967 4351 6967 4419 6967 4419 6968 4351 6968 4420 6968 4351 6969 4349 6969 4420 6969 4420 6970 4349 6970 4421 6970 4349 6971 4347 6971 4421 6971 4421 6972 4347 6972 4422 6972 4347 6973 4345 6973 4422 6973 4422 6974 4345 6974 4423 6974 4423 6975 4343 6975 4424 6975 4345 6976 4343 6976 4423 6976 4424 6977 4341 6977 4425 6977 4343 6978 4341 6978 4424 6978 4425 6979 4339 6979 4426 6979 4341 6980 4339 6980 4425 6980 4426 6981 4337 6981 4427 6981 4339 6982 4337 6982 4426 6982 4427 6983 4335 6983 4428 6983 4337 6984 4335 6984 4427 6984 4428 6985 4333 6985 4429 6985 4335 6986 4333 6986 4428 6986 4429 6987 4331 6987 4430 6987 4333 6988 4331 6988 4429 6988 4430 6989 4329 6989 4431 6989 4331 6990 4329 6990 4430 6990 4431 6991 4327 6991 4432 6991 4329 6992 4327 6992 4431 6992 4432 6993 4325 6993 4433 6993 4327 6994 4325 6994 4432 6994 4433 6995 4323 6995 4434 6995 4325 6996 4323 6996 4433 6996 4434 6997 4321 6997 4435 6997 4323 6998 4321 6998 4434 6998 4321 6999 4318 6999 4435 6999 4318 7000 4400 7000 4435 7000 4318 7001 4316 7001 4400 7001 4436 7002 4437 7002 4438 7002 4438 7003 4437 7003 4439 7003 4439 7004 4440 7004 4441 7004 4437 7005 4440 7005 4439 7005 4441 7006 4442 7006 4443 7006 4440 7007 4442 7007 4441 7007 4443 7008 4444 7008 4445 7008 4442 7009 4444 7009 4443 7009 4445 7010 4446 7010 4447 7010 4444 7011 4446 7011 4445 7011 4447 7012 4448 7012 4449 7012 4446 7013 4448 7013 4447 7013 4449 7014 4450 7014 4451 7014 4448 7015 4450 7015 4449 7015 4451 7016 4452 7016 4453 7016 4450 7017 4452 7017 4451 7017 4453 7018 4454 7018 4455 7018 4452 7019 4454 7019 4453 7019 4455 7020 4456 7020 4457 7020 4454 7021 4456 7021 4455 7021 4456 7022 4458 7022 4457 7022 4457 7023 4458 7023 4459 7023 4458 7024 4460 7024 4459 7024 4459 7025 4460 7025 4461 7025 4460 7026 4462 7026 4461 7026 4461 7027 4462 7027 4463 7027 4462 7028 4464 7028 4463 7028 4463 7029 4464 7029 4465 7029 4465 7030 4466 7030 4467 7030 4464 7031 4466 7031 4465 7031 4467 7032 4468 7032 4469 7032 4466 7033 4468 7033 4467 7033 4469 7034 4470 7034 4471 7034 4468 7035 4470 7035 4469 7035 4471 7036 4472 7036 4473 7036 4470 7037 4472 7037 4471 7037 4473 7038 4474 7038 4475 7038 4472 7039 4474 7039 4473 7039 4475 7040 4476 7040 4477 7040 4474 7041 4476 7041 4475 7041 4477 7042 4478 7042 4479 7042 4476 7043 4478 7043 4477 7043 4479 7044 4480 7044 4481 7044 4478 7045 4480 7045 4479 7045 4481 7046 4482 7046 4483 7046 4480 7047 4482 7047 4481 7047 4483 7048 4484 7048 4485 7048 4482 7049 4484 7049 4483 7049 4485 7050 4486 7050 4487 7050 4484 7051 4486 7051 4485 7051 4487 7052 4488 7052 4489 7052 4486 7053 4488 7053 4487 7053 4489 7054 4490 7054 4491 7054 4488 7055 4490 7055 4489 7055 4491 7056 4492 7056 4493 7056 4490 7057 4492 7057 4491 7057 4493 7058 4494 7058 4495 7058 4492 7059 4494 7059 4493 7059 4495 7060 4496 7060 4497 7060 4494 7061 4496 7061 4495 7061 4497 7062 4498 7062 4499 7062 4496 7063 4498 7063 4497 7063 4499 7064 4500 7064 4501 7064 4498 7065 4500 7065 4499 7065 4501 7066 4502 7066 4503 7066 4500 7067 4502 7067 4501 7067 4503 7068 4504 7068 4505 7068 4502 7069 4504 7069 4503 7069 4505 7070 4506 7070 4507 7070 4504 7071 4506 7071 4505 7071 4507 7072 4508 7072 4509 7072 4506 7073 4508 7073 4507 7073 4508 7074 4510 7074 4509 7074 4509 7075 4510 7075 4511 7075 4510 7076 4512 7076 4511 7076 4511 7077 4512 7077 4513 7077 4512 7078 4514 7078 4513 7078 4513 7079 4514 7079 4515 7079 4514 7080 4516 7080 4515 7080 4515 7081 4516 7081 4517 7081 4516 7082 4518 7082 4517 7082 4517 7083 4518 7083 4519 7083 4518 7084 4520 7084 4519 7084 4519 7085 4520 7085 4521 7085 4520 7086 4522 7086 4521 7086 4521 7087 4522 7087 4523 7087 4522 7088 4524 7088 4523 7088 4523 7089 4524 7089 4525 7089 4524 7090 4526 7090 4525 7090 4525 7091 4526 7091 4527 7091 4526 7092 4528 7092 4527 7092 4527 7093 4528 7093 4529 7093 4528 7094 4530 7094 4529 7094 4529 7095 4530 7095 4531 7095 4531 7096 4532 7096 4533 7096 4530 7097 4532 7097 4531 7097 4533 7098 4534 7098 4535 7098 4532 7099 4534 7099 4533 7099 4535 7100 4536 7100 4537 7100 4534 7101 4536 7101 4535 7101 4537 7102 4538 7102 4539 7102 4536 7103 4538 7103 4537 7103 4539 7104 4540 7104 4541 7104 4538 7105 4540 7105 4539 7105 4541 7106 4542 7106 4543 7106 4540 7107 4542 7107 4541 7107 4543 7108 4544 7108 4545 7108 4542 7109 4544 7109 4543 7109 4545 7110 4546 7110 4547 7110 4544 7111 4546 7111 4545 7111 4547 7112 4548 7112 4549 7112 4546 7113 4548 7113 4547 7113 4549 7114 4550 7114 4551 7114 4548 7115 4550 7115 4549 7115 4551 7116 4552 7116 4553 7116 4550 7117 4552 7117 4551 7117 4553 7118 4554 7118 4555 7118 4552 7119 4554 7119 4553 7119 4555 7120 4556 7120 4557 7120 4554 7121 4556 7121 4555 7121 4557 7122 4558 7122 4559 7122 4556 7123 4558 7123 4557 7123 4558 7124 4560 7124 4559 7124 4559 7125 4560 7125 4561 7125 4560 7126 4562 7126 4561 7126 4561 7127 4562 7127 4563 7127 4562 7128 4564 7128 4563 7128 4563 7129 4564 7129 4565 7129 4564 7130 4566 7130 4565 7130 4565 7131 4566 7131 4567 7131 4566 7132 4568 7132 4567 7132 4567 7133 4568 7133 4569 7133 4568 7134 4570 7134 4569 7134 4569 7135 4570 7135 4571 7135 4570 7136 4572 7136 4571 7136 4571 7137 4572 7137 4573 7137 4572 7138 4574 7138 4573 7138 4573 7139 4574 7139 4575 7139 4574 7140 4576 7140 4575 7140 4575 7141 4576 7141 4577 7141 4576 7142 4578 7142 4577 7142 4577 7143 4578 7143 4579 7143 4578 7144 4580 7144 4579 7144 4579 7145 4580 7145 4581 7145 4580 7146 4582 7146 4581 7146 4581 7147 4582 7147 4583 7147 4582 7148 4584 7148 4583 7148 4583 7149 4584 7149 4585 7149 4584 7150 4586 7150 4585 7150 4585 7151 4586 7151 4587 7151 4586 7152 4588 7152 4587 7152 4587 7153 4588 7153 4589 7153 4588 7154 4590 7154 4589 7154 4589 7155 4590 7155 4591 7155 4590 7156 4592 7156 4591 7156 4591 7157 4592 7157 4593 7157 4592 7158 4594 7158 4593 7158 4593 7159 4594 7159 4595 7159 4594 7160 4596 7160 4595 7160 4595 7161 4596 7161 4597 7161 4596 7162 4598 7162 4597 7162 4597 7163 4598 7163 4599 7163 4598 7164 4600 7164 4599 7164 4599 7165 4600 7165 4601 7165 4601 7166 4602 7166 4603 7166 4600 7167 4602 7167 4601 7167 4603 7168 4604 7168 4605 7168 4602 7169 4604 7169 4603 7169 4605 7170 4606 7170 4607 7170 4604 7171 4606 7171 4605 7171 4607 7172 4608 7172 4609 7172 4606 7173 4608 7173 4607 7173 4609 7174 4610 7174 4611 7174 4608 7175 4610 7175 4609 7175 4610 7176 4612 7176 4611 7176 4611 7177 4612 7177 4613 7177 4612 7178 4614 7178 4613 7178 4613 7179 4614 7179 4615 7179 4614 7180 4616 7180 4615 7180 4615 7181 4616 7181 4617 7181 4616 7182 4618 7182 4617 7182 4617 7183 4618 7183 4619 7183 4618 7184 4620 7184 4619 7184 4619 7185 4620 7185 4621 7185 4620 7186 4622 7186 4621 7186 4621 7187 4622 7187 4623 7187 4622 7188 4624 7188 4623 7188 4623 7189 4624 7189 4625 7189 4624 7190 4626 7190 4625 7190 4625 7191 4626 7191 4627 7191 4626 7192 4628 7192 4627 7192 4627 7193 4628 7193 4629 7193 4628 7194 4630 7194 4629 7194 4629 7195 4630 7195 4631 7195 4630 7196 4632 7196 4631 7196 4631 7197 4632 7197 4633 7197 4632 7198 4634 7198 4633 7198 4633 7199 4634 7199 4635 7199 4635 7200 4636 7200 4637 7200 4634 7201 4636 7201 4635 7201 4637 7202 4638 7202 4639 7202 4636 7203 4638 7203 4637 7203 4639 7204 4640 7204 4641 7204 4638 7205 4640 7205 4639 7205 4641 7206 4642 7206 4643 7206 4640 7207 4642 7207 4641 7207 4643 7208 4644 7208 4645 7208 4642 7209 4644 7209 4643 7209 4645 7210 4646 7210 4647 7210 4644 7211 4646 7211 4645 7211 4647 7212 4648 7212 4649 7212 4646 7213 4648 7213 4647 7213 4649 7214 4650 7214 4651 7214 4648 7215 4650 7215 4649 7215 4651 7216 4652 7216 4653 7216 4650 7217 4652 7217 4651 7217 4653 7218 4654 7218 4655 7218 4652 7219 4654 7219 4653 7219 4655 7220 4656 7220 4657 7220 4654 7221 4656 7221 4655 7221 4657 7222 4658 7222 4659 7222 4659 7223 4658 7223 4660 7223 4656 7224 4658 7224 4657 7224 4658 7225 4661 7225 4660 7225 4661 7226 4662 7226 4660 7226 4660 7227 4662 7227 4663 7227 4662 7228 4664 7228 4663 7228 4663 7229 4664 7229 4665 7229 4664 7230 4666 7230 4665 7230 4665 7231 4666 7231 4667 7231 4666 7232 4668 7232 4667 7232 4667 7233 4668 7233 4669 7233 4669 7234 4670 7234 4671 7234 4668 7235 4670 7235 4669 7235 4671 7236 4672 7236 4673 7236 4670 7237 4672 7237 4671 7237 4673 7238 4674 7238 4675 7238 4672 7239 4674 7239 4673 7239 4675 7240 4676 7240 4677 7240 4674 7241 4676 7241 4675 7241 4677 7242 4678 7242 4679 7242 4676 7243 4678 7243 4677 7243 4679 7244 4680 7244 4681 7244 4678 7245 4680 7245 4679 7245 4681 7246 4682 7246 4683 7246 4680 7247 4682 7247 4681 7247 4683 7248 4684 7248 4685 7248 4682 7249 4684 7249 4683 7249 4685 7250 4686 7250 4687 7250 4684 7251 4686 7251 4685 7251 4687 7252 4436 7252 4438 7252 4686 7253 4436 7253 4687 7253 4688 7254 3743 7254 3742 7254 4689 7255 3742 7255 3741 7255 4689 7256 4688 7256 3742 7256 4690 7257 3741 7257 3740 7257 4690 7258 4689 7258 3741 7258 4691 7259 3740 7259 3739 7259 4691 7260 4690 7260 3740 7260 4692 7261 3739 7261 3737 7261 4692 7262 4691 7262 3739 7262 4693 7263 3737 7263 3735 7263 4693 7264 4692 7264 3737 7264 4694 7265 3735 7265 3733 7265 4694 7266 4693 7266 3735 7266 4695 7267 3733 7267 3731 7267 4695 7268 4694 7268 3733 7268 4696 7269 3731 7269 3732 7269 4696 7270 4695 7270 3731 7270 4697 7271 3732 7271 3734 7271 4697 7272 4696 7272 3732 7272 4698 7273 3734 7273 3736 7273 4698 7274 4697 7274 3734 7274 4699 7275 4698 7275 3736 7275 4699 7276 3736 7276 3738 7276 4700 7277 4699 7277 3738 7277 4700 7278 3738 7278 3728 7278 4701 7279 4700 7279 3728 7279 4701 7280 3728 7280 3726 7280 4702 7281 4701 7281 3726 7281 4702 7282 3726 7282 3724 7282 4703 7283 4702 7283 3724 7283 4703 7284 3724 7284 3722 7284 4704 7285 4703 7285 3722 7285 4704 7286 3722 7286 3720 7286 4705 7287 4704 7287 3720 7287 4705 7288 3720 7288 3718 7288 4706 7289 4705 7289 3718 7289 4706 7290 3718 7290 3719 7290 4707 7291 3719 7291 3721 7291 4707 7292 4706 7292 3719 7292 4708 7293 4707 7293 3721 7293 4708 7294 3721 7294 3723 7294 4709 7295 3723 7295 3725 7295 4709 7296 4708 7296 3723 7296 4710 7297 3725 7297 3727 7297 4710 7298 4709 7298 3725 7298 4711 7299 3727 7299 3729 7299 4711 7300 4710 7300 3727 7300 4712 7301 3729 7301 3730 7301 4712 7302 4711 7302 3729 7302 4713 7303 3730 7303 3748 7303 4713 7304 4712 7304 3730 7304 4714 7305 3748 7305 3746 7305 4714 7306 4713 7306 3748 7306 4715 7307 3746 7307 3744 7307 4715 7308 4714 7308 3746 7308 4716 7309 3744 7309 3745 7309 4716 7310 4715 7310 3744 7310 4717 7311 3745 7311 3747 7311 4717 7312 4716 7312 3745 7312 4718 7313 3747 7313 3749 7313 4718 7314 4717 7314 3747 7314 4719 7315 3749 7315 3750 7315 4719 7316 4718 7316 3749 7316 4720 7317 3750 7317 3751 7317 4720 7318 4719 7318 3750 7318 4721 7319 3751 7319 3752 7319 4721 7320 4720 7320 3751 7320 4722 7321 3752 7321 3753 7321 4722 7322 4721 7322 3752 7322 4723 7323 3753 7323 3754 7323 4723 7324 4722 7324 3753 7324 4724 7325 4723 7325 3754 7325 4724 7326 3754 7326 3755 7326 4725 7327 4724 7327 3755 7327 4725 7328 3755 7328 3756 7328 4726 7329 4725 7329 3756 7329 4726 7330 3756 7330 3770 7330 4727 7331 3770 7331 3771 7331 4727 7332 4726 7332 3770 7332 4728 7333 3771 7333 3772 7333 4728 7334 4727 7334 3771 7334 4729 7335 3772 7335 3773 7335 4729 7336 4728 7336 3772 7336 4730 7337 3773 7337 3774 7337 4730 7338 4729 7338 3773 7338 4731 7339 3774 7339 3775 7339 4731 7340 4730 7340 3774 7340 4732 7341 3775 7341 3776 7341 4732 7342 4731 7342 3775 7342 4733 7343 3776 7343 3777 7343 4733 7344 4732 7344 3776 7344 4734 7345 3777 7345 3778 7345 4734 7346 4733 7346 3777 7346 4735 7347 3778 7347 3779 7347 4735 7348 4734 7348 3778 7348 4736 7349 3779 7349 3781 7349 4736 7350 4735 7350 3779 7350 4737 7351 3781 7351 3786 7351 4737 7352 4736 7352 3781 7352 4738 7353 3786 7353 3790 7353 4738 7354 4737 7354 3786 7354 4739 7355 3790 7355 3791 7355 4739 7356 4738 7356 3790 7356 4740 7357 4739 7357 3791 7357 4740 7358 3791 7358 3792 7358 4741 7359 4740 7359 3792 7359 4741 7360 3792 7360 3794 7360 4742 7361 4741 7361 3794 7361 4742 7362 3794 7362 3796 7362 4743 7363 4742 7363 3796 7363 4743 7364 3796 7364 3798 7364 4744 7365 4743 7365 3798 7365 4744 7366 3798 7366 3800 7366 4745 7367 4744 7367 3800 7367 4745 7368 3800 7368 3802 7368 4746 7369 4745 7369 3802 7369 4746 7370 3802 7370 3804 7370 4747 7371 3804 7371 3806 7371 4747 7372 4746 7372 3804 7372 4748 7373 3806 7373 3808 7373 4748 7374 4747 7374 3806 7374 4749 7375 3808 7375 3810 7375 4749 7376 4748 7376 3808 7376 4750 7377 4749 7377 3810 7377 4751 7378 4750 7378 3810 7378 4751 7379 3812 7379 3814 7379 4751 7380 3810 7380 3812 7380 4752 7381 4751 7381 3814 7381 4753 7382 4752 7382 3814 7382 4753 7383 3816 7383 3818 7383 4753 7384 3814 7384 3816 7384 4754 7385 4753 7385 3818 7385 4754 7386 3818 7386 3820 7386 4755 7387 4754 7387 3820 7387 4755 7388 3820 7388 3822 7388 4756 7389 4755 7389 3822 7389 4757 7390 4756 7390 3822 7390 4757 7391 3822 7391 3824 7391 4758 7392 4757 7392 3824 7392 4758 7393 3826 7393 3828 7393 4758 7394 3824 7394 3826 7394 4759 7395 4758 7395 3828 7395 4759 7396 3828 7396 3830 7396 4760 7397 4759 7397 3830 7397 4760 7398 3830 7398 3832 7398 4761 7399 4760 7399 3832 7399 4761 7400 3832 7400 3834 7400 4762 7401 4761 7401 3834 7401 4762 7402 3834 7402 3836 7402 4763 7403 4762 7403 3836 7403 4763 7404 3836 7404 3838 7404 4764 7405 4763 7405 3838 7405 4764 7406 3838 7406 3840 7406 4765 7407 4764 7407 3840 7407 4765 7408 3840 7408 3842 7408 4766 7409 4765 7409 3842 7409 4767 7410 4766 7410 3842 7410 4767 7411 3843 7411 3841 7411 4767 7412 3842 7412 3843 7412 4768 7413 3841 7413 3839 7413 4768 7414 4767 7414 3841 7414 4769 7415 4768 7415 3839 7415 4770 7416 3837 7416 3835 7416 4770 7417 3839 7417 3837 7417 4770 7418 4769 7418 3839 7418 4771 7419 3835 7419 3833 7419 4771 7420 4770 7420 3835 7420 4772 7421 3833 7421 3831 7421 4772 7422 4771 7422 3833 7422 4773 7423 3831 7423 3829 7423 4773 7424 4772 7424 3831 7424 4774 7425 4773 7425 3829 7425 4775 7426 4774 7426 3829 7426 4775 7427 3827 7427 3825 7427 4775 7428 3829 7428 3827 7428 4776 7429 4775 7429 3825 7429 4777 7430 4776 7430 3825 7430 4777 7431 3825 7431 3823 7431 4778 7432 4777 7432 3823 7432 4778 7433 3821 7433 3819 7433 4778 7434 3823 7434 3821 7434 4779 7435 4778 7435 3819 7435 4779 7436 3819 7436 3817 7436 4780 7437 4779 7437 3817 7437 4781 7438 4780 7438 3817 7438 4781 7439 3815 7439 3813 7439 4781 7440 3817 7440 3815 7440 4782 7441 4781 7441 3813 7441 4782 7442 3813 7442 3811 7442 4783 7443 4782 7443 3811 7443 4784 7444 4783 7444 3811 7444 4784 7445 3809 7445 3807 7445 4784 7446 3811 7446 3809 7446 4785 7447 4784 7447 3807 7447 4785 7448 3807 7448 3805 7448 4786 7449 4785 7449 3805 7449 4787 7450 4786 7450 3805 7450 4787 7451 3803 7451 3801 7451 4787 7452 3805 7452 3803 7452 4788 7453 4787 7453 3801 7453 4788 7454 3801 7454 3799 7454 4789 7455 3799 7455 3797 7455 4789 7456 4788 7456 3799 7456 4790 7457 3797 7457 3795 7457 4790 7458 4789 7458 3797 7458 4791 7459 4790 7459 3795 7459 4792 7460 3793 7460 3789 7460 4792 7461 3795 7461 3793 7461 4792 7462 4791 7462 3795 7462 4793 7463 4792 7463 3789 7463 4794 7464 3789 7464 3788 7464 4794 7465 4793 7465 3789 7465 4795 7466 3787 7466 3785 7466 4795 7467 3788 7467 3787 7467 4795 7468 4794 7468 3788 7468 4796 7469 3785 7469 3784 7469 4796 7470 4795 7470 3785 7470 4797 7471 4796 7471 3784 7471 4798 7472 3784 7472 3783 7472 4798 7473 4797 7473 3784 7473 4799 7474 3783 7474 3782 7474 4799 7475 4798 7475 3783 7475 4800 7476 3780 7476 3769 7476 4800 7477 3782 7477 3780 7477 4800 7478 4799 7478 3782 7478 4801 7479 4800 7479 3769 7479 4801 7480 3769 7480 3768 7480 4802 7481 4801 7481 3768 7481 4802 7482 3768 7482 3767 7482 4803 7483 4802 7483 3767 7483 4803 7484 3767 7484 3766 7484 4804 7485 4803 7485 3766 7485 4804 7486 3766 7486 3765 7486 4805 7487 4804 7487 3765 7487 4805 7488 3765 7488 3764 7488 4806 7489 4805 7489 3764 7489 4807 7490 4806 7490 3764 7490 4807 7491 3763 7491 3762 7491 4807 7492 3764 7492 3763 7492 4808 7493 4807 7493 3762 7493 4809 7494 3762 7494 3761 7494 4809 7495 4808 7495 3762 7495 4810 7496 3760 7496 3759 7496 4810 7497 3761 7497 3760 7497 4810 7498 4809 7498 3761 7498 4811 7499 3759 7499 3757 7499 4811 7500 4810 7500 3759 7500 4812 7501 3757 7501 3758 7501 4812 7502 4811 7502 3757 7502 4813 7503 4812 7503 3758 7503 4688 7504 3758 7504 3743 7504 4688 7505 4813 7505 3758 7505 4468 7506 4703 7506 4704 7506 4466 7507 4702 7507 4703 7507 4466 7508 4703 7508 4468 7508 4470 7509 4704 7509 4705 7509 4470 7510 4468 7510 4704 7510 4464 7511 4701 7511 4702 7511 4464 7512 4702 7512 4466 7512 4472 7513 4705 7513 4706 7513 4472 7514 4470 7514 4705 7514 4462 7515 4700 7515 4701 7515 4462 7516 4701 7516 4464 7516 4474 7517 4706 7517 4707 7517 4474 7518 4472 7518 4706 7518 4460 7519 4699 7519 4700 7519 4460 7520 4700 7520 4462 7520 4476 7521 4707 7521 4708 7521 4476 7522 4474 7522 4707 7522 4458 7523 4698 7523 4699 7523 4458 7524 4699 7524 4460 7524 4478 7525 4708 7525 4709 7525 4478 7526 4476 7526 4708 7526 4456 7527 4697 7527 4698 7527 4456 7528 4698 7528 4458 7528 4480 7529 4709 7529 4710 7529 4480 7530 4478 7530 4709 7530 4454 7531 4697 7531 4456 7531 4454 7532 4696 7532 4697 7532 4482 7533 4480 7533 4710 7533 4482 7534 4710 7534 4711 7534 4452 7535 4696 7535 4454 7535 4452 7536 4695 7536 4696 7536 4484 7537 4711 7537 4712 7537 4484 7538 4482 7538 4711 7538 4450 7539 4694 7539 4695 7539 4450 7540 4695 7540 4452 7540 4486 7541 4712 7541 4713 7541 4486 7542 4484 7542 4712 7542 4448 7543 4693 7543 4694 7543 4448 7544 4694 7544 4450 7544 4488 7545 4486 7545 4713 7545 4488 7546 4713 7546 4714 7546 4446 7547 4692 7547 4693 7547 4446 7548 4693 7548 4448 7548 4490 7549 4714 7549 4715 7549 4490 7550 4488 7550 4714 7550 4444 7551 4692 7551 4446 7551 4691 7552 4692 7552 4444 7552 4492 7553 4715 7553 4716 7553 4492 7554 4490 7554 4715 7554 4442 7555 4691 7555 4444 7555 4690 7556 4691 7556 4442 7556 4494 7557 4716 7557 4717 7557 4494 7558 4492 7558 4716 7558 4440 7559 4690 7559 4442 7559 4689 7560 4690 7560 4440 7560 4496 7561 4717 7561 4718 7561 4496 7562 4494 7562 4717 7562 4437 7563 4689 7563 4440 7563 4688 7564 4689 7564 4437 7564 4498 7565 4718 7565 4719 7565 4498 7566 4496 7566 4718 7566 4436 7567 4688 7567 4437 7567 4813 7568 4688 7568 4436 7568 4500 7569 4719 7569 4720 7569 4500 7570 4498 7570 4719 7570 4686 7571 4813 7571 4436 7571 4812 7572 4813 7572 4686 7572 4502 7573 4720 7573 4721 7573 4502 7574 4500 7574 4720 7574 4684 7575 4812 7575 4686 7575 4504 7576 4721 7576 4722 7576 4504 7577 4502 7577 4721 7577 4811 7578 4812 7578 4684 7578 4682 7579 4811 7579 4684 7579 4506 7580 4722 7580 4723 7580 4506 7581 4504 7581 4722 7581 4810 7582 4811 7582 4682 7582 4680 7583 4810 7583 4682 7583 4508 7584 4723 7584 4724 7584 4508 7585 4506 7585 4723 7585 4809 7586 4810 7586 4680 7586 4678 7587 4809 7587 4680 7587 4510 7588 4724 7588 4725 7588 4510 7589 4508 7589 4724 7589 4808 7590 4809 7590 4678 7590 4676 7591 4808 7591 4678 7591 4512 7592 4510 7592 4725 7592 4512 7593 4725 7593 4726 7593 4807 7594 4808 7594 4676 7594 4674 7595 4807 7595 4676 7595 4514 7596 4726 7596 4727 7596 4514 7597 4512 7597 4726 7597 4806 7598 4807 7598 4674 7598 4672 7599 4806 7599 4674 7599 4516 7600 4514 7600 4727 7600 4516 7601 4727 7601 4728 7601 4805 7602 4806 7602 4672 7602 4670 7603 4805 7603 4672 7603 4518 7604 4516 7604 4728 7604 4518 7605 4728 7605 4729 7605 4804 7606 4805 7606 4670 7606 4668 7607 4804 7607 4670 7607 4520 7608 4518 7608 4729 7608 4520 7609 4729 7609 4730 7609 4803 7610 4804 7610 4668 7610 4666 7611 4803 7611 4668 7611 4522 7612 4730 7612 4731 7612 4522 7613 4520 7613 4730 7613 4802 7614 4803 7614 4666 7614 4664 7615 4802 7615 4666 7615 4524 7616 4731 7616 4732 7616 4524 7617 4522 7617 4731 7617 4801 7618 4802 7618 4664 7618 4662 7619 4801 7619 4664 7619 4526 7620 4524 7620 4732 7620 4526 7621 4732 7621 4733 7621 4800 7622 4801 7622 4662 7622 4661 7623 4800 7623 4662 7623 4528 7624 4733 7624 4734 7624 4528 7625 4526 7625 4733 7625 4799 7626 4800 7626 4661 7626 4658 7627 4799 7627 4661 7627 4530 7628 4734 7628 4735 7628 4530 7629 4528 7629 4734 7629 4798 7630 4799 7630 4658 7630 4798 7631 4658 7631 4656 7631 4532 7632 4530 7632 4735 7632 4736 7633 4532 7633 4735 7633 4797 7634 4798 7634 4656 7634 4797 7635 4656 7635 4654 7635 4534 7636 4532 7636 4736 7636 4737 7637 4534 7637 4736 7637 4796 7638 4797 7638 4654 7638 4796 7639 4654 7639 4652 7639 4536 7640 4534 7640 4737 7640 4738 7641 4536 7641 4737 7641 4795 7642 4796 7642 4652 7642 4795 7643 4652 7643 4650 7643 4538 7644 4536 7644 4738 7644 4739 7645 4538 7645 4738 7645 4794 7646 4795 7646 4650 7646 4794 7647 4650 7647 4648 7647 4540 7648 4538 7648 4739 7648 4740 7649 4540 7649 4739 7649 4793 7650 4794 7650 4648 7650 4793 7651 4648 7651 4646 7651 4542 7652 4540 7652 4740 7652 4741 7653 4542 7653 4740 7653 4792 7654 4793 7654 4646 7654 4792 7655 4646 7655 4644 7655 4544 7656 4542 7656 4741 7656 4742 7657 4544 7657 4741 7657 4791 7658 4644 7658 4642 7658 4791 7659 4792 7659 4644 7659 4546 7660 4544 7660 4742 7660 4743 7661 4546 7661 4742 7661 4790 7662 4642 7662 4640 7662 4790 7663 4791 7663 4642 7663 4548 7664 4546 7664 4743 7664 4744 7665 4548 7665 4743 7665 4789 7666 4640 7666 4638 7666 4789 7667 4790 7667 4640 7667 4550 7668 4548 7668 4744 7668 4745 7669 4550 7669 4744 7669 4788 7670 4638 7670 4636 7670 4788 7671 4789 7671 4638 7671 4552 7672 4550 7672 4745 7672 4746 7673 4552 7673 4745 7673 4787 7674 4636 7674 4634 7674 4787 7675 4788 7675 4636 7675 4554 7676 4552 7676 4746 7676 4747 7677 4554 7677 4746 7677 4786 7678 4634 7678 4632 7678 4786 7679 4787 7679 4634 7679 4556 7680 4554 7680 4747 7680 4748 7681 4556 7681 4747 7681 4558 7682 4556 7682 4748 7682 4785 7683 4786 7683 4632 7683 4785 7684 4632 7684 4630 7684 4749 7685 4558 7685 4748 7685 4560 7686 4558 7686 4749 7686 4784 7687 4785 7687 4630 7687 4784 7688 4630 7688 4628 7688 4750 7689 4560 7689 4749 7689 4562 7690 4560 7690 4750 7690 4783 7691 4784 7691 4628 7691 4783 7692 4628 7692 4626 7692 4751 7693 4562 7693 4750 7693 4564 7694 4562 7694 4751 7694 4782 7695 4783 7695 4626 7695 4782 7696 4626 7696 4624 7696 4752 7697 4564 7697 4751 7697 4566 7698 4564 7698 4752 7698 4781 7699 4782 7699 4624 7699 4781 7700 4624 7700 4622 7700 4753 7701 4566 7701 4752 7701 4568 7702 4566 7702 4753 7702 4780 7703 4781 7703 4622 7703 4780 7704 4622 7704 4620 7704 4754 7705 4568 7705 4753 7705 4570 7706 4568 7706 4754 7706 4779 7707 4780 7707 4620 7707 4779 7708 4620 7708 4618 7708 4755 7709 4570 7709 4754 7709 4755 7710 4572 7710 4570 7710 4778 7711 4779 7711 4618 7711 4778 7712 4618 7712 4616 7712 4756 7713 4572 7713 4755 7713 4756 7714 4574 7714 4572 7714 4777 7715 4616 7715 4614 7715 4777 7716 4778 7716 4616 7716 4757 7717 4574 7717 4756 7717 4757 7718 4576 7718 4574 7718 4776 7719 4614 7719 4612 7719 4776 7720 4777 7720 4614 7720 4758 7721 4578 7721 4576 7721 4758 7722 4576 7722 4757 7722 4775 7723 4612 7723 4610 7723 4775 7724 4776 7724 4612 7724 4759 7725 4580 7725 4578 7725 4759 7726 4578 7726 4758 7726 4774 7727 4610 7727 4608 7727 4774 7728 4775 7728 4610 7728 4760 7729 4582 7729 4580 7729 4760 7730 4580 7730 4759 7730 4773 7731 4774 7731 4608 7731 4773 7732 4608 7732 4606 7732 4761 7733 4582 7733 4760 7733 4761 7734 4584 7734 4582 7734 4772 7735 4773 7735 4606 7735 4772 7736 4606 7736 4604 7736 4762 7737 4584 7737 4761 7737 4762 7738 4586 7738 4584 7738 4771 7739 4772 7739 4604 7739 4771 7740 4604 7740 4602 7740 4763 7741 4586 7741 4762 7741 4763 7742 4588 7742 4586 7742 4770 7743 4771 7743 4602 7743 4770 7744 4602 7744 4600 7744 4764 7745 4588 7745 4763 7745 4764 7746 4590 7746 4588 7746 4769 7747 4770 7747 4600 7747 4769 7748 4600 7748 4598 7748 4765 7749 4590 7749 4764 7749 4765 7750 4592 7750 4590 7750 4768 7751 4769 7751 4598 7751 4768 7752 4598 7752 4596 7752 4766 7753 4592 7753 4765 7753 4766 7754 4594 7754 4592 7754 4767 7755 4768 7755 4596 7755 4767 7756 4594 7756 4766 7756 4767 7757 4596 7757 4594 7757 4235 7758 4469 7758 4471 7758 4236 7759 4471 7759 4473 7759 4236 7760 4235 7760 4471 7760 4234 7761 4467 7761 4469 7761 4234 7762 4469 7762 4235 7762 4237 7763 4473 7763 4475 7763 4237 7764 4236 7764 4473 7764 4233 7765 4465 7765 4467 7765 4233 7766 4467 7766 4234 7766 4238 7767 4475 7767 4477 7767 4238 7768 4237 7768 4475 7768 4232 7769 4463 7769 4465 7769 4232 7770 4465 7770 4233 7770 4239 7771 4477 7771 4479 7771 4239 7772 4238 7772 4477 7772 4231 7773 4461 7773 4463 7773 4231 7774 4463 7774 4232 7774 4240 7775 4239 7775 4479 7775 4240 7776 4479 7776 4481 7776 4230 7777 4459 7777 4461 7777 4230 7778 4461 7778 4231 7778 4241 7779 4481 7779 4483 7779 4241 7780 4240 7780 4481 7780 4229 7781 4457 7781 4459 7781 4229 7782 4459 7782 4230 7782 4242 7783 4483 7783 4485 7783 4242 7784 4241 7784 4483 7784 4228 7785 4455 7785 4457 7785 4228 7786 4457 7786 4229 7786 4243 7787 4242 7787 4485 7787 4227 7788 4453 7788 4455 7788 4227 7789 4455 7789 4228 7789 4244 7790 4243 7790 4485 7790 4244 7791 4485 7791 4487 7791 4165 7792 4451 7792 4453 7792 4165 7793 4453 7793 4227 7793 4245 7794 4244 7794 4487 7794 4245 7795 4487 7795 4489 7795 4163 7796 4449 7796 4451 7796 4163 7797 4451 7797 4165 7797 4246 7798 4489 7798 4491 7798 4246 7799 4245 7799 4489 7799 4160 7800 4449 7800 4163 7800 4247 7801 4491 7801 4493 7801 4247 7802 4246 7802 4491 7802 4158 7803 4447 7803 4449 7803 4158 7804 4449 7804 4160 7804 4248 7805 4493 7805 4495 7805 4248 7806 4247 7806 4493 7806 4157 7807 4445 7807 4447 7807 4157 7808 4447 7808 4158 7808 4814 7809 4277 7809 4815 7809 4814 7810 4276 7810 4277 7810 4816 7811 4815 7811 4277 7811 4817 7812 4276 7812 4814 7812 4818 7813 4816 7813 4277 7813 4819 7814 4276 7814 4817 7814 4820 7815 4818 7815 4277 7815 4821 7816 4276 7816 4819 7816 4822 7817 4820 7817 4277 7817 4823 7818 4276 7818 4821 7818 4824 7819 4277 7819 4278 7819 4824 7820 4822 7820 4277 7820 4825 7821 4276 7821 4823 7821 4826 7822 4824 7822 4278 7822 4827 7823 4276 7823 4825 7823 4828 7824 4826 7824 4278 7824 4829 7825 4275 7825 4276 7825 4829 7826 4276 7826 4827 7826 4830 7827 4828 7827 4278 7827 4831 7828 4275 7828 4829 7828 4832 7829 4830 7829 4278 7829 4833 7830 4275 7830 4831 7830 4834 7831 4832 7831 4278 7831 4835 7832 4275 7832 4833 7832 4836 7833 4834 7833 4278 7833 4836 7834 4278 7834 4279 7834 4837 7835 4275 7835 4835 7835 4838 7836 4836 7836 4279 7836 4839 7837 4275 7837 4837 7837 4839 7838 4274 7838 4275 7838 4840 7839 4838 7839 4279 7839 4841 7840 4274 7840 4839 7840 4842 7841 4840 7841 4279 7841 4843 7842 4274 7842 4841 7842 4844 7843 4842 7843 4279 7843 4845 7844 4274 7844 4843 7844 4846 7845 4844 7845 4279 7845 4847 7846 4274 7846 4845 7846 4848 7847 4846 7847 4279 7847 4848 7848 4279 7848 4280 7848 4849 7849 4274 7849 4847 7849 4850 7850 4848 7850 4280 7850 4851 7851 4274 7851 4849 7851 4851 7852 4273 7852 4274 7852 4155 7853 4443 7853 4445 7853 4155 7854 4445 7854 4157 7854 4852 7855 4850 7855 4280 7855 4249 7856 4495 7856 4497 7856 4249 7857 4248 7857 4495 7857 4853 7858 4273 7858 4851 7858 4854 7859 4852 7859 4280 7859 4855 7860 4273 7860 4853 7860 4856 7861 4854 7861 4280 7861 4857 7862 4273 7862 4855 7862 4858 7863 4280 7863 4281 7863 4858 7864 4856 7864 4280 7864 4859 7865 4273 7865 4857 7865 4859 7866 4272 7866 4273 7866 4860 7867 4858 7867 4281 7867 4861 7868 4272 7868 4859 7868 4862 7869 4860 7869 4281 7869 4863 7870 4272 7870 4861 7870 4864 7871 4862 7871 4281 7871 4865 7872 4272 7872 4863 7872 4866 7873 4864 7873 4281 7873 4867 7874 4271 7874 4272 7874 4867 7875 4272 7875 4865 7875 4868 7876 4281 7876 4282 7876 4868 7877 4866 7877 4281 7877 4869 7878 4271 7878 4867 7878 4870 7879 4868 7879 4282 7879 4871 7880 4271 7880 4869 7880 4872 7881 4870 7881 4282 7881 4873 7882 4270 7882 4271 7882 4873 7883 4271 7883 4871 7883 4153 7884 4441 7884 4443 7884 4153 7885 4443 7885 4155 7885 4874 7886 4872 7886 4282 7886 4105 7887 4285 7887 4286 7887 4105 7888 4286 7888 4287 7888 4875 7889 4270 7889 4873 7889 4876 7890 4874 7890 4282 7890 4876 7891 4282 7891 4283 7891 4250 7892 4249 7892 4497 7892 4250 7893 4497 7893 4499 7893 4877 7894 4876 7894 4283 7894 4878 7895 4877 7895 4283 7895 4106 7896 4283 7896 4284 7896 4106 7897 4284 7897 4285 7897 4106 7898 4879 7898 4880 7898 4106 7899 4880 7899 4878 7899 4106 7900 4878 7900 4283 7900 4106 7901 4285 7901 4105 7901 4881 7902 4879 7902 4106 7902 4882 7903 4881 7903 4106 7903 4883 7904 4882 7904 4106 7904 4884 7905 4885 7905 4265 7905 4886 7906 4265 7906 4885 7906 4887 7907 4265 7907 4266 7907 4887 7908 4884 7908 4265 7908 4888 7909 4265 7909 4886 7909 4889 7910 4887 7910 4266 7910 3994 7911 4105 7911 4287 7911 4890 7912 4265 7912 4888 7912 4891 7913 4889 7913 4266 7913 4892 7914 4265 7914 4890 7914 4893 7915 4891 7915 4266 7915 4894 7916 4264 7916 4265 7916 4894 7917 4265 7917 4892 7917 4895 7918 4893 7918 4266 7918 4896 7919 4264 7919 4894 7919 4897 7920 4895 7920 4266 7920 4898 7921 4264 7921 4896 7921 4899 7922 4897 7922 4266 7922 4151 7923 4439 7923 4441 7923 4151 7924 4441 7924 4153 7924 4900 7925 4264 7925 4898 7925 4901 7926 4266 7926 4267 7926 4901 7927 4899 7927 4266 7927 4902 7928 4264 7928 4900 7928 4903 7929 4901 7929 4267 7929 4904 7930 4264 7930 4902 7930 4905 7931 4903 7931 4267 7931 4906 7932 4264 7932 4904 7932 4907 7933 4905 7933 4267 7933 4908 7934 4263 7934 4264 7934 4908 7935 4264 7935 4906 7935 4909 7936 4907 7936 4267 7936 4910 7937 4263 7937 4908 7937 4911 7938 4267 7938 4268 7938 4911 7939 4909 7939 4267 7939 4912 7940 4263 7940 4910 7940 4913 7941 4911 7941 4268 7941 4399 7942 4438 7942 4439 7942 4251 7943 4250 7943 4499 7943 4251 7944 4499 7944 4501 7944 4914 7945 4263 7945 4912 7945 4915 7946 4913 7946 4268 7946 4916 7947 4263 7947 4914 7947 4917 7948 4915 7948 4268 7948 4918 7949 4263 7949 4916 7949 4919 7950 4917 7950 4268 7950 4920 7951 4263 7951 4918 7951 4921 7952 4919 7952 4268 7952 4921 7953 4268 7953 4269 7953 4922 7954 4262 7954 4263 7954 4922 7955 4263 7955 4920 7955 4923 7956 4921 7956 4269 7956 4924 7957 4262 7957 4922 7957 4925 7958 4923 7958 4269 7958 4400 7959 4399 7959 4439 7959 4252 7960 4251 7960 4501 7960 4926 7961 4262 7961 4924 7961 4927 7962 4925 7962 4269 7962 4928 7963 4262 7963 4926 7963 4929 7964 4269 7964 4270 7964 4929 7965 4927 7965 4269 7965 4930 7966 4262 7966 4928 7966 4931 7967 4929 7967 4270 7967 4148 7968 4400 7968 4439 7968 4148 7969 4439 7969 4151 7969 4932 7970 4262 7970 4930 7970 4933 7971 4270 7971 4875 7971 4933 7972 4931 7972 4270 7972 4934 7973 4262 7973 4932 7973 4935 7974 4933 7974 4875 7974 4935 7975 4875 7975 4936 7975 4937 7976 4261 7976 4262 7976 4937 7977 4262 7977 4934 7977 4938 7978 4935 7978 4936 7978 4938 7979 4936 7979 4939 7979 4940 7980 4261 7980 4937 7980 4941 7981 4938 7981 4939 7981 4941 7982 4939 7982 4942 7982 4943 7983 4261 7983 4940 7983 4944 7984 4941 7984 4942 7984 4944 7985 4942 7985 4945 7985 4503 7986 4252 7986 4501 7986 4946 7987 4261 7987 4943 7987 4947 7988 4944 7988 4945 7988 4947 7989 4945 7989 4948 7989 4398 7990 4438 7990 4399 7990 4398 7991 4687 7991 4438 7991 4949 7992 4261 7992 4946 7992 4950 7993 4948 7993 4951 7993 4950 7994 4947 7994 4948 7994 4952 7995 4261 7995 4949 7995 4953 7996 4950 7996 4951 7996 4953 7997 4951 7997 4954 7997 4953 7998 4954 7998 4955 7998 4956 7999 4260 7999 4261 7999 4956 8000 4261 8000 4952 8000 4957 8001 4953 8001 4955 8001 4958 8002 4260 8002 4956 8002 4959 8003 4957 8003 4955 8003 4959 8004 4955 8004 4960 8004 4961 8005 4260 8005 4958 8005 4962 8006 4959 8006 4960 8006 4962 8007 4960 8007 4963 8007 4962 8008 4963 8008 4964 8008 4965 8009 4260 8009 4961 8009 4966 8010 4962 8010 4964 8010 4966 8011 4964 8011 4967 8011 4147 8012 4400 8012 4148 8012 4968 8013 4260 8013 4965 8013 4969 8014 4966 8014 4967 8014 4969 8015 4967 8015 4970 8015 4971 8016 4259 8016 4260 8016 4971 8017 4260 8017 4968 8017 4972 8018 4969 8018 4970 8018 3998 8019 3997 8019 4252 8019 4973 8020 4259 8020 4971 8020 4974 8021 4972 8021 4970 8021 4974 8022 4970 8022 4975 8022 4976 8023 4259 8023 4973 8023 4977 8024 4974 8024 4975 8024 4977 8025 4975 8025 4978 8025 4977 8026 4978 8026 4979 8026 4980 8027 4259 8027 4976 8027 4981 8028 4977 8028 4979 8028 4982 8029 4259 8029 4980 8029 4983 8030 4984 8030 4985 8030 4983 8031 4981 8031 4979 8031 4983 8032 4979 8032 4984 8032 4986 8033 4258 8033 4259 8033 4986 8034 4259 8034 4982 8034 4987 8035 4983 8035 4985 8035 4988 8036 4258 8036 4986 8036 4989 8037 4985 8037 4990 8037 4989 8038 4987 8038 4985 8038 4397 8039 4687 8039 4398 8039 4397 8040 4685 8040 4687 8040 4991 8041 4258 8041 4988 8041 4992 8042 4990 8042 4993 8042 4992 8043 4989 8043 4990 8043 4994 8044 4258 8044 4991 8044 4000 8045 3998 8045 4252 8045 4000 8046 4252 8046 4503 8046 4145 8047 4400 8047 4147 8047 4257 8048 4994 8048 4995 8048 4257 8049 4258 8049 4994 8049 4396 8050 4683 8050 4685 8050 4396 8051 4685 8051 4397 8051 4003 8052 4503 8052 4505 8052 4003 8053 4000 8053 4503 8053 1143 8054 4107 8054 4108 8054 1141 8055 1143 8055 4108 8055 1135 8056 4107 8056 1143 8056 1150 8057 1141 8057 4108 8057 1136 8058 4107 8058 1135 8058 1148 8059 1150 8059 4108 8059 1128 8060 4107 8060 1136 8060 1156 8061 1148 8061 4108 8061 1130 8062 4107 8062 1128 8062 1154 8063 1156 8063 4108 8063 1122 8064 4107 8064 1130 8064 1163 8065 1154 8065 4108 8065 1123 8066 4107 8066 1122 8066 1162 8067 1163 8067 4108 8067 1115 8068 4106 8068 4107 8068 1115 8069 4107 8069 1123 8069 1167 8070 4108 8070 4109 8070 1167 8071 1162 8071 4108 8071 1116 8072 4106 8072 1115 8072 1166 8073 1167 8073 4109 8073 1109 8074 4106 8074 1116 8074 1172 8075 1166 8075 4109 8075 1110 8076 4106 8076 1109 8076 1171 8077 1172 8077 4109 8077 1102 8078 4106 8078 1110 8078 1175 8079 1171 8079 4109 8079 1103 8080 4106 8080 1102 8080 1174 8081 1175 8081 4109 8081 1095 8082 4106 8082 1103 8082 1178 8083 1174 8083 4109 8083 4005 8084 4003 8084 4505 8084 1096 8085 4106 8085 1095 8085 1177 8086 1178 8086 4109 8086 1087 8087 4106 8087 1096 8087 889 8088 1177 8088 4109 8088 889 8089 4109 8089 4110 8089 1089 8090 4106 8090 1087 8090 890 8091 889 8091 4110 8091 1082 8092 4106 8092 1089 8092 1197 8093 890 8093 4110 8093 1083 8094 4106 8094 1082 8094 4395 8095 4681 8095 4683 8095 4395 8096 4683 8096 4396 8096 1195 8097 1197 8097 4110 8097 1075 8098 4106 8098 1083 8098 1075 8099 4996 8099 4883 8099 1075 8100 4883 8100 4106 8100 1204 8101 1195 8101 4110 8101 1076 8102 4996 8102 1075 8102 1203 8103 1204 8103 4110 8103 1067 8104 4996 8104 1076 8104 1067 8105 4997 8105 4996 8105 1211 8106 1203 8106 4110 8106 1069 8107 4998 8107 4997 8107 1069 8108 4997 8108 1067 8108 1209 8109 1211 8109 4110 8109 1062 8110 4999 8110 4998 8110 1062 8111 4998 8111 1069 8111 1217 8112 4110 8112 4111 8112 1217 8113 1209 8113 4110 8113 1063 8114 5000 8114 5001 8114 1063 8115 5001 8115 4999 8115 1063 8116 4999 8116 1062 8116 1215 8117 1217 8117 4111 8117 1055 8118 5002 8118 5000 8118 1055 8119 5000 8119 1063 8119 1224 8120 1215 8120 4111 8120 1056 8121 5002 8121 1055 8121 1223 8122 1224 8122 4111 8122 1048 8123 5002 8123 1056 8123 1048 8124 5003 8124 5002 8124 4007 8125 4005 8125 4505 8125 4007 8126 4505 8126 4507 8126 1231 8127 1223 8127 4111 8127 1049 8128 5003 8128 1048 8128 1049 8129 5004 8129 5005 8129 1049 8130 5005 8130 5003 8130 1230 8131 1231 8131 4111 8131 1042 8132 5004 8132 1049 8132 1238 8133 1230 8133 4111 8133 1043 8134 5006 8134 5004 8134 1043 8135 5004 8135 1042 8135 1236 8136 1238 8136 4111 8136 1236 8137 4111 8137 4112 8137 1035 8138 5007 8138 5006 8138 1035 8139 5006 8139 1043 8139 1244 8140 1236 8140 4112 8140 1036 8141 5008 8141 5009 8141 1036 8142 5009 8142 5007 8142 1036 8143 5007 8143 1035 8143 1243 8144 1244 8144 4112 8144 1028 8145 5008 8145 1036 8145 1251 8146 1243 8146 4112 8146 1029 8147 5010 8147 5008 8147 1029 8148 5008 8148 1028 8148 4394 8149 4679 8149 4681 8149 4394 8150 4681 8150 4395 8150 1250 8151 1251 8151 4112 8151 1021 8152 5011 8152 5010 8152 1021 8153 5010 8153 1029 8153 1258 8154 1250 8154 4112 8154 1257 8155 1258 8155 4112 8155 4253 8156 4435 8156 4141 8156 1264 8157 1257 8157 4112 8157 1264 8158 4112 8158 4113 8158 4434 8159 4435 8159 4253 8159 1262 8160 1264 8160 4113 8160 4009 8161 4507 8161 4509 8161 4009 8162 4007 8162 4507 8162 1269 8163 1262 8163 4113 8163 1268 8164 1269 8164 4113 8164 1274 8165 1268 8165 4113 8165 1273 8166 1274 8166 4113 8166 4114 8167 866 8167 867 8167 4114 8168 867 8168 864 8168 4114 8169 864 8169 1276 8169 4114 8170 1276 8170 1273 8170 4114 8171 1273 8171 4113 8171 4393 8172 4679 8172 4394 8172 4393 8173 4677 8173 4679 8173 4011 8174 4509 8174 4511 8174 4011 8175 4009 8175 4509 8175 4433 8176 4253 8176 4254 8176 4433 8177 4434 8177 4253 8177 4115 8178 884 8178 886 8178 4115 8179 886 8179 877 8179 4115 8180 877 8180 879 8180 4115 8181 879 8181 866 8181 4115 8182 866 8182 4114 8182 4013 8183 4511 8183 4513 8183 4013 8184 4011 8184 4511 8184 4392 8185 4677 8185 4393 8185 4675 8186 4677 8186 4392 8186 4116 8187 895 8187 884 8187 4116 8188 884 8188 4115 8188 4015 8189 4513 8189 4515 8189 4015 8190 4013 8190 4513 8190 4391 8191 4675 8191 4392 8191 5012 8192 5013 8192 4254 8192 5014 8193 4254 8193 5013 8193 5015 8194 5012 8194 4254 8194 5016 8195 4254 8195 5014 8195 5017 8196 4254 8196 4255 8196 5017 8197 5015 8197 4254 8197 5018 8198 4254 8198 5016 8198 5019 8199 5017 8199 4255 8199 5020 8200 4254 8200 5018 8200 5021 8201 5019 8201 4255 8201 5022 8202 4254 8202 5020 8202 5023 8203 5021 8203 4255 8203 5024 8204 4254 8204 5022 8204 5025 8205 5023 8205 4255 8205 5026 8206 4254 8206 5024 8206 4673 8207 4675 8207 4391 8207 5027 8208 5025 8208 4255 8208 5028 8209 4254 8209 5026 8209 5029 8210 4255 8210 4256 8210 5029 8211 5027 8211 4255 8211 5030 8212 4254 8212 5028 8212 5031 8213 5029 8213 4256 8213 5032 8214 4254 8214 5030 8214 5033 8215 5031 8215 4256 8215 5034 8216 4254 8216 5032 8216 5035 8217 5033 8217 4256 8217 5036 8218 4254 8218 5034 8218 5037 8219 4256 8219 4257 8219 5037 8220 5035 8220 4256 8220 5038 8221 4254 8221 5036 8221 5039 8222 5037 8222 4257 8222 5040 8223 4254 8223 5038 8223 5041 8224 4257 8224 4995 8224 5041 8225 5039 8225 4257 8225 5042 8226 4254 8226 5040 8226 5043 8227 4995 8227 5044 8227 5043 8228 5041 8228 4995 8228 5045 8229 4254 8229 5042 8229 5045 8230 4433 8230 4254 8230 5046 8231 5044 8231 5047 8231 5046 8232 5043 8232 5044 8232 5048 8233 4433 8233 5045 8233 5049 8234 5047 8234 5050 8234 5049 8235 5046 8235 5047 8235 4017 8236 4015 8236 4515 8236 5051 8237 4433 8237 5048 8237 5052 8238 5050 8238 5053 8238 5052 8239 5049 8239 5050 8239 5054 8240 4432 8240 4433 8240 5054 8241 4433 8241 5051 8241 5055 8242 5052 8242 5053 8242 5055 8243 5053 8243 5056 8243 5057 8244 4432 8244 5054 8244 5058 8245 5056 8245 5059 8245 5058 8246 5055 8246 5056 8246 5060 8247 4432 8247 5057 8247 4517 8248 4017 8248 4515 8248 5061 8249 5059 8249 5062 8249 5061 8250 5058 8250 5059 8250 5063 8251 4432 8251 5060 8251 5064 8252 5062 8252 5065 8252 5064 8253 5061 8253 5062 8253 5066 8254 4432 8254 5063 8254 5067 8255 5065 8255 5068 8255 5067 8256 5064 8256 5065 8256 5069 8257 4432 8257 5066 8257 5070 8258 5068 8258 5071 8258 5070 8259 5067 8259 5068 8259 5072 8260 4431 8260 4432 8260 5072 8261 4432 8261 5069 8261 5073 8262 5071 8262 5074 8262 5073 8263 5074 8263 5075 8263 5073 8264 5070 8264 5071 8264 5076 8265 4431 8265 5072 8265 4390 8266 4673 8266 4391 8266 5077 8267 5073 8267 5075 8267 5078 8268 4431 8268 5076 8268 5079 8269 5075 8269 5080 8269 5079 8270 5077 8270 5075 8270 5081 8271 4431 8271 5078 8271 5082 8272 4431 8272 5081 8272 5083 8273 4431 8273 5082 8273 5084 8274 4430 8274 4431 8274 5084 8275 4431 8275 5083 8275 4671 8276 4673 8276 4390 8276 5085 8277 4430 8277 5084 8277 5086 8278 4430 8278 5085 8278 5087 8279 4430 8279 5086 8279 5088 8280 4430 8280 5087 8280 4079 8281 4017 8281 4517 8281 5089 8282 4430 8282 5088 8282 5090 8283 4430 8283 5089 8283 4519 8284 4079 8284 4517 8284 4429 8285 4430 8285 5090 8285 4429 8286 5090 8286 5091 8286 4429 8287 5091 8287 5092 8287 4429 8288 5092 8288 5093 8288 4429 8289 5093 8289 5094 8289 4429 8290 5094 8290 5095 8290 4389 8291 4671 8291 4390 8291 4669 8292 4671 8292 4389 8292 4080 8293 4079 8293 4519 8293 4428 8294 5095 8294 5096 8294 4428 8295 5096 8295 5097 8295 4428 8296 5097 8296 5098 8296 4428 8297 5098 8297 5099 8297 4428 8298 4429 8298 5095 8298 4521 8299 4080 8299 4519 8299 4388 8300 4669 8300 4389 8300 4081 8301 4080 8301 4521 8301 4667 8302 4669 8302 4388 8302 3218 8303 5100 8303 5101 8303 3446 8304 5102 8304 5103 8304 3217 8305 5104 8305 5105 8305 3217 8306 5105 8306 5100 8306 3217 8307 5100 8307 3218 8307 3448 8308 3446 8308 5103 8308 3448 8309 5103 8309 5106 8309 3220 8310 5101 8310 5107 8310 3220 8311 3218 8311 5101 8311 3444 8312 5102 8312 3446 8312 3444 8313 5108 8313 5102 8313 3215 8314 5109 8314 5104 8314 3215 8315 5104 8315 3217 8315 3451 8316 5106 8316 5110 8316 3451 8317 3448 8317 5106 8317 3222 8318 5011 8318 1021 8318 3222 8319 5107 8319 5011 8319 3222 8320 3220 8320 5107 8320 3442 8321 5111 8321 5108 8321 3442 8322 5108 8322 3444 8322 3212 8323 5112 8323 5109 8323 3212 8324 5109 8324 3215 8324 3453 8325 5110 8325 5113 8325 3453 8326 3451 8326 5110 8326 3224 8327 1021 8327 1022 8327 3224 8328 3222 8328 1021 8328 3440 8329 5111 8329 3442 8329 3440 8330 5114 8330 5111 8330 3455 8331 3453 8331 5113 8331 3455 8332 5113 8332 5115 8332 3210 8333 5116 8333 5112 8333 3210 8334 5112 8334 3212 8334 3226 8335 1022 8335 1015 8335 3226 8336 1015 8336 1016 8336 3226 8337 3224 8337 1022 8337 3439 8338 5117 8338 5114 8338 3439 8339 5114 8339 3440 8339 3209 8340 5118 8340 5116 8340 3209 8341 5116 8341 3210 8341 3457 8342 5115 8342 5119 8342 3457 8343 3455 8343 5115 8343 3228 8344 3226 8344 1016 8344 3228 8345 1016 8345 1007 8345 3436 8346 5120 8346 5117 8346 3436 8347 5117 8347 3439 8347 3207 8348 5121 8348 5118 8348 3207 8349 5118 8349 3209 8349 3459 8350 5119 8350 5122 8350 3459 8351 5122 8351 4992 8351 3459 8352 3457 8352 5119 8352 3231 8353 3228 8353 1007 8353 3231 8354 1007 8354 1009 8354 3434 8355 5123 8355 5120 8355 3434 8356 5120 8356 3436 8356 3204 8357 5124 8357 5121 8357 3204 8358 5121 8358 3207 8358 3461 8359 3459 8359 4992 8359 3461 8360 4992 8360 4993 8360 3233 8361 3231 8361 1009 8361 3233 8362 1009 8362 1001 8362 3433 8363 5123 8363 3434 8363 3433 8364 5125 8364 5123 8364 3201 8365 5124 8365 3204 8365 3201 8366 5126 8366 5124 8366 3463 8367 4993 8367 5127 8367 3463 8368 3461 8368 4993 8368 3234 8369 3233 8369 1001 8369 3234 8370 1001 8370 1002 8370 3431 8371 5128 8371 5125 8371 3431 8372 5125 8372 3433 8372 3200 8373 5129 8373 5130 8373 3200 8374 5130 8374 5131 8374 3200 8375 5131 8375 5132 8375 3200 8376 5132 8376 5126 8376 3200 8377 5126 8377 3201 8377 3372 8378 5127 8378 5133 8378 3372 8379 5133 8379 5134 8379 3372 8380 5134 8380 5135 8380 3372 8381 5135 8381 5129 8381 3372 8382 5129 8382 3200 8382 3372 8383 3463 8383 5127 8383 3236 8384 3234 8384 1002 8384 3236 8385 1002 8385 995 8385 3428 8386 5136 8386 5128 8386 3428 8387 5128 8387 3431 8387 4427 8388 5099 8388 5137 8388 4427 8389 5137 8389 5138 8389 4427 8390 5138 8390 5139 8390 4427 8391 5139 8391 5140 8391 4427 8392 4428 8392 5099 8392 3238 8393 3236 8393 995 8393 3238 8394 995 8394 996 8394 3427 8395 5136 8395 3428 8395 3427 8396 5141 8396 5136 8396 3241 8397 3238 8397 996 8397 3241 8398 996 8398 988 8398 3425 8399 5142 8399 5143 8399 3425 8400 5143 8400 5141 8400 3425 8401 5141 8401 3427 8401 3243 8402 3241 8402 988 8402 3243 8403 988 8403 989 8403 3423 8404 5144 8404 5142 8404 3423 8405 5142 8405 3425 8405 3245 8406 3243 8406 989 8406 3245 8407 989 8407 981 8407 3421 8408 5144 8408 3423 8408 3421 8409 5080 8409 5144 8409 3247 8410 3245 8410 981 8410 3247 8411 981 8411 982 8411 3419 8412 5079 8412 5080 8412 3419 8413 5080 8413 3421 8413 3419 8414 5145 8414 5079 8414 3249 8415 3247 8415 982 8415 3249 8416 982 8416 975 8416 3417 8417 5146 8417 5145 8417 3417 8418 5145 8418 3419 8418 4387 8419 4667 8419 4388 8419 3250 8420 3249 8420 975 8420 3250 8421 975 8421 976 8421 3415 8422 5147 8422 5148 8422 3415 8423 5148 8423 5146 8423 3415 8424 5146 8424 3417 8424 4523 8425 4081 8425 4521 8425 3252 8426 3250 8426 976 8426 3252 8427 976 8427 968 8427 3413 8428 5149 8428 5147 8428 3413 8429 5147 8429 3415 8429 3254 8430 3252 8430 968 8430 3254 8431 968 8431 969 8431 3411 8432 5149 8432 3413 8432 3411 8433 5150 8433 5149 8433 3257 8434 3254 8434 969 8434 3257 8435 969 8435 961 8435 3409 8436 5151 8436 5150 8436 3409 8437 5150 8437 3411 8437 3258 8438 3257 8438 961 8438 3258 8439 961 8439 962 8439 3407 8440 5152 8440 5151 8440 3407 8441 5151 8441 3409 8441 3260 8442 3258 8442 962 8442 3260 8443 962 8443 954 8443 3405 8444 5152 8444 3407 8444 3405 8445 5153 8445 5152 8445 3262 8446 3260 8446 954 8446 3262 8447 954 8447 955 8447 3403 8448 5153 8448 3405 8448 3403 8449 5154 8449 5153 8449 3265 8450 3262 8450 955 8450 3265 8451 955 8451 948 8451 3265 8452 948 8452 949 8452 3401 8453 5154 8453 3403 8453 3401 8454 5155 8454 5154 8454 3267 8455 3265 8455 949 8455 3267 8456 949 8456 941 8456 3399 8457 5155 8457 3401 8457 3399 8458 5156 8458 5155 8458 3269 8459 3267 8459 941 8459 3397 8460 5156 8460 3399 8460 3397 8461 5157 8461 5156 8461 3395 8462 5157 8462 3397 8462 3395 8463 5158 8463 5157 8463 3393 8464 5158 8464 3395 8464 3393 8465 5159 8465 5158 8465 3391 8466 5159 8466 3393 8466 3391 8467 5160 8467 5159 8467 4082 8468 4081 8468 4523 8468 3389 8469 5160 8469 3391 8469 3389 8470 5161 8470 5160 8470 3387 8471 5161 8471 3389 8471 3387 8472 5162 8472 5161 8472 3385 8473 5163 8473 5162 8473 3385 8474 5162 8474 3387 8474 3383 8475 5164 8475 5163 8475 3383 8476 5163 8476 3385 8476 4665 8477 4667 8477 4387 8477 3381 8478 5165 8478 5166 8478 3381 8479 5166 8479 5164 8479 3381 8480 5164 8480 3383 8480 3379 8481 5165 8481 3381 8481 4426 8482 5140 8482 5167 8482 4426 8483 5167 8483 5168 8483 4426 8484 5168 8484 5169 8484 4426 8485 5169 8485 5170 8485 4426 8486 4427 8486 5140 8486 4386 8487 4665 8487 4387 8487 5171 8488 4117 8488 4118 8488 5171 8489 4118 8489 5172 8489 5173 8490 5172 8490 4118 8490 5174 8491 4117 8491 5171 8491 5175 8492 5173 8492 4118 8492 5176 8493 4117 8493 5174 8493 5177 8494 5175 8494 4118 8494 5178 8495 4117 8495 5176 8495 5179 8496 4118 8496 4119 8496 5179 8497 5177 8497 4118 8497 5180 8498 4116 8498 4117 8498 5180 8499 4117 8499 5178 8499 5181 8500 5179 8500 4119 8500 5182 8501 4116 8501 5180 8501 5183 8502 5181 8502 4119 8502 5184 8503 4116 8503 5182 8503 4525 8504 4082 8504 4523 8504 5185 8505 5183 8505 4119 8505 5186 8506 893 8506 895 8506 5186 8507 4116 8507 5184 8507 5186 8508 895 8508 4116 8508 5187 8509 5185 8509 4119 8509 5188 8510 893 8510 5186 8510 5189 8511 5187 8511 4119 8511 5189 8512 4119 8512 4120 8512 5190 8513 902 8513 893 8513 5190 8514 893 8514 5188 8514 5191 8515 5189 8515 4120 8515 5192 8516 900 8516 902 8516 5192 8517 902 8517 5190 8517 5193 8518 5191 8518 4120 8518 5194 8519 907 8519 900 8519 5194 8520 900 8520 5192 8520 5195 8521 5193 8521 4120 8521 5196 8522 915 8522 909 8522 5196 8523 909 8523 907 8523 5196 8524 907 8524 5194 8524 5197 8525 5195 8525 4120 8525 5198 8526 915 8526 5196 8526 5199 8527 5197 8527 4120 8527 5200 8528 922 8528 914 8528 5200 8529 914 8529 915 8529 5200 8530 915 8530 5198 8530 5201 8531 5199 8531 4120 8531 5201 8532 4120 8532 4121 8532 5202 8533 922 8533 5200 8533 4083 8534 4082 8534 4525 8534 5203 8535 5201 8535 4121 8535 5204 8536 929 8536 921 8536 5204 8537 921 8537 922 8537 5204 8538 922 8538 5202 8538 5205 8539 5203 8539 4121 8539 5206 8540 929 8540 5204 8540 5207 8541 5205 8541 4121 8541 5208 8542 928 8542 929 8542 5208 8543 929 8543 5206 8543 5209 8544 5207 8544 4121 8544 5210 8545 935 8545 928 8545 5210 8546 928 8546 5208 8546 5211 8547 5209 8547 4121 8547 5212 8548 934 8548 935 8548 5212 8549 935 8549 5210 8549 5213 8550 4121 8550 4122 8550 5213 8551 5211 8551 4121 8551 5214 8552 942 8552 934 8552 5214 8553 934 8553 5212 8553 4663 8554 4665 8554 4386 8554 3355 8555 3200 8555 3290 8555 3355 8556 3372 8556 3200 8556 5215 8557 5213 8557 4122 8557 5216 8558 3269 8558 941 8558 5216 8559 942 8559 5214 8559 5216 8560 941 8560 942 8560 3357 8561 3355 8561 3290 8561 3308 8562 3357 8562 3290 8562 5217 8563 5215 8563 4122 8563 5218 8564 3269 8564 5216 8564 5218 8565 3271 8565 3269 8565 4425 8566 5170 8566 5219 8566 4425 8567 4426 8567 5170 8567 3359 8568 3357 8568 3308 8568 3306 8569 3359 8569 3308 8569 5220 8570 5217 8570 4122 8570 5221 8571 3273 8571 3271 8571 5221 8572 3271 8572 5218 8572 3361 8573 3359 8573 3306 8573 3305 8574 3361 8574 3306 8574 5222 8575 5220 8575 4122 8575 5223 8576 3273 8576 5221 8576 5223 8577 3274 8577 3273 8577 3363 8578 3361 8578 3305 8578 3303 8579 3363 8579 3305 8579 5224 8580 5222 8580 4122 8580 3365 8581 3363 8581 3303 8581 3301 8582 3365 8582 3303 8582 5225 8583 3274 8583 5223 8583 5226 8584 5224 8584 4122 8584 3367 8585 3365 8585 3301 8585 3299 8586 3367 8586 3301 8586 5227 8587 3276 8587 3274 8587 5227 8588 3274 8588 5225 8588 4385 8589 4663 8589 4386 8589 5228 8590 5226 8590 4122 8590 5228 8591 4122 8591 4123 8591 5229 8592 3276 8592 5227 8592 5229 8593 3279 8593 3276 8593 3368 8594 3367 8594 3299 8594 3297 8595 3368 8595 3299 8595 5230 8596 5228 8596 4123 8596 5231 8597 3279 8597 5229 8597 5231 8598 3281 8598 3279 8598 3370 8599 3368 8599 3297 8599 3293 8600 3370 8600 3297 8600 5232 8601 5230 8601 4123 8601 5233 8602 3281 8602 5231 8602 5233 8603 3283 8603 3281 8603 3352 8604 3370 8604 3293 8604 3292 8605 3352 8605 3293 8605 5234 8606 5232 8606 4123 8606 5235 8607 3283 8607 5233 8607 5235 8608 3285 8608 3283 8608 4527 8609 4083 8609 4525 8609 3346 8610 3348 8610 3350 8610 3314 8611 3310 8611 3312 8611 5236 8612 5234 8612 4123 8612 3344 8613 3346 8613 3350 8613 5237 8614 3285 8614 5235 8614 5237 8615 3286 8615 3285 8615 3340 8616 3292 8616 3310 8616 3340 8617 3342 8617 3344 8617 3340 8618 3350 8618 3352 8618 3340 8619 3344 8619 3350 8619 3340 8620 3352 8620 3292 8620 3340 8621 3310 8621 3314 8621 3320 8622 3314 8622 3316 8622 3320 8623 3316 8623 3318 8623 5238 8624 5236 8624 4123 8624 3336 8625 3338 8625 3340 8625 3336 8626 3340 8626 3314 8626 3324 8627 3320 8627 3322 8627 5239 8628 3288 8628 3286 8628 5239 8629 3286 8629 5237 8629 3326 8630 3314 8630 3320 8630 3326 8631 3320 8631 3324 8631 3330 8632 3326 8632 3328 8632 3330 8633 3332 8633 3334 8633 3330 8634 3334 8634 3336 8634 3330 8635 3336 8635 3314 8635 3330 8636 3314 8636 3326 8636 5240 8637 5238 8637 4123 8637 5241 8638 3198 8638 3288 8638 5241 8639 3288 8639 5239 8639 4084 8640 4083 8640 4527 8640 5242 8641 5240 8641 4123 8641 5243 8642 3198 8642 5241 8642 5244 8643 3198 8643 5243 8643 5245 8644 3198 8644 5244 8644 5246 8645 3198 8645 5245 8645 4660 8646 4663 8646 4385 8646 4124 8647 5247 8647 5248 8647 4124 8648 5242 8648 4123 8648 4124 8649 5248 8649 5249 8649 4124 8650 5249 8650 5250 8650 4124 8651 5250 8651 5251 8651 4124 8652 5251 8652 5252 8652 4124 8653 5252 8653 5242 8653 4384 8654 4660 8654 4385 8654 4085 8655 4084 8655 4527 8655 4085 8656 4527 8656 4529 8656 4125 8657 5253 8657 5254 8657 4125 8658 5254 8658 5255 8658 4125 8659 5255 8659 5256 8659 4125 8660 5256 8660 5257 8660 4125 8661 5257 8661 5258 8661 4125 8662 5258 8662 5247 8662 4125 8663 5247 8663 4124 8663 4659 8664 4660 8664 4384 8664 4383 8665 4659 8665 4384 8665 4086 8666 4085 8666 4529 8666 4531 8667 4086 8667 4529 8667 3172 8668 3174 8668 3176 8668 3172 8669 3176 8669 3178 8669 3170 8670 3172 8670 3178 8670 3490 8671 3467 8671 3484 8671 3490 8672 3484 8672 3486 8672 3490 8673 3486 8673 3488 8673 3492 8674 3467 8674 3490 8674 3166 8675 3168 8675 3170 8675 3166 8676 3170 8676 3178 8676 3494 8677 3467 8677 3492 8677 3496 8678 3467 8678 3494 8678 3162 8679 3164 8679 3166 8679 3162 8680 3166 8680 3178 8680 3498 8681 3467 8681 3496 8681 3502 8682 3498 8682 3500 8682 3156 8683 3162 8683 3178 8683 3156 8684 3158 8684 3160 8684 3156 8685 3160 8685 3162 8685 3504 8686 3498 8686 3502 8686 3504 8687 3467 8687 3498 8687 3154 8688 3156 8688 3178 8688 4126 8689 5259 8689 5260 8689 4126 8690 5260 8690 5261 8690 4126 8691 5261 8691 5262 8691 4126 8692 5262 8692 5263 8692 4126 8693 5263 8693 5253 8693 4126 8694 5253 8694 4125 8694 3150 8695 3152 8695 3154 8695 3510 8696 3504 8696 3506 8696 3510 8697 3506 8697 3508 8697 3512 8698 3504 8698 3510 8698 3146 8699 3149 8699 3150 8699 3514 8700 3504 8700 3512 8700 3514 8701 3467 8701 3504 8701 3144 8702 3146 8702 3150 8702 3143 8703 3144 8703 3150 8703 3143 8704 3150 8704 3154 8704 3518 8705 3514 8705 3516 8705 3141 8706 3154 8706 3178 8706 3141 8707 3143 8707 3154 8707 3520 8708 3514 8708 3518 8708 4657 8709 4659 8709 4383 8709 3137 8710 3139 8710 3141 8710 3137 8711 3141 8711 3178 8711 3524 8712 3520 8712 3522 8712 3524 8713 3514 8713 3520 8713 4382 8714 4657 8714 4383 8714 3118 8715 3178 8715 3197 8715 3118 8716 3137 8716 3178 8716 3526 8717 3469 8717 3467 8717 3526 8718 3467 8718 3514 8718 3526 8719 3514 8719 3524 8719 3119 8720 3197 8720 3195 8720 3119 8721 3118 8721 3197 8721 3544 8722 3469 8722 3526 8722 3544 8723 3470 8723 3469 8723 3122 8724 3195 8724 3193 8724 3122 8725 3119 8725 3195 8725 3542 8726 3470 8726 3544 8726 3542 8727 3473 8727 3470 8727 3124 8728 3193 8728 3191 8728 3124 8729 3122 8729 3193 8729 3540 8730 3473 8730 3542 8730 3540 8731 3475 8731 3473 8731 3126 8732 3191 8732 3189 8732 3126 8733 3124 8733 3191 8733 3538 8734 3475 8734 3540 8734 3538 8735 3476 8735 3475 8735 3128 8736 3126 8736 3189 8736 3128 8737 3189 8737 3187 8737 3536 8738 3478 8738 3476 8738 3536 8739 3476 8739 3538 8739 3130 8740 3187 8740 3185 8740 3130 8741 3128 8741 3187 8741 3534 8742 3480 8742 3478 8742 3534 8743 3478 8743 3536 8743 4087 8744 4086 8744 4531 8744 3132 8745 3185 8745 3183 8745 3132 8746 3130 8746 3185 8746 3532 8747 3480 8747 3534 8747 3532 8748 3482 8748 3480 8748 3135 8749 3132 8749 3183 8749 3135 8750 3183 8750 3181 8750 3529 8751 3482 8751 3532 8751 3529 8752 3464 8752 3482 8752 3116 8753 3135 8753 3181 8753 3116 8754 3181 8754 3198 8754 3528 8755 3464 8755 3529 8755 3528 8756 3375 8756 3464 8756 4533 8757 4087 8757 4531 8757 4127 8758 5264 8758 5259 8758 4127 8759 5259 8759 4126 8759 4127 8760 5265 8760 5266 8760 4127 8761 5266 8761 5267 8761 4127 8762 5267 8762 5264 8762 4655 8763 4382 8763 4381 8763 4655 8764 4657 8764 4382 8764 5268 8765 5269 8765 5270 8765 5271 8766 5272 8766 5269 8766 5271 8767 5269 8767 5268 8767 5273 8768 5268 8768 5270 8768 5274 8769 5272 8769 5271 8769 5274 8770 5219 8770 5272 8770 5274 8771 4425 8771 5219 8771 5275 8772 5270 8772 5276 8772 5275 8773 5273 8773 5270 8773 5277 8774 4425 8774 5274 8774 5278 8775 5276 8775 5279 8775 5278 8776 5275 8776 5276 8776 5280 8777 4425 8777 5277 8777 5280 8778 4424 8778 4425 8778 5281 8779 5279 8779 5282 8779 5281 8780 5278 8780 5279 8780 5283 8781 4424 8781 5280 8781 5284 8782 5281 8782 5282 8782 5284 8783 5282 8783 5285 8783 5286 8784 4424 8784 5283 8784 5287 8785 5285 8785 5288 8785 5287 8786 5284 8786 5285 8786 5289 8787 4424 8787 5286 8787 5289 8788 4423 8788 4424 8788 5290 8789 5288 8789 5291 8789 5290 8790 5287 8790 5288 8790 5292 8791 4423 8791 5289 8791 5293 8792 5291 8792 5294 8792 5293 8793 5290 8793 5291 8793 5295 8794 4423 8794 5292 8794 5296 8795 5294 8795 5297 8795 5296 8796 5297 8796 5298 8796 5296 8797 5293 8797 5294 8797 5299 8798 4423 8798 5295 8798 5300 8799 5296 8799 5298 8799 5301 8800 4423 8800 5299 8800 5301 8801 4422 8801 4423 8801 5302 8802 5298 8802 5303 8802 5302 8803 5300 8803 5298 8803 5304 8804 4422 8804 5301 8804 5305 8805 5303 8805 5306 8805 5305 8806 5302 8806 5303 8806 5307 8807 4422 8807 5304 8807 5308 8808 5305 8808 5306 8808 5308 8809 5306 8809 5309 8809 5308 8810 5309 8810 5310 8810 5311 8811 4422 8811 5307 8811 5312 8812 5308 8812 5310 8812 5313 8813 4422 8813 5311 8813 4088 8814 4087 8814 4533 8814 5314 8815 5310 8815 5315 8815 5314 8816 5312 8816 5310 8816 5316 8817 4422 8817 5313 8817 5316 8818 4421 8818 4422 8818 5317 8819 5315 8819 5318 8819 5317 8820 5314 8820 5315 8820 5319 8821 4421 8821 5316 8821 5320 8822 5318 8822 5321 8822 5320 8823 5321 8823 5322 8823 5320 8824 5317 8824 5318 8824 5323 8825 4421 8825 5319 8825 5324 8826 5320 8826 5322 8826 5325 8827 4421 8827 5323 8827 5326 8828 5165 8828 3379 8828 5326 8829 5322 8829 5165 8829 5326 8830 5324 8830 5322 8830 5326 8831 3379 8831 3377 8831 5327 8832 4421 8832 5325 8832 5328 8833 5326 8833 3377 8833 5328 8834 3377 8834 3375 8834 4535 8835 4088 8835 4533 8835 5329 8836 4421 8836 5327 8836 5330 8837 5328 8837 3375 8837 5331 8838 4421 8838 5329 8838 5331 8839 4420 8839 4421 8839 4128 8840 5265 8840 4127 8840 4128 8841 5332 8841 5333 8841 4128 8842 5333 8842 5334 8842 4128 8843 5334 8843 5265 8843 5335 8844 5330 8844 3375 8844 5336 8845 4420 8845 5331 8845 5337 8846 5335 8846 3375 8846 5338 8847 4420 8847 5336 8847 5339 8848 5337 8848 3375 8848 5340 8849 4420 8849 5338 8849 5341 8850 4420 8850 5340 8850 5342 8851 4420 8851 5341 8851 5343 8852 4420 8852 5342 8852 3684 8853 3680 8853 3682 8853 3686 8854 3680 8854 3684 8854 3688 8855 3680 8855 3686 8855 3669 8856 3671 8856 3672 8856 3669 8857 3672 8857 3674 8857 3669 8858 3674 8858 3676 8858 3690 8859 3680 8859 3688 8859 3690 8860 3678 8860 3680 8860 3665 8861 3690 8861 3692 8861 3665 8862 3669 8862 3676 8862 3665 8863 3678 8863 3690 8863 3665 8864 3667 8864 3669 8864 3665 8865 3676 8865 3678 8865 4653 8866 4655 8866 4381 8866 4653 8867 4381 8867 4380 8867 3661 8868 3692 8868 3694 8868 3661 8869 3665 8869 3692 8869 3661 8870 3663 8870 3665 8870 3698 8871 3694 8871 3696 8871 3700 8872 3694 8872 3698 8872 3640 8873 3694 8873 3700 8873 3640 8874 3659 8874 3661 8874 3640 8875 3661 8875 3694 8875 3716 8876 3640 8876 3700 8876 3641 8877 3640 8877 3716 8877 3714 8878 3641 8878 3716 8878 3644 8879 3641 8879 3714 8879 4089 8880 4088 8880 4535 8880 3712 8881 3644 8881 3714 8881 3646 8882 3644 8882 3712 8882 4419 8883 5343 8883 5344 8883 4419 8884 5344 8884 5345 8884 4419 8885 5345 8885 5346 8885 4419 8886 4420 8886 5343 8886 4419 8887 5346 8887 5347 8887 4419 8888 5347 8888 5348 8888 4419 8889 5348 8889 5349 8889 4419 8890 5349 8890 5350 8890 3710 8891 3646 8891 3712 8891 3648 8892 3646 8892 3710 8892 3708 8893 3648 8893 3710 8893 3650 8894 3648 8894 3708 8894 3706 8895 3650 8895 3708 8895 3652 8896 3650 8896 3706 8896 3704 8897 3652 8897 3706 8897 3654 8898 3652 8898 3704 8898 4129 8899 5332 8899 4128 8899 4129 8900 5351 8900 5352 8900 4129 8901 5352 8901 5332 8901 3702 8902 3654 8902 3704 8902 3656 8903 3654 8903 3702 8903 3023 8904 3638 8904 3656 8904 3023 8905 3656 8905 3702 8905 4537 8906 4089 8906 4535 8906 4379 8907 4653 8907 4380 8907 4651 8908 4653 8908 4379 8908 4090 8909 4089 8909 4537 8909 4418 8910 5350 8910 5353 8910 4418 8911 5353 8911 5354 8911 4418 8912 5354 8912 5355 8912 4418 8913 5355 8913 5356 8913 4418 8914 5356 8914 5357 8914 4418 8915 5357 8915 5358 8915 4418 8916 5358 8916 5359 8916 4418 8917 4419 8917 5350 8917 3026 8918 3198 8918 5246 8918 3026 8919 5246 8919 5360 8919 3026 8920 5360 8920 5361 8920 3026 8921 5361 8921 5362 8921 3026 8922 5362 8922 5363 8922 3026 8923 3116 8923 3198 8923 3546 8924 3375 8924 3528 8924 3546 8925 5339 8925 3375 8925 3546 8926 5364 8926 5365 8926 3546 8927 5365 8927 5366 8927 3546 8928 5366 8928 5367 8928 3546 8929 5367 8929 5339 8929 3027 8930 5363 8930 5368 8930 3027 8931 3026 8931 5363 8931 3637 8932 5364 8932 3546 8932 3637 8933 5369 8933 5364 8933 3030 8934 3027 8934 5368 8934 3635 8935 5370 8935 5369 8935 3635 8936 5369 8936 3637 8936 3632 8937 5371 8937 5370 8937 3632 8938 5370 8938 3635 8938 4539 8939 4090 8939 4537 8939 3630 8940 5371 8940 3632 8940 3630 8941 5372 8941 5371 8941 3628 8942 5372 8942 3630 8942 3628 8943 5373 8943 5372 8943 3627 8944 5373 8944 3628 8944 3627 8945 5374 8945 5373 8945 3625 8946 5374 8946 3627 8946 3625 8947 5375 8947 5374 8947 4378 8948 4651 8948 4379 8948 3623 8949 5375 8949 3625 8949 3623 8950 5376 8950 5377 8950 3623 8951 5377 8951 5375 8951 3620 8952 5376 8952 3623 8952 3620 8953 5378 8953 5376 8953 3618 8954 5378 8954 3620 8954 3618 8955 5379 8955 5378 8955 3616 8956 5379 8956 3618 8956 3616 8957 5380 8957 5379 8957 4417 8958 5359 8958 5381 8958 4417 8959 4418 8959 5359 8959 4417 8960 5381 8960 5382 8960 4417 8961 5382 8961 5383 8961 4417 8962 5383 8962 5384 8962 4417 8963 5384 8963 5385 8963 4417 8964 5385 8964 5386 8964 4649 8965 4651 8965 4378 8965 4091 8966 4090 8966 4539 8966 3022 8967 3638 8967 3023 8967 3549 8968 3638 8968 3022 8968 4541 8969 4091 8969 4539 8969 4377 8970 4649 8970 4378 8970 4416 8971 5386 8971 5387 8971 4416 8972 5387 8972 5388 8972 4416 8973 5388 8973 5389 8973 4416 8974 5389 8974 5390 8974 4416 8975 5390 8975 5391 8975 4416 8976 5391 8976 5392 8976 4416 8977 4417 8977 5386 8977 4092 8978 4091 8978 4541 8978 4647 8979 4649 8979 4377 8979 4376 8980 4647 8980 4377 8980 5393 8981 5394 8981 5395 8981 5393 8982 5395 8982 5396 8982 5393 8983 5396 8983 5397 8983 5398 8984 5395 8984 5394 8984 5398 8985 5399 8985 5395 8985 5400 8986 5393 8986 5397 8986 5401 8987 5402 8987 5399 8987 5401 8988 5399 8988 5398 8988 5403 8989 5400 8989 5397 8989 5403 8990 5397 8990 5404 8990 5405 8991 5402 8991 5401 8991 5405 8992 5406 8992 5402 8992 5407 8993 5403 8993 5404 8993 5407 8994 5404 8994 5408 8994 5409 8995 5406 8995 5405 8995 5409 8996 5410 8996 5406 8996 5411 8997 5407 8997 5408 8997 5411 8998 5408 8998 5412 8998 5411 8999 5412 8999 5413 8999 5414 9000 5410 9000 5409 9000 5414 9001 5415 9001 5410 9001 5416 9002 5411 9002 5413 9002 5417 9003 5415 9003 5414 9003 5417 9004 5418 9004 5415 9004 5419 9005 5416 9005 5413 9005 5419 9006 5413 9006 5420 9006 5419 9007 5420 9007 5351 9007 5421 9008 5422 9008 5418 9008 5421 9009 5418 9009 5417 9009 5423 9010 5419 9010 5351 9010 5423 9011 5351 9011 4129 9011 5424 9012 5422 9012 5421 9012 5424 9013 5425 9013 5422 9013 4543 9014 4092 9014 4541 9014 5426 9015 5423 9015 4129 9015 5426 9016 4129 9016 4130 9016 5427 9017 5425 9017 5424 9017 5427 9018 5428 9018 5429 9018 5427 9019 5429 9019 5425 9019 5430 9020 5426 9020 4130 9020 5431 9021 5428 9021 5427 9021 5431 9022 5432 9022 5428 9022 5433 9023 5430 9023 4130 9023 5434 9024 5432 9024 5431 9024 5435 9025 5433 9025 4130 9025 5436 9026 5437 9026 5432 9026 5436 9027 5432 9027 5434 9027 5438 9028 5435 9028 4130 9028 5438 9029 4130 9029 4131 9029 5439 9030 3030 9030 5368 9030 5439 9031 3032 9031 3030 9031 5439 9032 5437 9032 5436 9032 5439 9033 5368 9033 5437 9033 4415 9034 4416 9034 5392 9034 4415 9035 5392 9035 5440 9035 4415 9036 5440 9036 5441 9036 4415 9037 5441 9037 5442 9037 4415 9038 5442 9038 5443 9038 4415 9039 5443 9039 5444 9039 5445 9040 5438 9040 4131 9040 5446 9041 3032 9041 5439 9041 5447 9042 5445 9042 4131 9042 5448 9043 3032 9043 5446 9043 5448 9044 3034 9044 3032 9044 5449 9045 5447 9045 4131 9045 5450 9046 3036 9046 3034 9046 5450 9047 3034 9047 5448 9047 5451 9048 4131 9048 4132 9048 5451 9049 5449 9049 4131 9049 5452 9050 3039 9050 3036 9050 5452 9051 3036 9051 5450 9051 5453 9052 5451 9052 4132 9052 5454 9053 3041 9053 3039 9053 5454 9054 3039 9054 5452 9054 4093 9055 4092 9055 4543 9055 5455 9056 5453 9056 4132 9056 5456 9057 3041 9057 5454 9057 5456 9058 3042 9058 3041 9058 5457 9059 5455 9059 4132 9059 5458 9060 3044 9060 3042 9060 5458 9061 3042 9061 5456 9061 5459 9062 4132 9062 4133 9062 5459 9063 5457 9063 4132 9063 5460 9064 3044 9064 5458 9064 5460 9065 3047 9065 3044 9065 5461 9066 5459 9066 4133 9066 5462 9067 3048 9067 3047 9067 5462 9068 3047 9068 5460 9068 4645 9069 4647 9069 4376 9069 5463 9070 5461 9070 4133 9070 5464 9071 3048 9071 5462 9071 5464 9072 3050 9072 3048 9072 5465 9073 5463 9073 4133 9073 5466 9074 3052 9074 3050 9074 5466 9075 3050 9075 5464 9075 5467 9076 5465 9076 4133 9076 5468 9077 3054 9077 3052 9077 5468 9078 3052 9078 5466 9078 5469 9079 5467 9079 4133 9079 5470 9080 3057 9080 3054 9080 5470 9081 3054 9081 5468 9081 5471 9082 3059 9082 3057 9082 5471 9083 3057 9083 5470 9083 4375 9084 4645 9084 4376 9084 5472 9085 3061 9085 3059 9085 5472 9086 3059 9086 5471 9086 5473 9087 3063 9087 3061 9087 5473 9088 3061 9088 5472 9088 5474 9089 3065 9089 3063 9089 5474 9090 3063 9090 5473 9090 5475 9091 3065 9091 5474 9091 5475 9092 3067 9092 3065 9092 4414 9093 5444 9093 5476 9093 4414 9094 5476 9094 5477 9094 4414 9095 5477 9095 5478 9095 4414 9096 5478 9096 5479 9096 4414 9097 5479 9097 5480 9097 4414 9098 4415 9098 5444 9098 4545 9099 4093 9099 4543 9099 5481 9100 3067 9100 5475 9100 5482 9101 3067 9101 5481 9101 5482 9102 3069 9102 3067 9102 5483 9103 3069 9103 5482 9103 5483 9104 3071 9104 3069 9104 5484 9105 3071 9105 5483 9105 5484 9106 3073 9106 3071 9106 4134 9107 5469 9107 4133 9107 4134 9108 5485 9108 5486 9108 4134 9109 5486 9109 5487 9109 4134 9110 5487 9110 5488 9110 4134 9111 5488 9111 5489 9111 4134 9112 5489 9112 5490 9112 4134 9113 5490 9113 5469 9113 4094 9114 4093 9114 4545 9114 4643 9115 4645 9115 4375 9115 4312 9116 4643 9116 4375 9116 4413 9117 4414 9117 5480 9117 4413 9118 5480 9118 5491 9118 4413 9119 5491 9119 5492 9119 4413 9120 5492 9120 5493 9120 4413 9121 5493 9121 5494 9121 4547 9122 4094 9122 4545 9122 4135 9123 5485 9123 4134 9123 4135 9124 5495 9124 5496 9124 4135 9125 5496 9125 5497 9125 4135 9126 5497 9126 5498 9126 4135 9127 5498 9127 5499 9127 4135 9128 5499 9128 5500 9128 4135 9129 5500 9129 5485 9129 4095 9130 4094 9130 4547 9130 4641 9131 4312 9131 4311 9131 4641 9132 4643 9132 4312 9132 4412 9133 4413 9133 5494 9133 4412 9134 5494 9134 5501 9134 4412 9135 5501 9135 5502 9135 4412 9136 5502 9136 5503 9136 4136 9137 5495 9137 4135 9137 4136 9138 5504 9138 5505 9138 4136 9139 5505 9139 5506 9139 4136 9140 5506 9140 5495 9140 4136 9141 5507 9141 5508 9141 4136 9142 5508 9142 5509 9142 4136 9143 5509 9143 5504 9143 4549 9144 4095 9144 4547 9144 4096 9145 4095 9145 4549 9145 4639 9146 4311 9146 4308 9146 4639 9147 4641 9147 4311 9147 4137 9148 5507 9148 4136 9148 4137 9149 5510 9149 5511 9149 4137 9150 5511 9150 5512 9150 4137 9151 5512 9151 5507 9151 2320 9152 2313 9152 5513 9152 2320 9153 5513 9153 5514 9153 2314 9154 5513 9154 2313 9154 2314 9155 5515 9155 5516 9155 2314 9156 5516 9156 5513 9156 2319 9157 2320 9157 5514 9157 2319 9158 5514 9158 5517 9158 2306 9159 5515 9159 2314 9159 2327 9160 2319 9160 5517 9160 2327 9161 5517 9161 5518 9161 2327 9162 5518 9162 5380 9162 2307 9163 5515 9163 2306 9163 2307 9164 5519 9164 5520 9164 2307 9165 5520 9165 5515 9165 2326 9166 5380 9166 3616 9166 2326 9167 3616 9167 3614 9167 2326 9168 2327 9168 5380 9168 2299 9169 5519 9169 2307 9169 2334 9170 2326 9170 3614 9170 2334 9171 3614 9171 3612 9171 2300 9172 5519 9172 2299 9172 2300 9173 5521 9173 5519 9173 2333 9174 2334 9174 3612 9174 2294 9175 5522 9175 5521 9175 2294 9176 5521 9176 2300 9176 2340 9177 3612 9177 3610 9177 2340 9178 2333 9178 3612 9178 2292 9179 5522 9179 2294 9179 2292 9180 5523 9180 5522 9180 2339 9181 3610 9181 3609 9181 2339 9182 2340 9182 3610 9182 2285 9183 5524 9183 5525 9183 2285 9184 5525 9184 5523 9184 2285 9185 5523 9185 2292 9185 2347 9186 3609 9186 3606 9186 2347 9187 2339 9187 3609 9187 4551 9188 4096 9188 4549 9188 4551 9189 4097 9189 4096 9189 2287 9190 5524 9190 2285 9190 2346 9191 3606 9191 3604 9191 2346 9192 2347 9192 3606 9192 2278 9193 5524 9193 2287 9193 2278 9194 5503 9194 5526 9194 2278 9195 5526 9195 5524 9195 2354 9196 3604 9196 3602 9196 2354 9197 2346 9197 3604 9197 2280 9198 5503 9198 2278 9198 2280 9199 4412 9199 5503 9199 2353 9200 2354 9200 3602 9200 2353 9201 3602 9201 3600 9201 2269 9202 4412 9202 2280 9202 2269 9203 4411 9203 4412 9203 2361 9204 2353 9204 3600 9204 2361 9205 3600 9205 3598 9205 2271 9206 4411 9206 2269 9206 2360 9207 2361 9207 3598 9207 2360 9208 3598 9208 3596 9208 2262 9209 4411 9209 2271 9209 2367 9210 3596 9210 3595 9210 2367 9211 2360 9211 3596 9211 2264 9212 4411 9212 2262 9212 2366 9213 2367 9213 3595 9213 2366 9214 3595 9214 3593 9214 2251 9215 4411 9215 2264 9215 2251 9216 4410 9216 4411 9216 2374 9217 2366 9217 3593 9217 2374 9218 3593 9218 3590 9218 2252 9219 4410 9219 2251 9219 2373 9220 3590 9220 3589 9220 2373 9221 2374 9221 3590 9221 2249 9222 4410 9222 2252 9222 2381 9223 3589 9223 3587 9223 2381 9224 2373 9224 3589 9224 2661 9225 4410 9225 2249 9225 2380 9226 2381 9226 3587 9226 2380 9227 3587 9227 3584 9227 2658 9228 4410 9228 2661 9228 2387 9229 2380 9229 3584 9229 2387 9230 3584 9230 3582 9230 4637 9231 4308 9231 4306 9231 4637 9232 4639 9232 4308 9232 2386 9233 3582 9233 3580 9233 2386 9234 2387 9234 3582 9234 3958 9235 5510 9235 4137 9235 3958 9236 5527 9236 5528 9236 3958 9237 5528 9237 5529 9237 3958 9238 5529 9238 5530 9238 3958 9239 5530 9239 5531 9239 3958 9240 5531 9240 5532 9240 3958 9241 5532 9241 5533 9241 3958 9242 5533 9242 5534 9242 3958 9243 5534 9243 5535 9243 3958 9244 5535 9244 5536 9244 3958 9245 5536 9245 5537 9245 3958 9246 5537 9246 5538 9246 3958 9247 5538 9247 5539 9247 3958 9248 5539 9248 5540 9248 3958 9249 5540 9249 5541 9249 3958 9250 5541 9250 5542 9250 3958 9251 5542 9251 5543 9251 3958 9252 5543 9252 5544 9252 3958 9253 5544 9253 5545 9253 3958 9254 5545 9254 5510 9254 2394 9255 3580 9255 3579 9255 2394 9256 2386 9256 3580 9256 2392 9257 2394 9257 3579 9257 2392 9258 3579 9258 3577 9258 2401 9259 3577 9259 3574 9259 2401 9260 2392 9260 3577 9260 2400 9261 2401 9261 3574 9261 3957 9262 3958 9262 4137 9262 3957 9263 4137 9263 4138 9263 2407 9264 2400 9264 3574 9264 2407 9265 3574 9265 3572 9265 2406 9266 2407 9266 3572 9266 2406 9267 3572 9267 3570 9267 4409 9268 2658 9268 2659 9268 4409 9269 2659 9269 2653 9269 4409 9270 2653 9270 2654 9270 4409 9271 2654 9271 2647 9271 4409 9272 2647 9272 2649 9272 4409 9273 4410 9273 2658 9273 4553 9274 4097 9274 4551 9274 4553 9275 4098 9275 4097 9275 3959 9276 5527 9276 3958 9276 3959 9277 5546 9277 5547 9277 3959 9278 5547 9278 5548 9278 3959 9279 5548 9279 5549 9279 3959 9280 5549 9280 5550 9280 3959 9281 5550 9281 5551 9281 3959 9282 5551 9282 5527 9282 4635 9283 4306 9283 4305 9283 4635 9284 4637 9284 4306 9284 4139 9285 3957 9285 4138 9285 3846 9286 3957 9286 4139 9286 4408 9287 2649 9287 2642 9287 4408 9288 2642 9288 2643 9288 4408 9289 2643 9289 2635 9289 4408 9290 2635 9290 2636 9290 4408 9291 2636 9291 2628 9291 4408 9292 2628 9292 2629 9292 4408 9293 2629 9293 2621 9293 4408 9294 4409 9294 2649 9294 4555 9295 4098 9295 4553 9295 4555 9296 4099 9296 4098 9296 3960 9297 5552 9297 5553 9297 3960 9298 5553 9298 5554 9298 3960 9299 5554 9299 5555 9299 3960 9300 5555 9300 5546 9300 3960 9301 5546 9301 3959 9301 4633 9302 4305 9302 4303 9302 4633 9303 4635 9303 4305 9303 4407 9304 2621 9304 2623 9304 4407 9305 2623 9305 2615 9305 4407 9306 2615 9306 2616 9306 4407 9307 2616 9307 2608 9307 4407 9308 2608 9308 2609 9308 4407 9309 2609 9309 2600 9309 4407 9310 2600 9310 2602 9310 4407 9311 4408 9311 2621 9311 4557 9312 4099 9312 4555 9312 4557 9313 4100 9313 4099 9313 5556 9314 3078 9314 3077 9314 5557 9315 5556 9315 3077 9315 5558 9316 3078 9316 5556 9316 5558 9317 3080 9317 3078 9317 5559 9318 5557 9318 3077 9318 5559 9319 3077 9319 3075 9319 5560 9320 3080 9320 5558 9320 5560 9321 3083 9321 3080 9321 5561 9322 5559 9322 3075 9322 5561 9323 3075 9323 3073 9323 5562 9324 3083 9324 5560 9324 5562 9325 3084 9325 3083 9325 5563 9326 3073 9326 5484 9326 5563 9327 5561 9327 3073 9327 5564 9328 3084 9328 5562 9328 5564 9329 3087 9329 3084 9329 5565 9330 5563 9330 5484 9330 5565 9331 5484 9331 5566 9331 3961 9332 5567 9332 5568 9332 3961 9333 5568 9333 5552 9333 3961 9334 5552 9334 3960 9334 5569 9335 3087 9335 5564 9335 5569 9336 3088 9336 3087 9336 5570 9337 5565 9337 5566 9337 5570 9338 5566 9338 5571 9338 5572 9339 3088 9339 5569 9339 5572 9340 3091 9340 3088 9340 5573 9341 5570 9341 5571 9341 5573 9342 5571 9342 5574 9342 5575 9343 3091 9343 5572 9343 5575 9344 3093 9344 3091 9344 5576 9345 5574 9345 5577 9345 5576 9346 5573 9346 5574 9346 5578 9347 3094 9347 3093 9347 5578 9348 3093 9348 5575 9348 5579 9349 5576 9349 5577 9349 5579 9350 5577 9350 5580 9350 5579 9351 5580 9351 5581 9351 5582 9352 3094 9352 5578 9352 5582 9353 3097 9353 3094 9353 5583 9354 5581 9354 5584 9354 5583 9355 5579 9355 5581 9355 5585 9356 3097 9356 5582 9356 5585 9357 3099 9357 3097 9357 5586 9358 5583 9358 5584 9358 4406 9359 4407 9359 2602 9359 4406 9360 2602 9360 2594 9360 4406 9361 2594 9361 2596 9361 4406 9362 2596 9362 2588 9362 4406 9363 2588 9363 2589 9363 4406 9364 2589 9364 2580 9364 4406 9365 2580 9365 2582 9365 4406 9366 2582 9366 2275 9366 4406 9367 2275 9367 2274 9367 5587 9368 3099 9368 5585 9368 5587 9369 3101 9369 3099 9369 5588 9370 5586 9370 5584 9370 5588 9371 5584 9371 5589 9371 5590 9372 3101 9372 5587 9372 5590 9373 3103 9373 3101 9373 5591 9374 5588 9374 5589 9374 5591 9375 5589 9375 5592 9375 5593 9376 3104 9376 3103 9376 5593 9377 3103 9377 5590 9377 5594 9378 5591 9378 5592 9378 5594 9379 5592 9379 5595 9379 5594 9380 5595 9380 5596 9380 5597 9381 3104 9381 5593 9381 5597 9382 3106 9382 3104 9382 5598 9383 5594 9383 5596 9383 5598 9384 5596 9384 5599 9384 5600 9385 3106 9385 5597 9385 5600 9386 3109 9386 3106 9386 5601 9387 5598 9387 5599 9387 5602 9388 3109 9388 5600 9388 5602 9389 3111 9389 3109 9389 5603 9390 5567 9390 3961 9390 5603 9391 5599 9391 5567 9391 5603 9392 5601 9392 5599 9392 4631 9393 4633 9393 4303 9393 4631 9394 4303 9394 4301 9394 4631 9395 4301 9395 4299 9395 5604 9396 3111 9396 5602 9396 5605 9397 5603 9397 3961 9397 5606 9398 3111 9398 5604 9398 5606 9399 3112 9399 3111 9399 3962 9400 5607 9400 5608 9400 3962 9401 5605 9401 3961 9401 3962 9402 5608 9402 5609 9402 3962 9403 5609 9403 5605 9403 4405 9404 4406 9404 2274 9404 4405 9405 2274 9405 2562 9405 4405 9406 2562 9406 2563 9406 4405 9407 2563 9407 2559 9407 4405 9408 2559 9408 2560 9408 4405 9409 2560 9409 2556 9409 4405 9410 2556 9410 2557 9410 4405 9411 2557 9411 2551 9411 4405 9412 2551 9412 2552 9412 4559 9413 4100 9413 4557 9413 4559 9414 4101 9414 4100 9414 4629 9415 4299 9415 4296 9415 4629 9416 4631 9416 4299 9416 4404 9417 4405 9417 2552 9417 4404 9418 2552 9418 2547 9418 4404 9419 2547 9419 2548 9419 4404 9420 2548 9420 2539 9420 4404 9421 2539 9421 2541 9421 4404 9422 2541 9422 2533 9422 4404 9423 2533 9423 2535 9423 4404 9424 2535 9424 2526 9424 4404 9425 2526 9425 2528 9425 3963 9426 5607 9426 3962 9426 3963 9427 5610 9427 5611 9427 3963 9428 5611 9428 5612 9428 3963 9429 5612 9429 5613 9429 3963 9430 5613 9430 5614 9430 3963 9431 5614 9431 5607 9431 5615 9432 3557 9432 3555 9432 5616 9433 3559 9433 3557 9433 5616 9434 3557 9434 5615 9434 5617 9435 5615 9435 3555 9435 5617 9436 3555 9436 3553 9436 5618 9437 3559 9437 5616 9437 5618 9438 3561 9438 3559 9438 5619 9439 5617 9439 3553 9439 5619 9440 3553 9440 3551 9440 5620 9441 3563 9441 3561 9441 5620 9442 3561 9442 5618 9442 5621 9443 5619 9443 3551 9443 5621 9444 3551 9444 3549 9444 5622 9445 3563 9445 5620 9445 5622 9446 3565 9446 3563 9446 5623 9447 5621 9447 3549 9447 5624 9448 3565 9448 5622 9448 5625 9449 5623 9449 3549 9449 5626 9450 3565 9450 5624 9450 5626 9451 3567 9451 3565 9451 5627 9452 5625 9452 3549 9452 5628 9453 3569 9453 3567 9453 5628 9454 3567 9454 5626 9454 5629 9455 3549 9455 3022 9455 5629 9456 5627 9456 3549 9456 5630 9457 3569 9457 5628 9457 5630 9458 3570 9458 3569 9458 5631 9459 5629 9459 3022 9459 5632 9460 2406 9460 3570 9460 5632 9461 3570 9461 5630 9461 4561 9462 4101 9462 4559 9462 4561 9463 4102 9463 4101 9463 5633 9464 5631 9464 3022 9464 5634 9465 2406 9465 5632 9465 5634 9466 2414 9466 2406 9466 5635 9467 5633 9467 3022 9467 3956 9468 4629 9468 4296 9468 3956 9469 4296 9469 4295 9469 3956 9470 4295 9470 4293 9470 4104 9471 3853 9471 3850 9471 4104 9472 3850 9472 3848 9472 5636 9473 2414 9473 5634 9473 5636 9474 2421 9474 2413 9474 5636 9475 2413 9475 2414 9475 5637 9476 5635 9476 3022 9476 5637 9477 3022 9477 3114 9477 5638 9478 2421 9478 5636 9478 5639 9479 5637 9479 3114 9479 5639 9480 3114 9480 3112 9480 5639 9481 3112 9481 5606 9481 5640 9482 2421 9482 5638 9482 5640 9483 2428 9483 2420 9483 5640 9484 2420 9484 2421 9484 5641 9485 5606 9485 5642 9485 5641 9486 5639 9486 5606 9486 5643 9487 2428 9487 5640 9487 5644 9488 5642 9488 5645 9488 5644 9489 5641 9489 5642 9489 5646 9490 2428 9490 5643 9490 5646 9491 2434 9491 2427 9491 5646 9492 2427 9492 2428 9492 5647 9493 5645 9493 5648 9493 5647 9494 5644 9494 5645 9494 5649 9495 2434 9495 5646 9495 5650 9496 5648 9496 5651 9496 5650 9497 5647 9497 5648 9497 4403 9498 4404 9498 2528 9498 4403 9499 2528 9499 2520 9499 4403 9500 2520 9500 2521 9500 4403 9501 2521 9501 2513 9501 4403 9502 2513 9502 2515 9502 4403 9503 2515 9503 2507 9503 4403 9504 2507 9504 2508 9504 4403 9505 2508 9505 2500 9505 5652 9506 2434 9506 5649 9506 5652 9507 2433 9507 2434 9507 5653 9508 5651 9508 5654 9508 5653 9509 5650 9509 5651 9509 5655 9510 2433 9510 5652 9510 5655 9511 2441 9511 2433 9511 5656 9512 5654 9512 5657 9512 5656 9513 5653 9513 5654 9513 5658 9514 2441 9514 5655 9514 5658 9515 2440 9515 2441 9515 5659 9516 5656 9516 5657 9516 5659 9517 5657 9517 5660 9517 5661 9518 2440 9518 5658 9518 5661 9519 2448 9519 2440 9519 4627 9520 3956 9520 3955 9520 4627 9521 4629 9521 3956 9521 5662 9522 5660 9522 5663 9522 5662 9523 5659 9523 5660 9523 3964 9524 5610 9524 3963 9524 3964 9525 5664 9525 5665 9525 3964 9526 5665 9526 5666 9526 3964 9527 5666 9527 5667 9527 3964 9528 5667 9528 5668 9528 3964 9529 5668 9529 5610 9529 5669 9530 2448 9530 5661 9530 5669 9531 2447 9531 2448 9531 5670 9532 5662 9532 5663 9532 5670 9533 5663 9533 5671 9533 5672 9534 2447 9534 5669 9534 5672 9535 2454 9535 2447 9535 5673 9536 5670 9536 5671 9536 5673 9537 5671 9537 5674 9537 5675 9538 2454 9538 5672 9538 5675 9539 2452 9539 2454 9539 5676 9540 5673 9540 5674 9540 5676 9541 5674 9541 5677 9541 5678 9542 2452 9542 5675 9542 5678 9543 2460 9543 2461 9543 5678 9544 2461 9544 2452 9544 5679 9545 5676 9545 5677 9545 5679 9546 5677 9546 5680 9546 5679 9547 5680 9547 5681 9547 5682 9548 2460 9548 5678 9548 5683 9549 5679 9549 5681 9549 5684 9550 5683 9550 5681 9550 5684 9551 5681 9551 5685 9551 4402 9552 2460 9552 5682 9552 4402 9553 5682 9553 5686 9553 4402 9554 5686 9554 5687 9554 4402 9555 4403 9555 2500 9555 4402 9556 2500 9556 2501 9556 4402 9557 2501 9557 2494 9557 4402 9558 2494 9558 2495 9558 4402 9559 2495 9559 2487 9559 4402 9560 2487 9560 2488 9560 4402 9561 2488 9561 2480 9561 4402 9562 2480 9562 2481 9562 4402 9563 2481 9563 2472 9563 4402 9564 2472 9564 2474 9564 4402 9565 2474 9565 2467 9565 4402 9566 2467 9566 2468 9566 4402 9567 2468 9567 2460 9567 5688 9568 5685 9568 5689 9568 5688 9569 5684 9569 5685 9569 4563 9570 4102 9570 4561 9570 4563 9571 4103 9571 4102 9571 5690 9572 4402 9572 5687 9572 5691 9573 5689 9573 5692 9573 5691 9574 5692 9574 5693 9574 5691 9575 5688 9575 5689 9575 5694 9576 4402 9576 5690 9576 5695 9577 5693 9577 5696 9577 5695 9578 5691 9578 5693 9578 5697 9579 4402 9579 5694 9579 5698 9580 5695 9580 5696 9580 5699 9581 5698 9581 5696 9581 5699 9582 5696 9582 5700 9582 5701 9583 5699 9583 5700 9583 5701 9584 5700 9584 5702 9584 3965 9585 5703 9585 5704 9585 3965 9586 5704 9586 5705 9586 3965 9587 5705 9587 5706 9587 3965 9588 5706 9588 5707 9588 3965 9589 5707 9589 5708 9589 3965 9590 5708 9590 5664 9590 3965 9591 5664 9591 3964 9591 4625 9592 4627 9592 3955 9592 4625 9593 3955 9593 3954 9593 4565 9594 3855 9594 3853 9594 4565 9595 3853 9595 4104 9595 4565 9596 4103 9596 4563 9596 4565 9597 4104 9597 4103 9597 3966 9598 5703 9598 3965 9598 3966 9599 5709 9599 5710 9599 3966 9600 5710 9600 5711 9600 3966 9601 5711 9601 5712 9601 3966 9602 5712 9602 5713 9602 3966 9603 5713 9603 5714 9603 3966 9604 5714 9604 5715 9604 3966 9605 5715 9605 5703 9605 4623 9606 3954 9606 3953 9606 4623 9607 4625 9607 3954 9607 3991 9608 4289 9608 4401 9608 3967 9609 5709 9609 3966 9609 3967 9610 5716 9610 5717 9610 3967 9611 5717 9611 5718 9611 3967 9612 5718 9612 5719 9612 3967 9613 5719 9613 5720 9613 3967 9614 5720 9614 5721 9614 3967 9615 5721 9615 5722 9615 3967 9616 5722 9616 5709 9616 4567 9617 3855 9617 4565 9617 4567 9618 3857 9618 3855 9618 4621 9619 3953 9619 3952 9619 4621 9620 4623 9620 3953 9620 3990 9621 3991 9621 4401 9621 3968 9622 5723 9622 5724 9622 3968 9623 5724 9623 5725 9623 3968 9624 5725 9624 5716 9624 3968 9625 5716 9625 3967 9625 3968 9626 5726 9626 5727 9626 3968 9627 5727 9627 5728 9627 3968 9628 5728 9628 5729 9628 3968 9629 5729 9629 5723 9629 4569 9630 3858 9630 3857 9630 4569 9631 3857 9631 4567 9631 3989 9632 4401 9632 4402 9632 3989 9633 3990 9633 4401 9633 3969 9634 5726 9634 3968 9634 3969 9635 5730 9635 5731 9635 3969 9636 5731 9636 5732 9636 3969 9637 5732 9637 5733 9637 3969 9638 5733 9638 5734 9638 3969 9639 5734 9639 5735 9639 3969 9640 5735 9640 5736 9640 3969 9641 5736 9641 5726 9641 4619 9642 3952 9642 3951 9642 4619 9643 4621 9643 3952 9643 3988 9644 3989 9644 4402 9644 4571 9645 3861 9645 3858 9645 4571 9646 3858 9646 4569 9646 3970 9647 5737 9647 5738 9647 3970 9648 5738 9648 5739 9648 3970 9649 5739 9649 5740 9649 3970 9650 5740 9650 5741 9650 3970 9651 5741 9651 5742 9651 3970 9652 5742 9652 5743 9652 3970 9653 5743 9653 5730 9653 3970 9654 5730 9654 3969 9654 4617 9655 3951 9655 3950 9655 4617 9656 4619 9656 3951 9656 3987 9657 4402 9657 5697 9657 3987 9658 5697 9658 5744 9658 3987 9659 5744 9659 5745 9659 3987 9660 3988 9660 4402 9660 3971 9661 5746 9661 5747 9661 3971 9662 5747 9662 5748 9662 3971 9663 5748 9663 5749 9663 3971 9664 5749 9664 5750 9664 3971 9665 5750 9665 5737 9665 3971 9666 5737 9666 3970 9666 4573 9667 3861 9667 4571 9667 4573 9668 3863 9668 3861 9668 3986 9669 5745 9669 5751 9669 3986 9670 5751 9670 5752 9670 3986 9671 5752 9671 5753 9671 3986 9672 5753 9672 5754 9672 3986 9673 3987 9673 5745 9673 3972 9674 5746 9674 3971 9674 3972 9675 5755 9675 5756 9675 3972 9676 5756 9676 5757 9676 3972 9677 5757 9677 5758 9677 3972 9678 5758 9678 5759 9678 3972 9679 5759 9679 5746 9679 4615 9680 3950 9680 3949 9680 4615 9681 4617 9681 3950 9681 3985 9682 5754 9682 5760 9682 3985 9683 3986 9683 5754 9683 3985 9684 5760 9684 5761 9684 3985 9685 5761 9685 5762 9685 3985 9686 5762 9686 5763 9686 3985 9687 5763 9687 5764 9687 3973 9688 5765 9688 5766 9688 3973 9689 5766 9689 5767 9689 3973 9690 5767 9690 5768 9690 3973 9691 5768 9691 5755 9691 3973 9692 5755 9692 3972 9692 4575 9693 3863 9693 4573 9693 4575 9694 3867 9694 3865 9694 4575 9695 3865 9695 3863 9695 3984 9696 5764 9696 5769 9696 3984 9697 5769 9697 5770 9697 3984 9698 5770 9698 5771 9698 3984 9699 5771 9699 5772 9699 3984 9700 5772 9700 5773 9700 3984 9701 3985 9701 5764 9701 3974 9702 5701 9702 5702 9702 3974 9703 5702 9703 5774 9703 3974 9704 5774 9704 5765 9704 3974 9705 5775 9705 5701 9705 3974 9706 5765 9706 3973 9706 4613 9707 3949 9707 3948 9707 4613 9708 4615 9708 3949 9708 3983 9709 5773 9709 5776 9709 3983 9710 5776 9710 5777 9710 3983 9711 5777 9711 5778 9711 3983 9712 5778 9712 5779 9712 3983 9713 5779 9713 5780 9713 3983 9714 5780 9714 5781 9714 3983 9715 3984 9715 5773 9715 3975 9716 5782 9716 5783 9716 3975 9717 5775 9717 3974 9717 3975 9718 5783 9718 5784 9718 3975 9719 5784 9719 5775 9719 4577 9720 3869 9720 3867 9720 4577 9721 3867 9721 4575 9721 3982 9722 3983 9722 5781 9722 3982 9723 5781 9723 5785 9723 3982 9724 5785 9724 5786 9724 3982 9725 5786 9725 5787 9725 3982 9726 5787 9726 5788 9726 3982 9727 5788 9727 5789 9727 3982 9728 5789 9728 5790 9728 3976 9729 5782 9729 3975 9729 3976 9730 5791 9730 5792 9730 3976 9731 5792 9731 5793 9731 3976 9732 5793 9732 5794 9732 3976 9733 5794 9733 5782 9733 3981 9734 5795 9734 5796 9734 3981 9735 5796 9735 5797 9735 3981 9736 5797 9736 5798 9736 3981 9737 5798 9737 5799 9737 3981 9738 5790 9738 5800 9738 3981 9739 5800 9739 5795 9739 3981 9740 3982 9740 5790 9740 3977 9741 5801 9741 5802 9741 3977 9742 5802 9742 5803 9742 3977 9743 5803 9743 5804 9743 3977 9744 5804 9744 5791 9744 3977 9745 5791 9745 3976 9745 3980 9746 5799 9746 5805 9746 3980 9747 5805 9747 5806 9747 3980 9748 5806 9748 5807 9748 3980 9749 5807 9749 5808 9749 3980 9750 5808 9750 5809 9750 3980 9751 5809 9751 5810 9751 3980 9752 5810 9752 5811 9752 3980 9753 3981 9753 5799 9753 3978 9754 5812 9754 5813 9754 3978 9755 5813 9755 5814 9755 3978 9756 5814 9756 5815 9756 3978 9757 5815 9757 5816 9757 3978 9758 5816 9758 5817 9758 3978 9759 5817 9759 5801 9759 3978 9760 5801 9760 3977 9760 4611 9761 3948 9761 3947 9761 4611 9762 3947 9762 3946 9762 4611 9763 4613 9763 3948 9763 3979 9764 3980 9764 5811 9764 3979 9765 5811 9765 5818 9765 3979 9766 5818 9766 5819 9766 3979 9767 5819 9767 5820 9767 3979 9768 5820 9768 5821 9768 3979 9769 5812 9769 3978 9769 3979 9770 5821 9770 5812 9770 4579 9771 3931 9771 3869 9771 4579 9772 3869 9772 4577 9772 4609 9773 3946 9773 3945 9773 4609 9774 4611 9774 3946 9774 4581 9775 3932 9775 3931 9775 4581 9776 3931 9776 4579 9776 4607 9777 3945 9777 3944 9777 4607 9778 4609 9778 3945 9778 4583 9779 3932 9779 4581 9779 4583 9780 3933 9780 3932 9780 4605 9781 3944 9781 3943 9781 4605 9782 4607 9782 3944 9782 4585 9783 3933 9783 4583 9783 4585 9784 3934 9784 3933 9784 4603 9785 4605 9785 3943 9785 4603 9786 3943 9786 3942 9786 4587 9787 3934 9787 4585 9787 4587 9788 3935 9788 3934 9788 4601 9789 3942 9789 3941 9789 4601 9790 4603 9790 3942 9790 4589 9791 3935 9791 4587 9791 4589 9792 3936 9792 3935 9792 4599 9793 4601 9793 3941 9793 4599 9794 3941 9794 3940 9794 4591 9795 3936 9795 4589 9795 4591 9796 3937 9796 3936 9796 4597 9797 4599 9797 3940 9797 4597 9798 3940 9798 3939 9798 4593 9799 3937 9799 4591 9799 4593 9800 3938 9800 3937 9800 4595 9801 4597 9801 3939 9801 4595 9802 3939 9802 3938 9802 4595 9803 3938 9803 4593 9803 3991 9804 3956 9804 4290 9804 4290 9805 3956 9805 4293 9805 3991 9806 4290 9806 4289 9806 4139 9807 4104 9807 3847 9807 3847 9808 4104 9808 3848 9808 4139 9809 3847 9809 3846 9809 4287 9810 4252 9810 3995 9810 3995 9811 4252 9811 3997 9811 4287 9812 3995 9812 3994 9812 4435 9813 4400 9813 4142 9813 4142 9814 4400 9814 4145 9814 4435 9815 4142 9815 4141 9815</p>
        </triangles>
      </mesh>
    </geometry>
  </library_geometries>
  <library_materials>
    <material id="mat_Part__Feature001" name="Part__Feature001">
      <instance_effect url="#effect_Part__Feature001"/>
    </material>
    <material id="mat_Part__Feature" name="Part__Feature">
      <instance_effect url="#effect_Part__Feature"/>
    </material>
  </library_materials>
  <library_visual_scenes>
    <visual_scene id="scene">
      <node id="node0" name="node0">
        <instance_geometry url="#geometry0">
          <bind_material>
            <technique_common>
              <instance_material symbol="ref_Part__Feature001" target="#mat_Part__Feature001"/>
            </technique_common>
          </bind_material>
        </instance_geometry>
      </node>
      <node id="node1" name="node1">
        <instance_geometry url="#geometry1">
          <bind_material>
            <technique_common>
              <instance_material symbol="ref_Part__Feature" target="#mat_Part__Feature"/>
            </technique_common>
          </bind_material>
        </instance_geometry>
      </node>
    </visual_scene>
  </library_visual_scenes>
  <scene>
    <instance_visual_scene url="#scene"/>
  </scene>
</COLLADA>
